{
    "confidence_score": 0.9368451237678528,
    "ptm": 0.9505296945571899,
    "iptm": 0.8648973703384399,
    "ligand_iptm": 0.8648973703384399,
    "protein_iptm": 0.0,
    "complex_plddt": 0.9548320174217224,
    "complex_iplddt": 0.9088097810745239,
    "complex_pde": 0.49225085973739624,
    "complex_ipde": 1.694297432899475,
    "chains_ptm": {
        "0": 0.955402672290802,
        "1": 0.9442740678787231
    },
    "pair_chains_iptm": {
        "0": {
            "0": 0.955402672290802,
            "1": 0.32612287998199463
        },
        "1": {
            "0": 0.8648973703384399,
            "1": 0.9442740678787231
        }
    }
}