{
    "confidence_score": 0.9431707262992859,
    "ptm": 0.9474276900291443,
    "iptm": 0.9499563574790955,
    "ligand_iptm": 0.9499563574790955,
    "protein_iptm": 0.0,
    "complex_plddt": 0.9414743781089783,
    "complex_iplddt": 0.8993477821350098,
    "complex_pde": 0.46507135033607483,
    "complex_ipde": 0.811160147190094,
    "chains_ptm": {
        "0": 0.947414755821228,
        "1": 0.9420170783996582
    },
    "pair_chains_iptm": {
        "0": {
            "0": 0.947414755821228,
            "1": 0.592075526714325
        },
        "1": {
            "0": 0.9499563574790955,
            "1": 0.9420170783996582
        }
    }
}