{
    "confidence_score": 0.9557133913040161,
    "ptm": 0.9650739431381226,
    "iptm": 0.9604552388191223,
    "ligand_iptm": 0.9604552388191223,
    "protein_iptm": 0.0,
    "complex_plddt": 0.9545279145240784,
    "complex_iplddt": 0.9133778810501099,
    "complex_pde": 0.3751170337200165,
    "complex_ipde": 0.6217146515846252,
    "chains_ptm": {
        "0": 0.9654284715652466,
        "1": 0.9558252096176147
    },
    "pair_chains_iptm": {
        "0": {
            "0": 0.9654284715652466,
            "1": 0.6273722052574158
        },
        "1": {
            "0": 0.9604552388191223,
            "1": 0.9558252096176147
        }
    }
}