seed,sample,ranking_score
1,0,0.7004623400443479
1,1,0.7152826038275734
1,2,0.7482487742316853
1,3,0.7091900931694711
1,4,0.7291906815111667
