{
    "confidence_score": 0.9402815699577332,
    "ptm": 0.94500732421875,
    "iptm": 0.9487808346748352,
    "ligand_iptm": 0.9487808346748352,
    "protein_iptm": 0.0,
    "complex_plddt": 0.9381567239761353,
    "complex_iplddt": 0.9024046659469604,
    "complex_pde": 0.4733072817325592,
    "complex_ipde": 0.8078382015228271,
    "chains_ptm": {
        "0": 0.9449114799499512,
        "1": 0.9458795189857483
    },
    "pair_chains_iptm": {
        "0": {
            "0": 0.9449114799499512,
            "1": 0.6085969805717468
        },
        "1": {
            "0": 0.9487808346748352,
            "1": 0.9458795189857483
        }
    }
}