{
    "confidence_score": 0.9317537546157837,
    "ptm": 0.9691550731658936,
    "iptm": 0.8673842549324036,
    "ligand_iptm": 0.8673842549324036,
    "protein_iptm": 0.0,
    "complex_plddt": 0.9478460550308228,
    "complex_iplddt": 0.9103015661239624,
    "complex_pde": 0.41274261474609375,
    "complex_ipde": 1.9396485090255737,
    "chains_ptm": {
        "0": 0.9730474352836609,
        "1": 0.9285954236984253
    },
    "pair_chains_iptm": {
        "0": {
            "0": 0.9730474352836609,
            "1": 0.34593674540519714
        },
        "1": {
            "0": 0.8673842549324036,
            "1": 0.9285954236984253
        }
    }
}