{
    "confidence_score": 0.9408106803894043,
    "ptm": 0.9607357978820801,
    "iptm": 0.9654335975646973,
    "ligand_iptm": 0.9654335975646973,
    "protein_iptm": 0.0,
    "complex_plddt": 0.934654951095581,
    "complex_iplddt": 0.8799697756767273,
    "complex_pde": 0.4010964035987854,
    "complex_ipde": 0.6551518440246582,
    "chains_ptm": {
        "0": 0.9604735970497131,
        "1": 0.9573232531547546
    },
    "pair_chains_iptm": {
        "0": {
            "0": 0.9604735970497131,
            "1": 0.7227951288223267
        },
        "1": {
            "0": 0.9654335975646973,
            "1": 0.9573232531547546
        }
    }
}