seed,sample,ranking_score
44,0,0.9633814219120072
44,1,0.9657148852377883
44,2,0.9419262352314264
44,3,0.950043332855179
44,4,0.9482359932626485
9,0,0.9438984117393144
9,1,0.9470785317784124
9,2,0.9480545764235697
9,3,0.9468250148354788
9,4,0.9443804918497228
80,0,0.933445410176553
80,1,0.9380052836434595
80,2,0.9315912297843248
80,3,0.9341413428884225
80,4,0.9309281262528843
