{
    "confidence_score": 0.9555205702781677,
    "ptm": 0.967544436454773,
    "iptm": 0.9826614260673523,
    "ligand_iptm": 0.9826614260673523,
    "protein_iptm": 0.0,
    "complex_plddt": 0.9487352967262268,
    "complex_iplddt": 0.9372460842132568,
    "complex_pde": 0.3521902561187744,
    "complex_ipde": 0.45613011717796326,
    "chains_ptm": {
        "0": 0.966846227645874,
        "1": 0.9486492276191711
    },
    "pair_chains_iptm": {
        "0": {
            "0": 0.966846227645874,
            "1": 0.6546249389648438
        },
        "1": {
            "0": 0.9826614260673523,
            "1": 0.9486492276191711
        }
    }
}