seed,sample,ranking_score
44,0,0.8015274286223847
44,1,0.8443331134923903
44,2,0.8173273698878658
44,3,0.8020036194781672
44,4,0.8358628431539069
9,0,0.8213465702640784
9,1,0.808773292279356
9,2,0.815644973516353
9,3,0.8141947319710735
9,4,0.8132477352449066
80,0,0.8155686994140682
80,1,0.7963849859256191
80,2,0.8099642731871286
80,3,0.8244656834863975
80,4,0.821672180798803
