seed,sample,ranking_score
1,0,0.7949282296263931
1,1,0.843502115368711
1,2,0.8046635230354108
1,3,0.8132039818458929
1,4,0.8034912023782335
