{
    "confidence_score": 0.9528447985649109,
    "ptm": 0.9538627862930298,
    "iptm": 0.940944492816925,
    "ligand_iptm": 0.940944492816925,
    "protein_iptm": 0.0,
    "complex_plddt": 0.9558199048042297,
    "complex_iplddt": 0.9088246822357178,
    "complex_pde": 0.42777419090270996,
    "complex_ipde": 0.8818297982215881,
    "chains_ptm": {
        "0": 0.9544358849525452,
        "1": 0.9538328051567078
    },
    "pair_chains_iptm": {
        "0": {
            "0": 0.9544358849525452,
            "1": 0.44992518424987793
        },
        "1": {
            "0": 0.940944492816925,
            "1": 0.9538328051567078
        }
    }
}