{
    "confidence_score": 0.9497379660606384,
    "ptm": 0.9442365169525146,
    "iptm": 0.9525859951972961,
    "ligand_iptm": 0.9525859951972961,
    "protein_iptm": 0.0,
    "complex_plddt": 0.9490259289741516,
    "complex_iplddt": 0.9399746656417847,
    "complex_pde": 0.47409749031066895,
    "complex_ipde": 0.8088153600692749,
    "chains_ptm": {
        "0": 0.9436107873916626,
        "1": 0.950036883354187
    },
    "pair_chains_iptm": {
        "0": {
            "0": 0.9436107873916626,
            "1": 0.649042010307312
        },
        "1": {
            "0": 0.9525859951972961,
            "1": 0.950036883354187
        }
    }
}