seed,sample,ranking_score
1,0,0.9442142015860961
1,1,0.941916474704148
1,2,0.9665977326270405
1,3,0.9460691675200026
1,4,0.9493066070809905
