{
    "confidence_score": 0.932778537273407,
    "ptm": 0.9683837890625,
    "iptm": 0.9668388962745667,
    "ligand_iptm": 0.9668388962745667,
    "protein_iptm": 0.0,
    "complex_plddt": 0.9242634177207947,
    "complex_iplddt": 0.8398659825325012,
    "complex_pde": 0.36429131031036377,
    "complex_ipde": 0.5756828188896179,
    "chains_ptm": {
        "0": 0.9685781598091125,
        "1": 0.9620504975318909
    },
    "pair_chains_iptm": {
        "0": {
            "0": 0.9685781598091125,
            "1": 0.7213466763496399
        },
        "1": {
            "0": 0.9668388962745667,
            "1": 0.9620504975318909
        }
    }
}