{
    "confidence_score": 0.956322968006134,
    "ptm": 0.9596664905548096,
    "iptm": 0.945038914680481,
    "ligand_iptm": 0.945038914680481,
    "protein_iptm": 0.0,
    "complex_plddt": 0.9591439962387085,
    "complex_iplddt": 0.9365792870521545,
    "complex_pde": 0.3977884352207184,
    "complex_ipde": 0.7946622967720032,
    "chains_ptm": {
        "0": 0.9604411721229553,
        "1": 0.9398436546325684
    },
    "pair_chains_iptm": {
        "0": {
            "0": 0.9604411721229553,
            "1": 0.5562338829040527
        },
        "1": {
            "0": 0.945038914680481,
            "1": 0.9398436546325684
        }
    }
}