{
    "confidence_score": 0.9517965316772461,
    "ptm": 0.9683130979537964,
    "iptm": 0.9298086166381836,
    "ligand_iptm": 0.9298086166381836,
    "protein_iptm": 0.0,
    "complex_plddt": 0.9572935104370117,
    "complex_iplddt": 0.9256371855735779,
    "complex_pde": 0.36920446157455444,
    "complex_ipde": 0.8646982312202454,
    "chains_ptm": {
        "0": 0.9701929688453674,
        "1": 0.9417542219161987
    },
    "pair_chains_iptm": {
        "0": {
            "0": 0.9701929688453674,
            "1": 0.46540385484695435
        },
        "1": {
            "0": 0.9298086166381836,
            "1": 0.9417542219161987
        }
    }
}