seed,sample,ranking_score
1,0,0.7517529237124246
1,1,0.7584652830055908
1,2,0.7478097339866133
1,3,0.744903426400413
1,4,0.7584206307083232
