{
    "confidence_score": 0.9324553608894348,
    "ptm": 0.95753014087677,
    "iptm": 0.9389175176620483,
    "ligand_iptm": 0.9389175176620483,
    "protein_iptm": 0.0,
    "complex_plddt": 0.9308397769927979,
    "complex_iplddt": 0.8788231611251831,
    "complex_pde": 0.4164106547832489,
    "complex_ipde": 0.8881195783615112,
    "chains_ptm": {
        "0": 0.9587318897247314,
        "1": 0.9541765451431274
    },
    "pair_chains_iptm": {
        "0": {
            "0": 0.9587318897247314,
            "1": 0.542883574962616
        },
        "1": {
            "0": 0.9389175176620483,
            "1": 0.9541765451431274
        }
    }
}