{
    "confidence_score": 0.9479417204856873,
    "ptm": 0.9684998989105225,
    "iptm": 0.941946804523468,
    "ligand_iptm": 0.941946804523468,
    "protein_iptm": 0.0,
    "complex_plddt": 0.9494404196739197,
    "complex_iplddt": 0.9114799499511719,
    "complex_pde": 0.37989845871925354,
    "complex_ipde": 0.8108826279640198,
    "chains_ptm": {
        "0": 0.9703238010406494,
        "1": 0.9297464489936829
    },
    "pair_chains_iptm": {
        "0": {
            "0": 0.9703238010406494,
            "1": 0.4934553802013397
        },
        "1": {
            "0": 0.941946804523468,
            "1": 0.9297464489936829
        }
    }
}