seed,sample,ranking_score
1,0,0.9638083220516145
1,1,0.9776704075887382
1,2,0.9736503970978897
1,3,0.9643388763440879
1,4,0.9584166381736161
