seed,sample,ranking_score
1,0,0.799814851200106
1,1,0.8067748256830727
1,2,0.8115484630161107
1,3,0.7959784046070681
1,4,0.8007692876274359
