seed,sample,ranking_score
44,0,0.9217978289569917
44,1,0.9246342004481292
44,2,0.90234089089728
44,3,0.9021321310286085
44,4,0.9130912132989479
9,0,0.8946977822281413
9,1,0.8628037344178477
9,2,0.8998785741504055
9,3,0.9011528865077656
9,4,0.8949524618906873
80,0,0.8950529853744573
80,1,0.9019958633052795
80,2,0.8990615445615678
80,3,0.9010766791220456
80,4,0.8978888099421295
