{
    "confidence_score": 0.9506745338439941,
    "ptm": 0.9424495697021484,
    "iptm": 0.9782405495643616,
    "ligand_iptm": 0.9782405495643616,
    "protein_iptm": 0.0,
    "complex_plddt": 0.9437830448150635,
    "complex_iplddt": 0.936172604560852,
    "complex_pde": 0.448534220457077,
    "complex_ipde": 0.569509744644165,
    "chains_ptm": {
        "0": 0.9406954646110535,
        "1": 0.9436189532279968
    },
    "pair_chains_iptm": {
        "0": {
            "0": 0.9406954646110535,
            "1": 0.6082733273506165
        },
        "1": {
            "0": 0.9782405495643616,
            "1": 0.9436189532279968
        }
    }
}