{
    "confidence_score": 0.9506309628486633,
    "ptm": 0.9666578769683838,
    "iptm": 0.9053211808204651,
    "ligand_iptm": 0.9053211808204651,
    "protein_iptm": 0.0,
    "complex_plddt": 0.9619583487510681,
    "complex_iplddt": 0.9219755530357361,
    "complex_pde": 0.3911684453487396,
    "complex_ipde": 1.2722597122192383,
    "chains_ptm": {
        "0": 0.9695636630058289,
        "1": 0.9608260989189148
    },
    "pair_chains_iptm": {
        "0": {
            "0": 0.9695636630058289,
            "1": 0.39894992113113403
        },
        "1": {
            "0": 0.9053211808204651,
            "1": 0.9608260989189148
        }
    }
}