{
    "confidence_score": 0.9378814697265625,
    "ptm": 0.964471161365509,
    "iptm": 0.9654483795166016,
    "ligand_iptm": 0.9654483795166016,
    "protein_iptm": 0.0,
    "complex_plddt": 0.930989682674408,
    "complex_iplddt": 0.8494076132774353,
    "complex_pde": 0.37325596809387207,
    "complex_ipde": 0.5745807886123657,
    "chains_ptm": {
        "0": 0.9645100235939026,
        "1": 0.9508793950080872
    },
    "pair_chains_iptm": {
        "0": {
            "0": 0.9645100235939026,
            "1": 0.6411486864089966
        },
        "1": {
            "0": 0.9654483795166016,
            "1": 0.9508793950080872
        }
    }
}