{
    "confidence_score": 0.9432740211486816,
    "ptm": 0.9553715586662292,
    "iptm": 0.9708551168441772,
    "ligand_iptm": 0.9708551168441772,
    "protein_iptm": 0.0,
    "complex_plddt": 0.9363787174224854,
    "complex_iplddt": 0.884783148765564,
    "complex_pde": 0.4017772972583771,
    "complex_ipde": 0.5957238078117371,
    "chains_ptm": {
        "0": 0.9542497992515564,
        "1": 0.9604765176773071
    },
    "pair_chains_iptm": {
        "0": {
            "0": 0.9542497992515564,
            "1": 0.6809391975402832
        },
        "1": {
            "0": 0.9708551168441772,
            "1": 0.9604765176773071
        }
    }
}