seed,sample,ranking_score
1,0,0.8104802024810511
1,1,0.8098187110968197
1,2,0.836715135598041
1,3,0.8167236266112697
1,4,0.8191262179399534
