{
    "confidence_score": 0.9591720700263977,
    "ptm": 0.9545718431472778,
    "iptm": 0.9662265777587891,
    "ligand_iptm": 0.9662265777587891,
    "protein_iptm": 0.0,
    "complex_plddt": 0.9574083685874939,
    "complex_iplddt": 0.942073404788971,
    "complex_pde": 0.4017336964607239,
    "complex_ipde": 0.6094746589660645,
    "chains_ptm": {
        "0": 0.9541078209877014,
        "1": 0.9694656133651733
    },
    "pair_chains_iptm": {
        "0": {
            "0": 0.9541078209877014,
            "1": 0.6694384217262268
        },
        "1": {
            "0": 0.9662265777587891,
            "1": 0.9694656133651733
        }
    }
}