{
    "confidence_score": 0.9588344693183899,
    "ptm": 0.9562758803367615,
    "iptm": 0.9822706580162048,
    "ligand_iptm": 0.9822706580162048,
    "protein_iptm": 0.0,
    "complex_plddt": 0.9529754519462585,
    "complex_iplddt": 0.9434546232223511,
    "complex_pde": 0.38409918546676636,
    "complex_ipde": 0.4576801359653473,
    "chains_ptm": {
        "0": 0.9545172452926636,
        "1": 0.9578622579574585
    },
    "pair_chains_iptm": {
        "0": {
            "0": 0.9545172452926636,
            "1": 0.7378208041191101
        },
        "1": {
            "0": 0.9822706580162048,
            "1": 0.9578622579574585
        }
    }
}