seed,sample,ranking_score
1,0,0.7479612127590176
1,1,0.785957700322765
1,2,0.8144998588303022
1,3,0.7597895363233955
1,4,0.795702371971696
