seed,sample,ranking_score
1,0,0.8242220329937967
1,1,0.8328019841486725
1,2,0.7992548693714153
1,3,0.8165053820543167
1,4,0.8225647047110167
