{
    "confidence_score": 0.9540322422981262,
    "ptm": 0.9540848135948181,
    "iptm": 0.9815465211868286,
    "ligand_iptm": 0.9815465211868286,
    "protein_iptm": 0.0,
    "complex_plddt": 0.9471536874771118,
    "complex_iplddt": 0.947524905204773,
    "complex_pde": 0.40316668152809143,
    "complex_ipde": 0.4729096591472626,
    "chains_ptm": {
        "0": 0.9522348642349243,
        "1": 0.9533308148384094
    },
    "pair_chains_iptm": {
        "0": {
            "0": 0.9522348642349243,
            "1": 0.7367021441459656
        },
        "1": {
            "0": 0.9815465211868286,
            "1": 0.9533308148384094
        }
    }
}