seed,sample,ranking_score
1,0,0.9046077520520932
1,1,0.9012255177797243
1,2,0.9274817685233379
1,3,0.9074653294340402
1,4,0.8638030975835982
