{
    "confidence_score": 0.9312291145324707,
    "ptm": 0.9567000269889832,
    "iptm": 0.87558513879776,
    "ligand_iptm": 0.87558513879776,
    "protein_iptm": 0.0,
    "complex_plddt": 0.9451401233673096,
    "complex_iplddt": 0.8756909370422363,
    "complex_pde": 0.4432535469532013,
    "complex_ipde": 1.386036992073059,
    "chains_ptm": {
        "0": 0.9606910943984985,
        "1": 0.9566815495491028
    },
    "pair_chains_iptm": {
        "0": {
            "0": 0.9606910943984985,
            "1": 0.43960562348365784
        },
        "1": {
            "0": 0.87558513879776,
            "1": 0.9566815495491028
        }
    }
}