{
    "confidence_score": 0.9541743397712708,
    "ptm": 0.9488065838813782,
    "iptm": 0.9538984894752502,
    "ligand_iptm": 0.9538984894752502,
    "protein_iptm": 0.0,
    "complex_plddt": 0.9542432427406311,
    "complex_iplddt": 0.9317748546600342,
    "complex_pde": 0.4494785666465759,
    "complex_ipde": 0.779654860496521,
    "chains_ptm": {
        "0": 0.9486598372459412,
        "1": 0.8763566613197327
    },
    "pair_chains_iptm": {
        "0": {
            "0": 0.9486598372459412,
            "1": 0.49392399191856384
        },
        "1": {
            "0": 0.9538984894752502,
            "1": 0.8763566613197327
        }
    }
}