{
    "confidence_score": 0.9481264352798462,
    "ptm": 0.9682759046554565,
    "iptm": 0.9553342461585999,
    "ligand_iptm": 0.9553342461585999,
    "protein_iptm": 0.0,
    "complex_plddt": 0.9463244080543518,
    "complex_iplddt": 0.9285081028938293,
    "complex_pde": 0.3730335831642151,
    "complex_ipde": 0.7248852849006653,
    "chains_ptm": {
        "0": 0.9695157408714294,
        "1": 0.9527866840362549
    },
    "pair_chains_iptm": {
        "0": {
            "0": 0.9695157408714294,
            "1": 0.6775671243667603
        },
        "1": {
            "0": 0.9553342461585999,
            "1": 0.9527866840362549
        }
    }
}