seed,sample,ranking_score
1,0,0.9388075251158875
1,1,0.9396649327330043
1,2,0.9615644637338198
1,3,0.940139664443447
1,4,0.9384723492785355
