seed,sample,ranking_score
1,0,0.7934507988793309
1,1,0.8006896565995867
1,2,0.8005737681300252
1,3,0.8697557594720965
1,4,0.7841897004052506
