{
    "confidence_score": 0.9598126411437988,
    "ptm": 0.9651049375534058,
    "iptm": 0.9905473589897156,
    "ligand_iptm": 0.9905473589897156,
    "protein_iptm": 0.0,
    "complex_plddt": 0.9521290063858032,
    "complex_iplddt": 0.948619544506073,
    "complex_pde": 0.3547767996788025,
    "complex_ipde": 0.3660242557525635,
    "chains_ptm": {
        "0": 0.9639994502067566,
        "1": 0.9909905791282654
    },
    "pair_chains_iptm": {
        "0": {
            "0": 0.9639994502067566,
            "1": 0.8231564164161682
        },
        "1": {
            "0": 0.9905473589897156,
            "1": 0.9909905791282654
        }
    }
}