{
    "confidence_score": 0.9216434359550476,
    "ptm": 0.9575164318084717,
    "iptm": 0.9546481370925903,
    "ligand_iptm": 0.9546481370925903,
    "protein_iptm": 0.0,
    "complex_plddt": 0.9133922457695007,
    "complex_iplddt": 0.785930871963501,
    "complex_pde": 0.41241663694381714,
    "complex_ipde": 0.7002308368682861,
    "chains_ptm": {
        "0": 0.9578621983528137,
        "1": 0.8988533616065979
    },
    "pair_chains_iptm": {
        "0": {
            "0": 0.9578621983528137,
            "1": 0.5062254667282104
        },
        "1": {
            "0": 0.9546481370925903,
            "1": 0.8988533616065979
        }
    }
}