{
    "confidence_score": 0.9552344679832458,
    "ptm": 0.965397834777832,
    "iptm": 0.9491660594940186,
    "ligand_iptm": 0.9491660594940186,
    "protein_iptm": 0.0,
    "complex_plddt": 0.9567515254020691,
    "complex_iplddt": 0.9291685223579407,
    "complex_pde": 0.3749818205833435,
    "complex_ipde": 0.6848918199539185,
    "chains_ptm": {
        "0": 0.9663259983062744,
        "1": 0.9235023856163025
    },
    "pair_chains_iptm": {
        "0": {
            "0": 0.9663259983062744,
            "1": 0.4948481619358063
        },
        "1": {
            "0": 0.9491660594940186,
            "1": 0.9235023856163025
        }
    }
}