{
    "confidence_score": 0.9466032385826111,
    "ptm": 0.9642515778541565,
    "iptm": 0.9288430213928223,
    "ligand_iptm": 0.9288430213928223,
    "protein_iptm": 0.0,
    "complex_plddt": 0.9510433077812195,
    "complex_iplddt": 0.9002999663352966,
    "complex_pde": 0.3867466151714325,
    "complex_ipde": 0.9701319336891174,
    "chains_ptm": {
        "0": 0.9659023880958557,
        "1": 0.9265949130058289
    },
    "pair_chains_iptm": {
        "0": {
            "0": 0.9659023880958557,
            "1": 0.4936741590499878
        },
        "1": {
            "0": 0.9288430213928223,
            "1": 0.9265949130058289
        }
    }
}