{
    "confidence_score": 0.923581600189209,
    "ptm": 0.9555884599685669,
    "iptm": 0.9300325512886047,
    "ligand_iptm": 0.9300325512886047,
    "protein_iptm": 0.0,
    "complex_plddt": 0.9219688177108765,
    "complex_iplddt": 0.8376373052597046,
    "complex_pde": 0.4473888874053955,
    "complex_ipde": 0.860425591468811,
    "chains_ptm": {
        "0": 0.9583204984664917,
        "1": 0.8689925670623779
    },
    "pair_chains_iptm": {
        "0": {
            "0": 0.9583204984664917,
            "1": 0.47407665848731995
        },
        "1": {
            "0": 0.9300325512886047,
            "1": 0.8689925670623779
        }
    }
}