{
    "confidence_score": 0.9618591666221619,
    "ptm": 0.9631519913673401,
    "iptm": 0.9570965766906738,
    "ligand_iptm": 0.9570965766906738,
    "protein_iptm": 0.0,
    "complex_plddt": 0.9630498290061951,
    "complex_iplddt": 0.918165385723114,
    "complex_pde": 0.37516921758651733,
    "complex_ipde": 0.6844956278800964,
    "chains_ptm": {
        "0": 0.9635868072509766,
        "1": 0.92862868309021
    },
    "pair_chains_iptm": {
        "0": {
            "0": 0.9635868072509766,
            "1": 0.6095789074897766
        },
        "1": {
            "0": 0.9570965766906738,
            "1": 0.92862868309021
        }
    }
}