seed,sample,ranking_score
1,0,0.8950781991180847
1,1,0.9037066634712193
1,2,0.9159856651878088
1,3,0.8707841766350538
1,4,0.8897471089799625
