seed,sample,ranking_score
1,0,0.9110090554496371
1,1,0.928892908505847
1,2,0.9366334024200477
1,3,0.9168466127323224
1,4,0.9193527877288145
