{
    "confidence_score": 0.9405341148376465,
    "ptm": 0.9421529173851013,
    "iptm": 0.9266878366470337,
    "ligand_iptm": 0.9266878366470337,
    "protein_iptm": 0.0,
    "complex_plddt": 0.9439957141876221,
    "complex_iplddt": 0.8977854251861572,
    "complex_pde": 0.4810645878314972,
    "complex_ipde": 0.9283344745635986,
    "chains_ptm": {
        "0": 0.9429974555969238,
        "1": 0.9417797327041626
    },
    "pair_chains_iptm": {
        "0": {
            "0": 0.9429974555969238,
            "1": 0.5345604419708252
        },
        "1": {
            "0": 0.9266878366470337,
            "1": 0.9417797327041626
        }
    }
}