seed,sample,ranking_score
1,0,0.7942228559324613
1,1,0.797849695882115
1,2,0.8337699733256659
1,3,0.8094841784925259
1,4,0.7726605931885091
