seed,sample,ranking_score
1,0,0.7836740382814623
1,1,0.7835173408265947
1,2,0.7767640541009379
1,3,0.7616752572969447
1,4,0.7756175606404766
