{
    "confidence_score": 0.951707661151886,
    "ptm": 0.9464718699455261,
    "iptm": 0.9545792937278748,
    "ligand_iptm": 0.9545792937278748,
    "protein_iptm": 0.0,
    "complex_plddt": 0.9509897828102112,
    "complex_iplddt": 0.9195681810379028,
    "complex_pde": 0.4624156653881073,
    "complex_ipde": 0.7665949463844299,
    "chains_ptm": {
        "0": 0.9461690783500671,
        "1": 0.9318480491638184
    },
    "pair_chains_iptm": {
        "0": {
            "0": 0.9461690783500671,
            "1": 0.6139252781867981
        },
        "1": {
            "0": 0.9545792937278748,
            "1": 0.9318480491638184
        }
    }
}