seed,sample,ranking_score
1,0,0.9317684050638333
1,1,0.9477715920606773
1,2,0.9567183678963592
1,3,0.9486316023591633
1,4,0.9481774285627779
