seed,sample,ranking_score
44,0,0.7782683518089029
44,1,0.866665808494252
44,2,0.8026916061102543
44,3,0.7666191977089256
44,4,0.8106363866572962
9,0,0.9335956307607959
9,1,0.9420725184813059
9,2,0.9408557365208328
9,3,0.9420442487091162
9,4,0.9394119633399054
80,0,0.8063024830924188
80,1,0.8392404651651654
80,2,0.7874666242689041
80,3,0.8314402789979527
80,4,0.8293047101015153
