{
    "confidence_score": 0.9386585354804993,
    "ptm": 0.9620034098625183,
    "iptm": 0.8866066932678223,
    "ligand_iptm": 0.8866066932678223,
    "protein_iptm": 0.0,
    "complex_plddt": 0.9516714215278625,
    "complex_iplddt": 0.9073110222816467,
    "complex_pde": 0.42228445410728455,
    "complex_ipde": 1.464463710784912,
    "chains_ptm": {
        "0": 0.9655640721321106,
        "1": 0.9596431851387024
    },
    "pair_chains_iptm": {
        "0": {
            "0": 0.9655640721321106,
            "1": 0.37903687357902527
        },
        "1": {
            "0": 0.8866066932678223,
            "1": 0.9596431851387024
        }
    }
}