{
    "confidence_score": 0.9463750123977661,
    "ptm": 0.9683494567871094,
    "iptm": 0.9775725603103638,
    "ligand_iptm": 0.9775725603103638,
    "protein_iptm": 0.0,
    "complex_plddt": 0.9385756254196167,
    "complex_iplddt": 0.9195744395256042,
    "complex_pde": 0.356977641582489,
    "complex_ipde": 0.48647281527519226,
    "chains_ptm": {
        "0": 0.9677809476852417,
        "1": 0.9412354826927185
    },
    "pair_chains_iptm": {
        "0": {
            "0": 0.9677809476852417,
            "1": 0.6898484230041504
        },
        "1": {
            "0": 0.9775725603103638,
            "1": 0.9412354826927185
        }
    }
}