seed,sample,ranking_score
1,0,0.7827895606240599
1,1,0.7941305001888386
1,2,0.8214610320205465
1,3,0.7800218152251256
1,4,0.7973591070851337
