{
    "confidence_score": 0.9145869612693787,
    "ptm": 0.9448549151420593,
    "iptm": 0.9361532330513,
    "ligand_iptm": 0.9361532330513,
    "protein_iptm": 0.0,
    "complex_plddt": 0.9091953039169312,
    "complex_iplddt": 0.7570514678955078,
    "complex_pde": 0.48156988620758057,
    "complex_ipde": 0.8362727761268616,
    "chains_ptm": {
        "0": 0.945762038230896,
        "1": 0.8521473407745361
    },
    "pair_chains_iptm": {
        "0": {
            "0": 0.945762038230896,
            "1": 0.5272074341773987
        },
        "1": {
            "0": 0.9361532330513,
            "1": 0.8521473407745361
        }
    }
}