{
    "confidence_score": 0.9407680630683899,
    "ptm": 0.9588707685470581,
    "iptm": 0.9155561327934265,
    "ligand_iptm": 0.9155561327934265,
    "protein_iptm": 0.0,
    "complex_plddt": 0.9470710158348083,
    "complex_iplddt": 0.8807111978530884,
    "complex_pde": 0.4123331904411316,
    "complex_ipde": 0.988178014755249,
    "chains_ptm": {
        "0": 0.962069034576416,
        "1": 0.9577292799949646
    },
    "pair_chains_iptm": {
        "0": {
            "0": 0.962069034576416,
            "1": 0.5166022777557373
        },
        "1": {
            "0": 0.9155561327934265,
            "1": 0.9577292799949646
        }
    }
}