seed,sample,ranking_score
1,0,0.8777171104673728
1,1,0.8556267468987244
1,2,0.8980773525976162
1,3,0.8791167984451428
1,4,0.8566079821398086
