seed,sample,ranking_score
1,0,0.8459285676103782
1,1,0.8639505972615057
1,2,0.8423937402286102
1,3,0.8551816518137104
1,4,0.8490895045662228
