{
    "confidence_score": 0.9344251751899719,
    "ptm": 0.959796667098999,
    "iptm": 0.9223620295524597,
    "ligand_iptm": 0.9223620295524597,
    "protein_iptm": 0.0,
    "complex_plddt": 0.9374409317970276,
    "complex_iplddt": 0.8760237693786621,
    "complex_pde": 0.4099820852279663,
    "complex_ipde": 0.9226422905921936,
    "chains_ptm": {
        "0": 0.9625004529953003,
        "1": 0.9578977227210999
    },
    "pair_chains_iptm": {
        "0": {
            "0": 0.9625004529953003,
            "1": 0.5227512717247009
        },
        "1": {
            "0": 0.9223620295524597,
            "1": 0.9578977227210999
        }
    }
}