seed,sample,ranking_score
44,0,0.7357437482087913
44,1,0.7384063375044821
44,2,0.693267030138448
44,3,0.7909729619485164
44,4,0.7313371079510755
9,0,0.7160005058955524
9,1,0.7032628520898061
9,2,0.7536981063635547
9,3,0.736915479558254
9,4,0.7109081530227912
80,0,0.7258487609830119
80,1,0.7588595038998611
80,2,0.7303427628423727
80,3,0.7210179319238657
80,4,0.7228835314875244
