{
    "confidence_score": 0.954349160194397,
    "ptm": 0.9519978761672974,
    "iptm": 0.9395255446434021,
    "ligand_iptm": 0.9395255446434021,
    "protein_iptm": 0.0,
    "complex_plddt": 0.9580550789833069,
    "complex_iplddt": 0.9259985685348511,
    "complex_pde": 0.44048261642456055,
    "complex_ipde": 1.050514578819275,
    "chains_ptm": {
        "0": 0.9525812268257141,
        "1": 0.9824374914169312
    },
    "pair_chains_iptm": {
        "0": {
            "0": 0.9525812268257141,
            "1": 0.5906273126602173
        },
        "1": {
            "0": 0.9395255446434021,
            "1": 0.9824374914169312
        }
    }
}