seed,sample,ranking_score
1,0,0.8099506477018942
1,1,0.8163667960611772
1,2,0.8541822758309351
1,3,0.84788198136689
1,4,0.8051847784568767
