{
    "confidence_score": 0.958807110786438,
    "ptm": 0.9528064727783203,
    "iptm": 0.959889829158783,
    "ligand_iptm": 0.959889829158783,
    "protein_iptm": 0.0,
    "complex_plddt": 0.9585363864898682,
    "complex_iplddt": 0.9385375380516052,
    "complex_pde": 0.4215530455112457,
    "complex_ipde": 0.7403706908226013,
    "chains_ptm": {
        "0": 0.9525725841522217,
        "1": 0.9376766085624695
    },
    "pair_chains_iptm": {
        "0": {
            "0": 0.9525725841522217,
            "1": 0.47448617219924927
        },
        "1": {
            "0": 0.959889829158783,
            "1": 0.9376766085624695
        }
    }
}