{
    "confidence_score": 0.9489063620567322,
    "ptm": 0.9627851843833923,
    "iptm": 0.9799584150314331,
    "ligand_iptm": 0.9799584150314331,
    "protein_iptm": 0.0,
    "complex_plddt": 0.941143274307251,
    "complex_iplddt": 0.9130595326423645,
    "complex_pde": 0.3651704788208008,
    "complex_ipde": 0.4910522401332855,
    "chains_ptm": {
        "0": 0.9614723324775696,
        "1": 0.9810924530029297
    },
    "pair_chains_iptm": {
        "0": {
            "0": 0.9614723324775696,
            "1": 0.7843464612960815
        },
        "1": {
            "0": 0.9799584150314331,
            "1": 0.9810924530029297
        }
    }
}