seed,sample,ranking_score
1,0,0.9121078484708417
1,1,0.9362784923894346
1,2,0.9319926955311196
1,3,0.9142948248733228
1,4,0.9161767381429247
