{
    "confidence_score": 0.9510782361030579,
    "ptm": 0.9415000677108765,
    "iptm": 0.9693352580070496,
    "ligand_iptm": 0.9693352580070496,
    "protein_iptm": 0.0,
    "complex_plddt": 0.9465140104293823,
    "complex_iplddt": 0.9083256721496582,
    "complex_pde": 0.46502774953842163,
    "complex_ipde": 0.6316592693328857,
    "chains_ptm": {
        "0": 0.940161406993866,
        "1": 0.9329776167869568
    },
    "pair_chains_iptm": {
        "0": {
            "0": 0.940161406993866,
            "1": 0.5458140969276428
        },
        "1": {
            "0": 0.9693352580070496,
            "1": 0.9329776167869568
        }
    }
}