{
    "confidence_score": 0.9475694894790649,
    "ptm": 0.9503053426742554,
    "iptm": 0.9598046541213989,
    "ligand_iptm": 0.9598046541213989,
    "protein_iptm": 0.0,
    "complex_plddt": 0.9445106983184814,
    "complex_iplddt": 0.9190231561660767,
    "complex_pde": 0.4542727768421173,
    "complex_ipde": 0.7081169486045837,
    "chains_ptm": {
        "0": 0.9497224688529968,
        "1": 0.9137814044952393
    },
    "pair_chains_iptm": {
        "0": {
            "0": 0.9497224688529968,
            "1": 0.578265905380249
        },
        "1": {
            "0": 0.9598046541213989,
            "1": 0.9137814044952393
        }
    }
}