seed,sample,ranking_score
1,0,0.812002038056709
1,1,0.8073920344176714
1,2,0.7953303342189088
1,3,0.8104801867310337
1,4,0.8186386335258539
