seed,sample,ranking_score
1,0,0.8661680953099232
1,1,0.885854585526376
1,2,0.8789478652173162
1,3,0.8660225533568606
1,4,0.8721559299370744
