{
    "confidence_score": 0.9344183206558228,
    "ptm": 0.9571572542190552,
    "iptm": 0.9546793699264526,
    "ligand_iptm": 0.9546793699264526,
    "protein_iptm": 0.0,
    "complex_plddt": 0.9293530583381653,
    "complex_iplddt": 0.8484412431716919,
    "complex_pde": 0.4138038158416748,
    "complex_ipde": 0.7103095650672913,
    "chains_ptm": {
        "0": 0.9576099514961243,
        "1": 0.934937059879303
    },
    "pair_chains_iptm": {
        "0": {
            "0": 0.9576099514961243,
            "1": 0.6537006497383118
        },
        "1": {
            "0": 0.9546793699264526,
            "1": 0.934937059879303
        }
    }
}