seed,sample,ranking_score
1,0,0.8957318184649402
1,1,0.8860871862003392
1,2,0.9171542208796658
1,3,0.8914189314918998
1,4,0.8923841876862444
