seed,sample,ranking_score
1,0,0.8649546084365345
1,1,0.840603994767046
1,2,0.8311711434632694
1,3,0.814055561462478
1,4,0.8217707249529832
