seed,sample,ranking_score
1,0,0.8781397607594009
1,1,0.8984032216834821
1,2,0.9054854115396921
1,3,0.881590365068155
1,4,0.8993825182483048
