{
    "confidence_score": 0.9469712376594543,
    "ptm": 0.9584953188896179,
    "iptm": 0.9707330465316772,
    "ligand_iptm": 0.9707330465316772,
    "protein_iptm": 0.0,
    "complex_plddt": 0.9410308003425598,
    "complex_iplddt": 0.9219192266464233,
    "complex_pde": 0.3915206789970398,
    "complex_ipde": 0.5418198704719543,
    "chains_ptm": {
        "0": 0.95759117603302,
        "1": 0.9414854049682617
    },
    "pair_chains_iptm": {
        "0": {
            "0": 0.95759117603302,
            "1": 0.7147203087806702
        },
        "1": {
            "0": 0.9707330465316772,
            "1": 0.9414854049682617
        }
    }
}