{
    "confidence_score": 0.937539279460907,
    "ptm": 0.9560064077377319,
    "iptm": 0.9056341648101807,
    "ligand_iptm": 0.9056341648101807,
    "protein_iptm": 0.0,
    "complex_plddt": 0.9455156326293945,
    "complex_iplddt": 0.9257439970970154,
    "complex_pde": 0.4356248378753662,
    "complex_ipde": 1.0697728395462036,
    "chains_ptm": {
        "0": 0.9593272805213928,
        "1": 0.9456701278686523
    },
    "pair_chains_iptm": {
        "0": {
            "0": 0.9593272805213928,
            "1": 0.45358535647392273
        },
        "1": {
            "0": 0.9056341648101807,
            "1": 0.9456701278686523
        }
    }
}