{
    "confidence_score": 0.9588096737861633,
    "ptm": 0.9611691236495972,
    "iptm": 0.9808238744735718,
    "ligand_iptm": 0.9808238744735718,
    "protein_iptm": 0.0,
    "complex_plddt": 0.9533060789108276,
    "complex_iplddt": 0.9433109760284424,
    "complex_pde": 0.3740277588367462,
    "complex_ipde": 0.4561053514480591,
    "chains_ptm": {
        "0": 0.9596108794212341,
        "1": 0.9675302505493164
    },
    "pair_chains_iptm": {
        "0": {
            "0": 0.9596108794212341,
            "1": 0.7411584854125977
        },
        "1": {
            "0": 0.9808238744735718,
            "1": 0.9675302505493164
        }
    }
}