seed,sample,ranking_score
1,0,0.8690381589321643
1,1,0.8668561408662137
1,2,0.8931935863362832
1,3,0.8638514096942564
1,4,0.8907033277779505
