{
    "confidence_score": 0.9404155015945435,
    "ptm": 0.9532821178436279,
    "iptm": 0.9428063631057739,
    "ligand_iptm": 0.9428063631057739,
    "protein_iptm": 0.0,
    "complex_plddt": 0.9398177862167358,
    "complex_iplddt": 0.9211751818656921,
    "complex_pde": 0.4294310212135315,
    "complex_ipde": 0.7670222520828247,
    "chains_ptm": {
        "0": 0.9544832110404968,
        "1": 0.8766529560089111
    },
    "pair_chains_iptm": {
        "0": {
            "0": 0.9544832110404968,
            "1": 0.519885778427124
        },
        "1": {
            "0": 0.9428063631057739,
            "1": 0.8766529560089111
        }
    }
}