seed,sample,ranking_score
44,0,0.8272384824728181
44,1,0.8559647182208446
44,2,0.789335755667923
44,3,0.8369992409775746
44,4,0.807368111897325
9,0,0.8087149433668492
9,1,0.8071655822305582
9,2,0.8287866546687275
9,3,0.8208635909001145
9,4,0.7760891479600124
80,0,0.7944423598171018
80,1,0.7967682495780208
80,2,0.7815531661384706
80,3,0.8047238207698197
80,4,0.7868626149191886
