seed,sample,ranking_score
1,0,0.950341847371121
1,1,0.968463709151007
1,2,0.9691516271053842
1,3,0.9529598183426803
1,4,0.9534133780887137
