{
    "confidence_score": 0.9398695230484009,
    "ptm": 0.960932195186615,
    "iptm": 0.9690301418304443,
    "ligand_iptm": 0.9690301418304443,
    "protein_iptm": 0.0,
    "complex_plddt": 0.9325793981552124,
    "complex_iplddt": 0.8655121922492981,
    "complex_pde": 0.3877023756504059,
    "complex_ipde": 0.5845651626586914,
    "chains_ptm": {
        "0": 0.960415244102478,
        "1": 0.9189429879188538
    },
    "pair_chains_iptm": {
        "0": {
            "0": 0.960415244102478,
            "1": 0.6360772848129272
        },
        "1": {
            "0": 0.9690301418304443,
            "1": 0.9189429879188538
        }
    }
}