seed,sample,ranking_score
1,0,0.7009191841463622
1,1,0.7228364255712594
1,2,0.7497766008596366
1,3,0.709861898583444
1,4,0.7277454683002514
