seed,sample,ranking_score
1,0,0.8781360056435331
1,1,0.9022664215964779
1,2,0.8949675024597259
1,3,0.890709016130588
1,4,0.8905621232895712
