{
    "confidence_score": 0.9347347617149353,
    "ptm": 0.9512020945549011,
    "iptm": 0.8682612776756287,
    "ligand_iptm": 0.8682612776756287,
    "protein_iptm": 0.0,
    "complex_plddt": 0.9513530731201172,
    "complex_iplddt": 0.9042357802391052,
    "complex_pde": 0.49000346660614014,
    "complex_ipde": 1.693981409072876,
    "chains_ptm": {
        "0": 0.9552745819091797,
        "1": 0.9595123529434204
    },
    "pair_chains_iptm": {
        "0": {
            "0": 0.9552745819091797,
            "1": 0.3468249440193176
        },
        "1": {
            "0": 0.8682612776756287,
            "1": 0.9595123529434204
        }
    }
}