{
    "confidence_score": 0.94121915102005,
    "ptm": 0.947883129119873,
    "iptm": 0.9525902271270752,
    "ligand_iptm": 0.9525902271270752,
    "protein_iptm": 0.0,
    "complex_plddt": 0.9383763074874878,
    "complex_iplddt": 0.8927674889564514,
    "complex_pde": 0.4307660758495331,
    "complex_ipde": 0.7259896397590637,
    "chains_ptm": {
        "0": 0.947762668132782,
        "1": 0.9522272348403931
    },
    "pair_chains_iptm": {
        "0": {
            "0": 0.947762668132782,
            "1": 0.5767906904220581
        },
        "1": {
            "0": 0.9525902271270752,
            "1": 0.9522272348403931
        }
    }
}