seed,sample,ranking_score
1,0,0.7840993139967068
1,1,0.7998166702183339
1,2,0.8331067600461471
1,3,0.812047298985937
1,4,0.791000751426527
