{
    "confidence_score": 0.9632498621940613,
    "ptm": 0.9626724123954773,
    "iptm": 0.9880399703979492,
    "ligand_iptm": 0.9880399703979492,
    "protein_iptm": 0.0,
    "complex_plddt": 0.9570523500442505,
    "complex_iplddt": 0.9556400775909424,
    "complex_pde": 0.3513678312301636,
    "complex_ipde": 0.41250908374786377,
    "chains_ptm": {
        "0": 0.9617413878440857,
        "1": 0.9769183397293091
    },
    "pair_chains_iptm": {
        "0": {
            "0": 0.9617413878440857,
            "1": 0.7961785197257996
        },
        "1": {
            "0": 0.9880399703979492,
            "1": 0.9769183397293091
        }
    }
}