{
    "confidence_score": 0.9556390643119812,
    "ptm": 0.9571484923362732,
    "iptm": 0.9489156603813171,
    "ligand_iptm": 0.9489156603813171,
    "protein_iptm": 0.0,
    "complex_plddt": 0.957319974899292,
    "complex_iplddt": 0.9335193634033203,
    "complex_pde": 0.4039260447025299,
    "complex_ipde": 0.8749587535858154,
    "chains_ptm": {
        "0": 0.9574840068817139,
        "1": 0.9692556858062744
    },
    "pair_chains_iptm": {
        "0": {
            "0": 0.9574840068817139,
            "1": 0.4818779230117798
        },
        "1": {
            "0": 0.9489156603813171,
            "1": 0.9692556858062744
        }
    }
}