{
    "confidence_score": 0.9570382237434387,
    "ptm": 0.9622263312339783,
    "iptm": 0.9795309901237488,
    "ligand_iptm": 0.9795309901237488,
    "protein_iptm": 0.0,
    "complex_plddt": 0.9514150619506836,
    "complex_iplddt": 0.9393913745880127,
    "complex_pde": 0.3696795701980591,
    "complex_ipde": 0.47097668051719666,
    "chains_ptm": {
        "0": 0.9608789682388306,
        "1": 0.9657019972801208
    },
    "pair_chains_iptm": {
        "0": {
            "0": 0.9608789682388306,
            "1": 0.732266902923584
        },
        "1": {
            "0": 0.9795309901237488,
            "1": 0.9657019972801208
        }
    }
}