{
    "confidence_score": 0.9353631138801575,
    "ptm": 0.9503294229507446,
    "iptm": 0.9321643114089966,
    "ligand_iptm": 0.9321643114089966,
    "protein_iptm": 0.0,
    "complex_plddt": 0.9361627697944641,
    "complex_iplddt": 0.8737531900405884,
    "complex_pde": 0.4559406638145447,
    "complex_ipde": 0.9043221473693848,
    "chains_ptm": {
        "0": 0.9520655274391174,
        "1": 0.8888905048370361
    },
    "pair_chains_iptm": {
        "0": {
            "0": 0.9520655274391174,
            "1": 0.5042913556098938
        },
        "1": {
            "0": 0.9321643114089966,
            "1": 0.8888905048370361
        }
    }
}