seed,sample,ranking_score
1,0,0.8810733666356212
1,1,0.8895850601879304
1,2,0.8932952095509609
1,3,0.8799407204578611
1,4,0.8766041047934194
