{
    "confidence_score": 0.9367319345474243,
    "ptm": 0.9732975363731384,
    "iptm": 0.8767488598823547,
    "ligand_iptm": 0.8767488598823547,
    "protein_iptm": 0.0,
    "complex_plddt": 0.9517276287078857,
    "complex_iplddt": 0.8864134550094604,
    "complex_pde": 0.38597139716148376,
    "complex_ipde": 1.677147626876831,
    "chains_ptm": {
        "0": 0.9773011803627014,
        "1": 0.9820847511291504
    },
    "pair_chains_iptm": {
        "0": {
            "0": 0.9773011803627014,
            "1": 0.4791337251663208
        },
        "1": {
            "0": 0.8767488598823547,
            "1": 0.9820847511291504
        }
    }
}