seed,sample,ranking_score
1,0,0.7827622883417056
1,1,0.7928468322078909
1,2,0.8218474372822657
1,3,0.7791473553525196
1,4,0.7994894472724196
