{
    "confidence_score": 0.9531731605529785,
    "ptm": 0.9623405337333679,
    "iptm": 0.9441729784011841,
    "ligand_iptm": 0.9441729784011841,
    "protein_iptm": 0.0,
    "complex_plddt": 0.9554232358932495,
    "complex_iplddt": 0.9313459992408752,
    "complex_pde": 0.39050427079200745,
    "complex_ipde": 0.81428462266922,
    "chains_ptm": {
        "0": 0.9632876515388489,
        "1": 0.9376482963562012
    },
    "pair_chains_iptm": {
        "0": {
            "0": 0.9632876515388489,
            "1": 0.484465092420578
        },
        "1": {
            "0": 0.9441729784011841,
            "1": 0.9376482963562012
        }
    }
}