{
    "confidence_score": 0.9570614695549011,
    "ptm": 0.9535945057868958,
    "iptm": 0.986176073551178,
    "ligand_iptm": 0.986176073551178,
    "protein_iptm": 0.0,
    "complex_plddt": 0.9497828483581543,
    "complex_iplddt": 0.9506317377090454,
    "complex_pde": 0.4035412073135376,
    "complex_ipde": 0.47139549255371094,
    "chains_ptm": {
        "0": 0.9523895382881165,
        "1": 0.9757043719291687
    },
    "pair_chains_iptm": {
        "0": {
            "0": 0.9523895382881165,
            "1": 0.7826331257820129
        },
        "1": {
            "0": 0.986176073551178,
            "1": 0.9757043719291687
        }
    }
}