{
    "confidence_score": 0.9313610196113586,
    "ptm": 0.9631779789924622,
    "iptm": 0.8733033537864685,
    "ligand_iptm": 0.8733033537864685,
    "protein_iptm": 0.0,
    "complex_plddt": 0.9458754062652588,
    "complex_iplddt": 0.8384836912155151,
    "complex_pde": 0.41549554467201233,
    "complex_ipde": 1.3545182943344116,
    "chains_ptm": {
        "0": 0.967809796333313,
        "1": 0.9603012800216675
    },
    "pair_chains_iptm": {
        "0": {
            "0": 0.967809796333313,
            "1": 0.44586050510406494
        },
        "1": {
            "0": 0.8733033537864685,
            "1": 0.9603012800216675
        }
    }
}