seed,sample,ranking_score
1,0,0.8112049953641471
1,1,0.8225661944890114
1,2,0.7770642680209611
1,3,0.8033055449556306
1,4,0.8108774272665574
