seed,sample,ranking_score
1,0,0.8556873785763655
1,1,0.8485923689284979
1,2,0.8735788426642734
1,3,0.8529358522289573
1,4,0.8472687587287097
