{
    "confidence_score": 0.9656238555908203,
    "ptm": 0.9637352824211121,
    "iptm": 0.9829931259155273,
    "ligand_iptm": 0.9829931259155273,
    "protein_iptm": 0.0,
    "complex_plddt": 0.9612815976142883,
    "complex_iplddt": 0.9459038376808167,
    "complex_pde": 0.35543927550315857,
    "complex_ipde": 0.476031631231308,
    "chains_ptm": {
        "0": 0.9630616307258606,
        "1": 0.9793599247932434
    },
    "pair_chains_iptm": {
        "0": {
            "0": 0.9630616307258606,
            "1": 0.7510629892349243
        },
        "1": {
            "0": 0.9829931259155273,
            "1": 0.9793599247932434
        }
    }
}