seed,sample,ranking_score
1,0,0.7998183778909291
1,1,0.8143044767103178
1,2,0.8220429892223654
1,3,0.7968958149412158
1,4,0.8134593670111896
