seed,sample,ranking_score
1,0,0.8419403067908562
1,1,0.8604550977849635
1,2,0.8631779890571702
1,3,0.8574546925521251
1,4,0.8556410578132273
