{
    "confidence_score": 0.9435026049613953,
    "ptm": 0.9505561590194702,
    "iptm": 0.9310462474822998,
    "ligand_iptm": 0.9310462474822998,
    "protein_iptm": 0.0,
    "complex_plddt": 0.9466166496276855,
    "complex_iplddt": 0.8877663612365723,
    "complex_pde": 0.458664208650589,
    "complex_ipde": 0.8927445411682129,
    "chains_ptm": {
        "0": 0.952795684337616,
        "1": 0.901751697063446
    },
    "pair_chains_iptm": {
        "0": {
            "0": 0.952795684337616,
            "1": 0.519165575504303
        },
        "1": {
            "0": 0.9310462474822998,
            "1": 0.901751697063446
        }
    }
}