seed,sample,ranking_score
44,0,0.9317932214915573
44,1,0.9305625512182564
44,2,0.9090144986102009
44,3,0.9265876459367779
44,4,0.9250793373639339
9,0,0.9048708778266205
9,1,0.9065644344413628
9,2,0.9160550209285327
9,3,0.9131034392915193
9,4,0.9090677168904182
80,0,0.9096746332792791
80,1,0.8950313779576127
80,2,0.9024163641250507
80,3,0.9139710414822731
80,4,0.9118519007437801
