seed,sample,ranking_score
1,0,0.85323292429977
1,1,0.8737903022910682
1,2,0.8601086082582368
1,3,0.8562782117329804
1,4,0.8579304718276625
