seed,sample,ranking_score
1,0,0.9143677884459466
1,1,0.9365965922309226
1,2,0.9330022166004363
1,3,0.9166672992767391
1,4,0.9166469751094167
