{
    "confidence_score": 0.9482542276382446,
    "ptm": 0.9567052721977234,
    "iptm": 0.965067982673645,
    "ligand_iptm": 0.965067982673645,
    "protein_iptm": 0.0,
    "complex_plddt": 0.9440507888793945,
    "complex_iplddt": 0.9158644080162048,
    "complex_pde": 0.4059496819972992,
    "complex_ipde": 0.6329038143157959,
    "chains_ptm": {
        "0": 0.9562798738479614,
        "1": 0.9119473695755005
    },
    "pair_chains_iptm": {
        "0": {
            "0": 0.9562798738479614,
            "1": 0.5390888452529907
        },
        "1": {
            "0": 0.965067982673645,
            "1": 0.9119473695755005
        }
    }
}