{
    "confidence_score": 0.936677098274231,
    "ptm": 0.952994167804718,
    "iptm": 0.954093873500824,
    "ligand_iptm": 0.954093873500824,
    "protein_iptm": 0.0,
    "complex_plddt": 0.9323229193687439,
    "complex_iplddt": 0.8796212673187256,
    "complex_pde": 0.4316367506980896,
    "complex_ipde": 0.7383927702903748,
    "chains_ptm": {
        "0": 0.9529798030853271,
        "1": 0.9024889469146729
    },
    "pair_chains_iptm": {
        "0": {
            "0": 0.9529798030853271,
            "1": 0.5805342197418213
        },
        "1": {
            "0": 0.954093873500824,
            "1": 0.9024889469146729
        }
    }
}