seed,sample,ranking_score
1,0,0.7389729402332526
1,1,0.7482048357319047
1,2,0.7195420113162465
1,3,0.7097152601420974
1,4,0.7685778314161784
