{
    "confidence_score": 0.9472569823265076,
    "ptm": 0.9604840874671936,
    "iptm": 0.9644089937210083,
    "ligand_iptm": 0.9644089937210083,
    "protein_iptm": 0.0,
    "complex_plddt": 0.9429689645767212,
    "complex_iplddt": 0.9085518717765808,
    "complex_pde": 0.39286601543426514,
    "complex_ipde": 0.6117286086082458,
    "chains_ptm": {
        "0": 0.9603121280670166,
        "1": 0.9492640495300293
    },
    "pair_chains_iptm": {
        "0": {
            "0": 0.9603121280670166,
            "1": 0.6519286632537842
        },
        "1": {
            "0": 0.9644089937210083,
            "1": 0.9492640495300293
        }
    }
}