{
    "confidence_score": 0.9619176983833313,
    "ptm": 0.9534205794334412,
    "iptm": 0.9613296389579773,
    "ligand_iptm": 0.9613296389579773,
    "protein_iptm": 0.0,
    "complex_plddt": 0.9620646834373474,
    "complex_iplddt": 0.9539176225662231,
    "complex_pde": 0.4263232946395874,
    "complex_ipde": 0.6885779500007629,
    "chains_ptm": {
        "0": 0.9529693722724915,
        "1": 0.9618328809738159
    },
    "pair_chains_iptm": {
        "0": {
            "0": 0.9529693722724915,
            "1": 0.632797360420227
        },
        "1": {
            "0": 0.9613296389579773,
            "1": 0.9618328809738159
        }
    }
}