{
    "confidence_score": 0.9574999809265137,
    "ptm": 0.9595240354537964,
    "iptm": 0.9878438115119934,
    "ligand_iptm": 0.9878438115119934,
    "protein_iptm": 0.0,
    "complex_plddt": 0.9499140381813049,
    "complex_iplddt": 0.9467437267303467,
    "complex_pde": 0.3782636523246765,
    "complex_ipde": 0.41838085651397705,
    "chains_ptm": {
        "0": 0.9584687948226929,
        "1": 0.9873549938201904
    },
    "pair_chains_iptm": {
        "0": {
            "0": 0.9584687948226929,
            "1": 0.7948871850967407
        },
        "1": {
            "0": 0.9878438115119934,
            "1": 0.9873549938201904
        }
    }
}