seed,sample,ranking_score
1,0,0.8077677044159697
1,1,0.8275734227244457
1,2,0.8332650682962728
1,3,0.8137101323236653
1,4,0.8117298485795058
