{
    "confidence_score": 0.9276742935180664,
    "ptm": 0.9408529996871948,
    "iptm": 0.9471457004547119,
    "ligand_iptm": 0.9471457004547119,
    "protein_iptm": 0.0,
    "complex_plddt": 0.9228065013885498,
    "complex_iplddt": 0.8175320625305176,
    "complex_pde": 0.48349785804748535,
    "complex_ipde": 0.8426834940910339,
    "chains_ptm": {
        "0": 0.9407179951667786,
        "1": 0.8886808753013611
    },
    "pair_chains_iptm": {
        "0": {
            "0": 0.9407179951667786,
            "1": 0.469133198261261
        },
        "1": {
            "0": 0.9471457004547119,
            "1": 0.8886808753013611
        }
    }
}