{
    "confidence_score": 0.9607669711112976,
    "ptm": 0.943764865398407,
    "iptm": 0.965063214302063,
    "ligand_iptm": 0.965063214302063,
    "protein_iptm": 0.0,
    "complex_plddt": 0.9596929550170898,
    "complex_iplddt": 0.9270626902580261,
    "complex_pde": 0.45176517963409424,
    "complex_ipde": 0.7136485576629639,
    "chains_ptm": {
        "0": 0.9430378675460815,
        "1": 0.9791814088821411
    },
    "pair_chains_iptm": {
        "0": {
            "0": 0.9430378675460815,
            "1": 0.6492546796798706
        },
        "1": {
            "0": 0.965063214302063,
            "1": 0.9791814088821411
        }
    }
}