{
    "confidence_score": 0.9448405504226685,
    "ptm": 0.9653025269508362,
    "iptm": 0.9708823561668396,
    "ligand_iptm": 0.9708823561668396,
    "protein_iptm": 0.0,
    "complex_plddt": 0.9383301138877869,
    "complex_iplddt": 0.9153533577919006,
    "complex_pde": 0.3751116394996643,
    "complex_ipde": 0.5632617473602295,
    "chains_ptm": {
        "0": 0.9647812843322754,
        "1": 0.9499833583831787
    },
    "pair_chains_iptm": {
        "0": {
            "0": 0.9647812843322754,
            "1": 0.747744083404541
        },
        "1": {
            "0": 0.9708823561668396,
            "1": 0.9499833583831787
        }
    }
}