{
    "confidence_score": 0.9540343284606934,
    "ptm": 0.951163113117218,
    "iptm": 0.9148803949356079,
    "ligand_iptm": 0.9148803949356079,
    "protein_iptm": 0.0,
    "complex_plddt": 0.9638228416442871,
    "complex_iplddt": 0.9360822439193726,
    "complex_pde": 0.45819389820098877,
    "complex_ipde": 1.119626760482788,
    "chains_ptm": {
        "0": 0.9530546069145203,
        "1": 0.9310615062713623
    },
    "pair_chains_iptm": {
        "0": {
            "0": 0.9530546069145203,
            "1": 0.44257819652557373
        },
        "1": {
            "0": 0.9148803949356079,
            "1": 0.9310615062713623
        }
    }
}