{
    "confidence_score": 0.9576441049575806,
    "ptm": 0.9471554160118103,
    "iptm": 0.970451831817627,
    "ligand_iptm": 0.970451831817627,
    "protein_iptm": 0.0,
    "complex_plddt": 0.9544422030448914,
    "complex_iplddt": 0.935820460319519,
    "complex_pde": 0.4387446343898773,
    "complex_ipde": 0.6104293465614319,
    "chains_ptm": {
        "0": 0.9460280537605286,
        "1": 0.9796811938285828
    },
    "pair_chains_iptm": {
        "0": {
            "0": 0.9460280537605286,
            "1": 0.6878846287727356
        },
        "1": {
            "0": 0.970451831817627,
            "1": 0.9796811938285828
        }
    }
}