seed,sample,ranking_score
1,0,0.7213084548889281
1,1,0.7485971058819911
1,2,0.753581202527842
1,3,0.7927246889870189
1,4,0.7048152042808764
