seed,sample,ranking_score
1,0,0.8076955452825838
1,1,0.8346334075089569
1,2,0.8055802982403955
1,3,0.8070557507303908
1,4,0.809428111677733
