seed,sample,ranking_score
44,0,0.8544114848963053
44,1,0.8601779709484466
44,2,0.7903088049370548
44,3,0.8049895578088414
44,4,0.8423127103875676
9,0,0.8261734746952503
9,1,0.777610610530356
9,2,0.831051548411823
9,3,0.8271739239359607
9,4,0.8280828028274428
80,0,0.8281558820130943
80,1,0.8322990688711042
80,2,0.8296596756990139
80,3,0.8269470342434324
80,4,0.8277155197515823
