seed,sample,ranking_score
44,0,0.9609901818103381
44,1,0.9619205882508176
44,2,0.9529600739896887
44,3,0.9603133706118303
44,4,0.9506821453415637
9,0,0.9387690988468397
9,1,0.949777654264761
9,2,0.9543816293766846
9,3,0.9497277554760161
9,4,0.9532646459697984
80,0,0.9499851161502217
80,1,0.9504834708169391
80,2,0.9364664555218629
80,3,0.945554556678665
80,4,0.93972114895551
