seed,sample,ranking_score
1,0,0.9445615709047536
1,1,0.9662268597871854
1,2,0.967373959131206
1,3,0.946292434418719
1,4,0.9495023060425594
