{
    "confidence_score": 0.9334113001823425,
    "ptm": 0.9554961919784546,
    "iptm": 0.9607701301574707,
    "ligand_iptm": 0.9607701301574707,
    "protein_iptm": 0.0,
    "complex_plddt": 0.9265716075897217,
    "complex_iplddt": 0.8480928540229797,
    "complex_pde": 0.41300031542778015,
    "complex_ipde": 0.6473530530929565,
    "chains_ptm": {
        "0": 0.9551954865455627,
        "1": 0.9109294414520264
    },
    "pair_chains_iptm": {
        "0": {
            "0": 0.9551954865455627,
            "1": 0.537296712398529
        },
        "1": {
            "0": 0.9607701301574707,
            "1": 0.9109294414520264
        }
    }
}