seed,sample,ranking_score
1,0,0.9645209350322007
1,1,0.9651921355613436
1,2,0.988053179958849
1,3,0.9678387873034738
1,4,0.9715818198003278
