{
    "confidence_score": 0.9459120035171509,
    "ptm": 0.9612342119216919,
    "iptm": 0.9321313500404358,
    "ligand_iptm": 0.9321313500404358,
    "protein_iptm": 0.0,
    "complex_plddt": 0.9493571519851685,
    "complex_iplddt": 0.9031168818473816,
    "complex_pde": 0.4022022783756256,
    "complex_ipde": 0.90118008852005,
    "chains_ptm": {
        "0": 0.9627359509468079,
        "1": 0.9688300490379333
    },
    "pair_chains_iptm": {
        "0": {
            "0": 0.9627359509468079,
            "1": 0.5728696584701538
        },
        "1": {
            "0": 0.9321313500404358,
            "1": 0.9688300490379333
        }
    }
}