seed,sample,ranking_score
1,0,0.7251084364329157
1,1,0.7369742262171073
1,2,0.7599650177103893
1,3,0.7534132604913469
1,4,0.7291319515182292
