{
    "confidence_score": 0.953034520149231,
    "ptm": 0.9470951557159424,
    "iptm": 0.9713141918182373,
    "ligand_iptm": 0.9713141918182373,
    "protein_iptm": 0.0,
    "complex_plddt": 0.948464572429657,
    "complex_iplddt": 0.9375847578048706,
    "complex_pde": 0.44007644057273865,
    "complex_ipde": 0.6202952861785889,
    "chains_ptm": {
        "0": 0.9455520510673523,
        "1": 0.9274882078170776
    },
    "pair_chains_iptm": {
        "0": {
            "0": 0.9455520510673523,
            "1": 0.6109402179718018
        },
        "1": {
            "0": 0.9713141918182373,
            "1": 0.9274882078170776
        }
    }
}