seed,sample,ranking_score
44,0,0.6705772082844381
44,1,0.6272749381802321
44,2,0.6111146365577772
44,3,0.6459350587546902
44,4,0.6502502939619814
9,0,0.6143062187781432
9,1,0.6394320102927301
9,2,0.5751919152489424
9,3,0.6041794736960908
9,4,0.6203272572753292
80,0,0.6263718842760813
80,1,0.6450899107496225
80,2,0.6695965818702875
80,3,0.6194531317195447
80,4,0.6622512410330362
