{
    "confidence_score": 0.9502953886985779,
    "ptm": 0.9496974945068359,
    "iptm": 0.9675800204277039,
    "ligand_iptm": 0.9675800204277039,
    "protein_iptm": 0.0,
    "complex_plddt": 0.9459741711616516,
    "complex_iplddt": 0.9343277215957642,
    "complex_pde": 0.43168365955352783,
    "complex_ipde": 0.6254848837852478,
    "chains_ptm": {
        "0": 0.9482421875,
        "1": 0.9559332728385925
    },
    "pair_chains_iptm": {
        "0": {
            "0": 0.9482421875,
            "1": 0.7049973607063293
        },
        "1": {
            "0": 0.9675800204277039,
            "1": 0.9559332728385925
        }
    }
}