seed,sample,ranking_score
1,0,0.9001659766857041
1,1,0.9239642518200172
1,2,0.9123322153177815
1,3,0.9083268808619586
1,4,0.9078406834865704
