seed,sample,ranking_score
1,0,0.8793618617131103
1,1,0.8996182613411583
1,2,0.8803006676121354
1,3,0.87553594488526
1,4,0.8724100540128499
