{
    "confidence_score": 0.9348126649856567,
    "ptm": 0.944901704788208,
    "iptm": 0.9594199061393738,
    "ligand_iptm": 0.9594199061393738,
    "protein_iptm": 0.0,
    "complex_plddt": 0.9286608099937439,
    "complex_iplddt": 0.8871908187866211,
    "complex_pde": 0.4674479067325592,
    "complex_ipde": 0.7186266779899597,
    "chains_ptm": {
        "0": 0.943594753742218,
        "1": 0.9385523796081543
    },
    "pair_chains_iptm": {
        "0": {
            "0": 0.943594753742218,
            "1": 0.6663042306900024
        },
        "1": {
            "0": 0.9594199061393738,
            "1": 0.9385523796081543
        }
    }
}