seed,sample,ranking_score
44,0,0.9396833592938381
44,1,0.9386386079590647
44,2,0.9174304023366642
44,3,0.9268878484490868
44,4,0.9251519427227414
9,0,0.908545771550281
9,1,0.9174349817221766
9,2,0.9173746518611992
9,3,0.9131815506810035
9,4,0.9131820996245495
80,0,0.9101978804201221
80,1,0.9219240492910123
80,2,0.9115021254137318
80,3,0.9142038494691581
80,4,0.9108393869415504
