seed,sample,ranking_score
1,0,0.926086841726482
1,1,0.9215840732236117
1,2,0.9419905717838323
1,3,0.9234668024675604
1,4,0.9260487150673089
