{
    "confidence_score": 0.9510683417320251,
    "ptm": 0.9629805684089661,
    "iptm": 0.968513011932373,
    "ligand_iptm": 0.968513011932373,
    "protein_iptm": 0.0,
    "complex_plddt": 0.9467070698738098,
    "complex_iplddt": 0.918274998664856,
    "complex_pde": 0.3943401575088501,
    "complex_ipde": 0.5845612287521362,
    "chains_ptm": {
        "0": 0.9625802636146545,
        "1": 0.9073065519332886
    },
    "pair_chains_iptm": {
        "0": {
            "0": 0.9625802636146545,
            "1": 0.7405103445053101
        },
        "1": {
            "0": 0.968513011932373,
            "1": 0.9073065519332886
        }
    }
}