seed,sample,ranking_score
1,0,0.9012342251926072
1,1,0.9169559523061719
1,2,0.9225213475304419
1,3,0.8825068825857673
1,4,0.92419608348349
