seed,sample,ranking_score
44,0,0.8555294575076391
44,1,0.8525512048971778
44,2,0.8258587635025081
44,3,0.841654295224427
44,4,0.8465642445005715
9,0,0.806781848438159
9,1,0.8056949433662686
9,2,0.8011574711053793
9,3,0.7996346273170922
9,4,0.7993164798413752
80,0,0.8056356901531029
80,1,0.8373263539515139
80,2,0.8287816100181703
80,3,0.8268652183128805
80,4,0.8333588890298056
