{
    "confidence_score": 0.9501692652702332,
    "ptm": 0.9584301710128784,
    "iptm": 0.9614182710647583,
    "ligand_iptm": 0.9614182710647583,
    "protein_iptm": 0.0,
    "complex_plddt": 0.9473570585250854,
    "complex_iplddt": 0.9122999906539917,
    "complex_pde": 0.3946092426776886,
    "complex_ipde": 0.6389909386634827,
    "chains_ptm": {
        "0": 0.9584275484085083,
        "1": 0.8996314406394958
    },
    "pair_chains_iptm": {
        "0": {
            "0": 0.9584275484085083,
            "1": 0.5262497663497925
        },
        "1": {
            "0": 0.9614182710647583,
            "1": 0.8996314406394958
        }
    }
}