{
    "confidence_score": 0.9588708281517029,
    "ptm": 0.9492284059524536,
    "iptm": 0.9709285497665405,
    "ligand_iptm": 0.9709285497665405,
    "protein_iptm": 0.0,
    "complex_plddt": 0.9558563232421875,
    "complex_iplddt": 0.9349132180213928,
    "complex_pde": 0.42652279138565063,
    "complex_ipde": 0.6925813555717468,
    "chains_ptm": {
        "0": 0.9484740495681763,
        "1": 0.977156400680542
    },
    "pair_chains_iptm": {
        "0": {
            "0": 0.9484740495681763,
            "1": 0.6850928068161011
        },
        "1": {
            "0": 0.9709285497665405,
            "1": 0.977156400680542
        }
    }
}