{
    "confidence_score": 0.9385263323783875,
    "ptm": 0.964438796043396,
    "iptm": 0.9262985587120056,
    "ligand_iptm": 0.9262985587120056,
    "protein_iptm": 0.0,
    "complex_plddt": 0.9415833353996277,
    "complex_iplddt": 0.8823537826538086,
    "complex_pde": 0.38523292541503906,
    "complex_ipde": 0.857266902923584,
    "chains_ptm": {
        "0": 0.9664473533630371,
        "1": 0.9497894048690796
    },
    "pair_chains_iptm": {
        "0": {
            "0": 0.9664473533630371,
            "1": 0.5670015811920166
        },
        "1": {
            "0": 0.9262985587120056,
            "1": 0.9497894048690796
        }
    }
}