seed,sample,ranking_score
1,0,0.8681673642707345
1,1,0.8313275454685232
1,2,0.8347469300976823
1,3,0.8130472215300107
1,4,0.8115161018238601
