{
    "confidence_score": 0.9433874487876892,
    "ptm": 0.9468492269515991,
    "iptm": 0.9472996592521667,
    "ligand_iptm": 0.9472996592521667,
    "protein_iptm": 0.0,
    "complex_plddt": 0.9424093961715698,
    "complex_iplddt": 0.9096776247024536,
    "complex_pde": 0.4633123576641083,
    "complex_ipde": 0.7978262305259705,
    "chains_ptm": {
        "0": 0.9468230605125427,
        "1": 0.9264606237411499
    },
    "pair_chains_iptm": {
        "0": {
            "0": 0.9468230605125427,
            "1": 0.5151047706604004
        },
        "1": {
            "0": 0.9472996592521667,
            "1": 0.9264606237411499
        }
    }
}