{
    "confidence_score": 0.9312637448310852,
    "ptm": 0.961420476436615,
    "iptm": 0.9116004705429077,
    "ligand_iptm": 0.9116004705429077,
    "protein_iptm": 0.0,
    "complex_plddt": 0.9361795783042908,
    "complex_iplddt": 0.8611575365066528,
    "complex_pde": 0.408890962600708,
    "complex_ipde": 1.0066968202590942,
    "chains_ptm": {
        "0": 0.9650084972381592,
        "1": 0.9537097215652466
    },
    "pair_chains_iptm": {
        "0": {
            "0": 0.9650084972381592,
            "1": 0.49452418088912964
        },
        "1": {
            "0": 0.9116004705429077,
            "1": 0.9537097215652466
        }
    }
}