{
    "confidence_score": 0.9465085864067078,
    "ptm": 0.958096981048584,
    "iptm": 0.969841480255127,
    "ligand_iptm": 0.969841480255127,
    "protein_iptm": 0.0,
    "complex_plddt": 0.9406753778457642,
    "complex_iplddt": 0.9001755118370056,
    "complex_pde": 0.3930734694004059,
    "complex_ipde": 0.5903469920158386,
    "chains_ptm": {
        "0": 0.9572556018829346,
        "1": 0.9742108583450317
    },
    "pair_chains_iptm": {
        "0": {
            "0": 0.9572556018829346,
            "1": 0.7297141551971436
        },
        "1": {
            "0": 0.969841480255127,
            "1": 0.9742108583450317
        }
    }
}