{
    "confidence_score": 0.9561685919761658,
    "ptm": 0.9627741575241089,
    "iptm": 0.9596195816993713,
    "ligand_iptm": 0.9596195816993713,
    "protein_iptm": 0.0,
    "complex_plddt": 0.955305814743042,
    "complex_iplddt": 0.9281197190284729,
    "complex_pde": 0.3743705749511719,
    "complex_ipde": 0.67461758852005,
    "chains_ptm": {
        "0": 0.9629186391830444,
        "1": 0.9820996522903442
    },
    "pair_chains_iptm": {
        "0": {
            "0": 0.9629186391830444,
            "1": 0.6510179042816162
        },
        "1": {
            "0": 0.9596195816993713,
            "1": 0.9820996522903442
        }
    }
}