{
    "confidence_score": 0.9533700346946716,
    "ptm": 0.9631099104881287,
    "iptm": 0.9552685022354126,
    "ligand_iptm": 0.9552685022354126,
    "protein_iptm": 0.0,
    "complex_plddt": 0.9528954029083252,
    "complex_iplddt": 0.9213607907295227,
    "complex_pde": 0.3773980736732483,
    "complex_ipde": 0.6873796582221985,
    "chains_ptm": {
        "0": 0.9636186957359314,
        "1": 0.9572121500968933
    },
    "pair_chains_iptm": {
        "0": {
            "0": 0.9636186957359314,
            "1": 0.5832265615463257
        },
        "1": {
            "0": 0.9552685022354126,
            "1": 0.9572121500968933
        }
    }
}