seed,sample,ranking_score
44,0,0.8502826298199326
44,1,0.8176600982750913
44,2,0.8205499502446016
44,3,0.8245694917722545
44,4,0.8363854740317966
9,0,0.8286296058571142
9,1,0.7683139269398787
9,2,0.8074743091340006
9,3,0.8156397488893546
9,4,0.8027748841476389
80,0,0.8108360211918154
80,1,0.8312372357909807
80,2,0.819175828524335
80,3,0.795977299524089
80,4,0.8325318158176122
