seed,sample,ranking_score
44,0,0.9526328644147056
44,1,0.9545551323539246
44,2,0.9279212573252047
44,3,0.938576574854513
44,4,0.937353082718255
9,0,0.9235532185873556
9,1,0.9250331545063459
9,2,0.9228209700770732
9,3,0.924218572127764
9,4,0.9158000289485438
80,0,0.9218068235787695
80,1,0.9357350792284419
80,2,0.9143288549093307
80,3,0.9230135002610885
80,4,0.9150753799523508
