{
    "confidence_score": 0.9536008834838867,
    "ptm": 0.9545127153396606,
    "iptm": 0.9777973294258118,
    "ligand_iptm": 0.9777973294258118,
    "protein_iptm": 0.0,
    "complex_plddt": 0.9475517868995667,
    "complex_iplddt": 0.9300482869148254,
    "complex_pde": 0.40485474467277527,
    "complex_ipde": 0.5388303995132446,
    "chains_ptm": {
        "0": 0.9530823230743408,
        "1": 0.9811645150184631
    },
    "pair_chains_iptm": {
        "0": {
            "0": 0.9530823230743408,
            "1": 0.7655447125434875
        },
        "1": {
            "0": 0.9777973294258118,
            "1": 0.9811645150184631
        }
    }
}