{
    "confidence_score": 0.9529234170913696,
    "ptm": 0.9632486701011658,
    "iptm": 0.9541547894477844,
    "ligand_iptm": 0.9541547894477844,
    "protein_iptm": 0.0,
    "complex_plddt": 0.9526155591011047,
    "complex_iplddt": 0.9268133640289307,
    "complex_pde": 0.3757297098636627,
    "complex_ipde": 0.7120625972747803,
    "chains_ptm": {
        "0": 0.9637522101402283,
        "1": 0.9875353574752808
    },
    "pair_chains_iptm": {
        "0": {
            "0": 0.9637522101402283,
            "1": 0.6369474530220032
        },
        "1": {
            "0": 0.9541547894477844,
            "1": 0.9875353574752808
        }
    }
}