{
    "confidence_score": 0.939742386341095,
    "ptm": 0.9508135914802551,
    "iptm": 0.933057427406311,
    "ligand_iptm": 0.933057427406311,
    "protein_iptm": 0.0,
    "complex_plddt": 0.9414135813713074,
    "complex_iplddt": 0.865618884563446,
    "complex_pde": 0.4433744549751282,
    "complex_ipde": 0.8885225653648376,
    "chains_ptm": {
        "0": 0.9518141746520996,
        "1": 0.953262209892273
    },
    "pair_chains_iptm": {
        "0": {
            "0": 0.9518141746520996,
            "1": 0.540898323059082
        },
        "1": {
            "0": 0.933057427406311,
            "1": 0.953262209892273
        }
    }
}