seed,sample,ranking_score
44,0,0.9465600891735884
44,1,0.9456149157760331
44,2,0.9245771250922903
44,3,0.928807540119175
44,4,0.9416657806635365
9,0,0.9241915912269282
9,1,0.9179830020254679
9,2,0.9242254040147597
9,3,0.9200269201674276
9,4,0.9230522123774417
80,0,0.908654304402146
80,1,0.9189833490870538
80,2,0.9126464360566842
80,3,0.9184232107290213
80,4,0.9111412917517602
