{
    "confidence_score": 0.9360832571983337,
    "ptm": 0.9536858201026917,
    "iptm": 0.9552311301231384,
    "ligand_iptm": 0.9552311301231384,
    "protein_iptm": 0.0,
    "complex_plddt": 0.9312962293624878,
    "complex_iplddt": 0.8817085027694702,
    "complex_pde": 0.41112759709358215,
    "complex_ipde": 0.6740766167640686,
    "chains_ptm": {
        "0": 0.9537734985351562,
        "1": 0.9564338326454163
    },
    "pair_chains_iptm": {
        "0": {
            "0": 0.9537734985351562,
            "1": 0.6244226694107056
        },
        "1": {
            "0": 0.9552311301231384,
            "1": 0.9564338326454163
        }
    }
}