{
    "confidence_score": 0.9348893165588379,
    "ptm": 0.9555763006210327,
    "iptm": 0.9698194265365601,
    "ligand_iptm": 0.9698194265365601,
    "protein_iptm": 0.0,
    "complex_plddt": 0.926156759262085,
    "complex_iplddt": 0.867786169052124,
    "complex_pde": 0.41485539078712463,
    "complex_ipde": 0.5933101773262024,
    "chains_ptm": {
        "0": 0.9546266198158264,
        "1": 0.9175530672073364
    },
    "pair_chains_iptm": {
        "0": {
            "0": 0.9546266198158264,
            "1": 0.6502904295921326
        },
        "1": {
            "0": 0.9698194265365601,
            "1": 0.9175530672073364
        }
    }
}