{
    "confidence_score": 0.9219368100166321,
    "ptm": 0.948777437210083,
    "iptm": 0.9477860331535339,
    "ligand_iptm": 0.9477860331535339,
    "protein_iptm": 0.0,
    "complex_plddt": 0.9154744744300842,
    "complex_iplddt": 0.7876294255256653,
    "complex_pde": 0.45377904176712036,
    "complex_ipde": 0.7968766689300537,
    "chains_ptm": {
        "0": 0.9489482641220093,
        "1": 0.9006744623184204
    },
    "pair_chains_iptm": {
        "0": {
            "0": 0.9489482641220093,
            "1": 0.49476081132888794
        },
        "1": {
            "0": 0.9477860331535339,
            "1": 0.9006744623184204
        }
    }
}