seed,sample,ranking_score
1,0,0.8962534713372485
1,1,0.8864821261656467
1,2,0.9173798918845608
1,3,0.8901052589912276
1,4,0.8909878274613041
