{
    "confidence_score": 0.9451283812522888,
    "ptm": 0.9443953633308411,
    "iptm": 0.8981507420539856,
    "ligand_iptm": 0.8981507420539856,
    "protein_iptm": 0.0,
    "complex_plddt": 0.9568727612495422,
    "complex_iplddt": 0.8997997045516968,
    "complex_pde": 0.48440054059028625,
    "complex_ipde": 1.3645106554031372,
    "chains_ptm": {
        "0": 0.946420431137085,
        "1": 0.9332404136657715
    },
    "pair_chains_iptm": {
        "0": {
            "0": 0.946420431137085,
            "1": 0.373599112033844
        },
        "1": {
            "0": 0.8981507420539856,
            "1": 0.9332404136657715
        }
    }
}