{
    "confidence_score": 0.941137969493866,
    "ptm": 0.9418827891349792,
    "iptm": 0.9602070450782776,
    "ligand_iptm": 0.9602070450782776,
    "protein_iptm": 0.0,
    "complex_plddt": 0.9363706707954407,
    "complex_iplddt": 0.9203631281852722,
    "complex_pde": 0.47701844573020935,
    "complex_ipde": 0.7217796444892883,
    "chains_ptm": {
        "0": 0.9400690793991089,
        "1": 0.9536916017532349
    },
    "pair_chains_iptm": {
        "0": {
            "0": 0.9400690793991089,
            "1": 0.6710586547851562
        },
        "1": {
            "0": 0.9602070450782776,
            "1": 0.9536916017532349
        }
    }
}