seed,sample,ranking_score
1,0,0.8185407691846138
1,1,0.8261587125778077
1,2,0.817177260882559
1,3,0.8034517211764058
1,4,0.8177143869478879
