{
    "confidence_score": 0.9550706744194031,
    "ptm": 0.9701969623565674,
    "iptm": 0.9636572003364563,
    "ligand_iptm": 0.9636572003364563,
    "protein_iptm": 0.0,
    "complex_plddt": 0.9529240131378174,
    "complex_iplddt": 0.9290928840637207,
    "complex_pde": 0.350460410118103,
    "complex_ipde": 0.5762935876846313,
    "chains_ptm": {
        "0": 0.9706860184669495,
        "1": 0.9256791472434998
    },
    "pair_chains_iptm": {
        "0": {
            "0": 0.9706860184669495,
            "1": 0.5162649750709534
        },
        "1": {
            "0": 0.9636572003364563,
            "1": 0.9256791472434998
        }
    }
}