{
    "confidence_score": 0.9516895413398743,
    "ptm": 0.9657241106033325,
    "iptm": 0.9311333298683167,
    "ligand_iptm": 0.9311333298683167,
    "protein_iptm": 0.0,
    "complex_plddt": 0.9568285942077637,
    "complex_iplddt": 0.9414830207824707,
    "complex_pde": 0.37943944334983826,
    "complex_ipde": 0.8745668530464172,
    "chains_ptm": {
        "0": 0.9679469466209412,
        "1": 0.8992489576339722
    },
    "pair_chains_iptm": {
        "0": {
            "0": 0.9679469466209412,
            "1": 0.5089985132217407
        },
        "1": {
            "0": 0.9311333298683167,
            "1": 0.8992489576339722
        }
    }
}