seed,sample,ranking_score
1,0,0.8168491436274157
1,1,0.8396924782686302
1,2,0.8299826130771404
1,3,0.7920527160565061
1,4,0.808428761731567
