seed,sample,ranking_score
1,0,0.8052659861939696
1,1,0.8311223163486462
1,2,0.8434366024719313
1,3,0.8438310916127965
1,4,0.8300965111320081
