{
    "confidence_score": 0.9499616026878357,
    "ptm": 0.9513919949531555,
    "iptm": 0.9636512398719788,
    "ligand_iptm": 0.9636512398719788,
    "protein_iptm": 0.0,
    "complex_plddt": 0.9465391039848328,
    "complex_iplddt": 0.9250238537788391,
    "complex_pde": 0.4233216345310211,
    "complex_ipde": 0.6190065145492554,
    "chains_ptm": {
        "0": 0.9504988193511963,
        "1": 0.9505702257156372
    },
    "pair_chains_iptm": {
        "0": {
            "0": 0.9504988193511963,
            "1": 0.6627774238586426
        },
        "1": {
            "0": 0.9636512398719788,
            "1": 0.9505702257156372
        }
    }
}