seed,sample,ranking_score
1,0,0.745068279449629
1,1,0.769953196322524
1,2,0.7861296277530521
1,3,0.7223859088296254
1,4,0.7516340929991396
