seed,sample,ranking_score
1,0,0.8687076566256535
1,1,0.87538754819145
1,2,0.8899070106778169
1,3,0.8643655978364536
1,4,0.8930570202339267
