{
    "confidence_score": 0.9389998316764832,
    "ptm": 0.9559572339057922,
    "iptm": 0.9438433647155762,
    "ligand_iptm": 0.9438433647155762,
    "protein_iptm": 0.0,
    "complex_plddt": 0.9377889633178711,
    "complex_iplddt": 0.9097338318824768,
    "complex_pde": 0.43319451808929443,
    "complex_ipde": 0.7758929133415222,
    "chains_ptm": {
        "0": 0.9573007822036743,
        "1": 0.9036230444908142
    },
    "pair_chains_iptm": {
        "0": {
            "0": 0.9573007822036743,
            "1": 0.599334180355072
        },
        "1": {
            "0": 0.9438433647155762,
            "1": 0.9036230444908142
        }
    }
}