seed,sample,ranking_score
1,0,0.8658197404886928
1,1,0.8649334618035741
1,2,0.8923194908691912
1,3,0.862847313700763
1,4,0.8863031064523275
