{
    "confidence_score": 0.9549412131309509,
    "ptm": 0.9646026492118835,
    "iptm": 0.9637207388877869,
    "ligand_iptm": 0.9637207388877869,
    "protein_iptm": 0.0,
    "complex_plddt": 0.9527463316917419,
    "complex_iplddt": 0.9311727285385132,
    "complex_pde": 0.3702947199344635,
    "complex_ipde": 0.607635498046875,
    "chains_ptm": {
        "0": 0.9647288918495178,
        "1": 0.9432762861251831
    },
    "pair_chains_iptm": {
        "0": {
            "0": 0.9647288918495178,
            "1": 0.6404706239700317
        },
        "1": {
            "0": 0.9637207388877869,
            "1": 0.9432762861251831
        }
    }
}