seed,sample,ranking_score
1,0,0.9390945881641578
1,1,0.9493446501672104
1,2,0.9508265924882049
1,3,0.9374877052354
1,4,0.9405597999538293
