seed,sample,ranking_score
1,0,0.7948406534378338
1,1,0.7717619287584342
1,2,0.7948149983727587
1,3,0.7969798062470311
1,4,0.7796118857733245
