{
    "confidence_score": 0.9664732217788696,
    "ptm": 0.9556078314781189,
    "iptm": 0.9863426089286804,
    "ligand_iptm": 0.9863426089286804,
    "protein_iptm": 0.0,
    "complex_plddt": 0.9615058302879333,
    "complex_iplddt": 0.9626049995422363,
    "complex_pde": 0.3930392861366272,
    "complex_ipde": 0.47535571455955505,
    "chains_ptm": {
        "0": 0.9540780186653137,
        "1": 0.9816659688949585
    },
    "pair_chains_iptm": {
        "0": {
            "0": 0.9540780186653137,
            "1": 0.8068878054618835
        },
        "1": {
            "0": 0.9863426089286804,
            "1": 0.9816659688949585
        }
    }
}