{
    "confidence_score": 0.9596652388572693,
    "ptm": 0.955676794052124,
    "iptm": 0.9542000889778137,
    "ligand_iptm": 0.9542000889778137,
    "protein_iptm": 0.0,
    "complex_plddt": 0.961031436920166,
    "complex_iplddt": 0.9346701502799988,
    "complex_pde": 0.4092105031013489,
    "complex_ipde": 0.6809450387954712,
    "chains_ptm": {
        "0": 0.9559065699577332,
        "1": 0.9685187339782715
    },
    "pair_chains_iptm": {
        "0": {
            "0": 0.9559065699577332,
            "1": 0.5823797583580017
        },
        "1": {
            "0": 0.9542000889778137,
            "1": 0.9685187339782715
        }
    }
}