seed,sample,ranking_score
1,0,0.8762616540146843
1,1,0.8927804141744239
1,2,0.9048407492633891
1,3,0.8864462990764158
1,4,0.8924740587436665
