{
    "confidence_score": 0.9465064406394958,
    "ptm": 0.9451204538345337,
    "iptm": 0.9101086258888245,
    "ligand_iptm": 0.9101086258888245,
    "protein_iptm": 0.0,
    "complex_plddt": 0.9556058645248413,
    "complex_iplddt": 0.9232888221740723,
    "complex_pde": 0.4834471046924591,
    "complex_ipde": 1.3889458179473877,
    "chains_ptm": {
        "0": 0.9465935230255127,
        "1": 0.9846895337104797
    },
    "pair_chains_iptm": {
        "0": {
            "0": 0.9465935230255127,
            "1": 0.5342137217521667
        },
        "1": {
            "0": 0.9101086258888245,
            "1": 0.9846895337104797
        }
    }
}