{
    "confidence_score": 0.9391428232192993,
    "ptm": 0.961195707321167,
    "iptm": 0.9177927374839783,
    "ligand_iptm": 0.9177927374839783,
    "protein_iptm": 0.0,
    "complex_plddt": 0.944480299949646,
    "complex_iplddt": 0.898350179195404,
    "complex_pde": 0.3947756886482239,
    "complex_ipde": 0.9319334626197815,
    "chains_ptm": {
        "0": 0.9634177684783936,
        "1": 0.9548696875572205
    },
    "pair_chains_iptm": {
        "0": {
            "0": 0.9634177684783936,
            "1": 0.5696638226509094
        },
        "1": {
            "0": 0.9177927374839783,
            "1": 0.9548696875572205
        }
    }
}