seed,sample,ranking_score
1,0,0.91322502997087
1,1,0.9050476098000912
1,2,0.9341826196086035
1,3,0.9064928503041488
1,4,0.913101750058001
