seed,sample,ranking_score
1,0,0.8251301024988976
1,1,0.8438707249893733
1,2,0.8358935651682927
1,3,0.8532562432410158
1,4,0.8376608104167473
