{
    "confidence_score": 0.9521984457969666,
    "ptm": 0.9599353075027466,
    "iptm": 0.9805254936218262,
    "ligand_iptm": 0.9805254936218262,
    "protein_iptm": 0.0,
    "complex_plddt": 0.9451166987419128,
    "complex_iplddt": 0.9379276037216187,
    "complex_pde": 0.3767891526222229,
    "complex_ipde": 0.4773361086845398,
    "chains_ptm": {
        "0": 0.958284318447113,
        "1": 0.9715493321418762
    },
    "pair_chains_iptm": {
        "0": {
            "0": 0.958284318447113,
            "1": 0.7863126397132874
        },
        "1": {
            "0": 0.9805254936218262,
            "1": 0.9715493321418762
        }
    }
}