seed,sample,ranking_score
1,0,0.6930592473280963
1,1,0.6876205070630251
1,2,0.6579443045827623
1,3,0.7104483169806264
1,4,0.6940971546431065
