seed,sample,ranking_score
44,0,0.5291960722379235
44,1,0.6649276926714411
44,2,0.5163507961157886
44,3,0.5544198807953681
44,4,0.5115145647367823
9,0,0.601840389472453
9,1,0.47747011448626897
9,2,0.6285335908659467
9,3,0.4915212697216186
9,4,0.6262253616788925
80,0,0.5236059434710633
80,1,0.5037085039944146
80,2,0.6120527956619405
80,3,0.49520636593484935
80,4,0.48907652396251716
