seed,sample,ranking_score
1,0,0.9207683390137781
1,1,0.9190409018377945
1,2,0.9374233904168083
1,3,0.9193462464742965
1,4,0.9351798473379316
