seed,sample,ranking_score
1,0,0.8082152350016575
1,1,0.8182833104343038
1,2,0.844772074105082
1,3,0.8135564997816478
1,4,0.821160666127074
