seed,sample,ranking_score
1,0,0.9537525722034933
1,1,0.9779945084546888
1,2,0.9757312043205085
1,3,0.9540054569472958
1,4,0.9605441359298347
