{
    "confidence_score": 0.962704598903656,
    "ptm": 0.9448463320732117,
    "iptm": 0.9859434366226196,
    "ligand_iptm": 0.9859434366226196,
    "protein_iptm": 0.0,
    "complex_plddt": 0.9568948149681091,
    "complex_iplddt": 0.9523754119873047,
    "complex_pde": 0.4505808651447296,
    "complex_ipde": 0.5204374194145203,
    "chains_ptm": {
        "0": 0.9433397054672241,
        "1": 0.9851409792900085
    },
    "pair_chains_iptm": {
        "0": {
            "0": 0.9433397054672241,
            "1": 0.7694101929664612
        },
        "1": {
            "0": 0.9859434366226196,
            "1": 0.9851409792900085
        }
    }
}