{
    "confidence_score": 0.9443330764770508,
    "ptm": 0.9433884024620056,
    "iptm": 0.9129126071929932,
    "ligand_iptm": 0.9129126071929932,
    "protein_iptm": 0.0,
    "complex_plddt": 0.95218825340271,
    "complex_iplddt": 0.9142777919769287,
    "complex_pde": 0.4690912365913391,
    "complex_ipde": 1.0424790382385254,
    "chains_ptm": {
        "0": 0.9452606439590454,
        "1": 0.9639182686805725
    },
    "pair_chains_iptm": {
        "0": {
            "0": 0.9452606439590454,
            "1": 0.5459166169166565
        },
        "1": {
            "0": 0.9129126071929932,
            "1": 0.9639182686805725
        }
    }
}