{
    "confidence_score": 0.9310579299926758,
    "ptm": 0.9510188102722168,
    "iptm": 0.9428759217262268,
    "ligand_iptm": 0.9428759217262268,
    "protein_iptm": 0.0,
    "complex_plddt": 0.9281034469604492,
    "complex_iplddt": 0.8331541419029236,
    "complex_pde": 0.448273241519928,
    "complex_ipde": 0.8145586848258972,
    "chains_ptm": {
        "0": 0.9518888592720032,
        "1": 0.8777068853378296
    },
    "pair_chains_iptm": {
        "0": {
            "0": 0.9518888592720032,
            "1": 0.4705250859260559
        },
        "1": {
            "0": 0.9428759217262268,
            "1": 0.8777068853378296
        }
    }
}