{
    "confidence_score": 0.9455363154411316,
    "ptm": 0.9599844813346863,
    "iptm": 0.9644781351089478,
    "ligand_iptm": 0.9644781351089478,
    "protein_iptm": 0.0,
    "complex_plddt": 0.9408008456230164,
    "complex_iplddt": 0.8991269469261169,
    "complex_pde": 0.3891056180000305,
    "complex_ipde": 0.5876521468162537,
    "chains_ptm": {
        "0": 0.959678053855896,
        "1": 0.9328252077102661
    },
    "pair_chains_iptm": {
        "0": {
            "0": 0.959678053855896,
            "1": 0.6830755472183228
        },
        "1": {
            "0": 0.9644781351089478,
            "1": 0.9328252077102661
        }
    }
}