seed,sample,ranking_score
1,0,0.8925971364076222
1,1,0.8957491067823138
1,2,0.8992342671174007
1,3,0.8892716301482511
1,4,0.8816612151921771
