seed,sample,ranking_score
1,0,0.8548963752433408
1,1,0.8539143090817155
1,2,0.8817484531310359
1,3,0.8620296002767948
1,4,0.8689826947352812
