{
    "confidence_score": 0.9435044527053833,
    "ptm": 0.9611785411834717,
    "iptm": 0.9124780893325806,
    "ligand_iptm": 0.9124780893325806,
    "protein_iptm": 0.0,
    "complex_plddt": 0.951261043548584,
    "complex_iplddt": 0.9149178862571716,
    "complex_pde": 0.40471771359443665,
    "complex_ipde": 1.2143832445144653,
    "chains_ptm": {
        "0": 0.9633574485778809,
        "1": 0.9652339220046997
    },
    "pair_chains_iptm": {
        "0": {
            "0": 0.9633574485778809,
            "1": 0.4163976013660431
        },
        "1": {
            "0": 0.9124780893325806,
            "1": 0.9652339220046997
        }
    }
}