seed,sample,ranking_score
1,0,0.7194117426633062
1,1,0.7267501433649757
1,2,0.751290037350194
1,3,0.7890433349898835
1,4,0.7035925590410403
