{
    "confidence_score": 0.9520495533943176,
    "ptm": 0.9636909365653992,
    "iptm": 0.9551085829734802,
    "ligand_iptm": 0.9551085829734802,
    "protein_iptm": 0.0,
    "complex_plddt": 0.9512848258018494,
    "complex_iplddt": 0.9339677691459656,
    "complex_pde": 0.3765260577201843,
    "complex_ipde": 0.7852148413658142,
    "chains_ptm": {
        "0": 0.9640695452690125,
        "1": 0.9697268009185791
    },
    "pair_chains_iptm": {
        "0": {
            "0": 0.9640695452690125,
            "1": 0.5406955480575562
        },
        "1": {
            "0": 0.9551085829734802,
            "1": 0.9697268009185791
        }
    }
}