{
    "confidence_score": 0.9437597393989563,
    "ptm": 0.9432399868965149,
    "iptm": 0.9695885181427002,
    "ligand_iptm": 0.9695885181427002,
    "protein_iptm": 0.0,
    "complex_plddt": 0.9373025894165039,
    "complex_iplddt": 0.9204102754592896,
    "complex_pde": 0.46295568346977234,
    "complex_ipde": 0.6214144825935364,
    "chains_ptm": {
        "0": 0.941186785697937,
        "1": 0.9539943337440491
    },
    "pair_chains_iptm": {
        "0": {
            "0": 0.941186785697937,
            "1": 0.6509130597114563
        },
        "1": {
            "0": 0.9695885181427002,
            "1": 0.9539943337440491
        }
    }
}