seed,sample,ranking_score
1,0,0.7933628436158473
1,1,0.8046583947507536
1,2,0.8310279430593881
1,3,0.8076699263359908
1,4,0.7855121626474351
