seed,sample,ranking_score
1,0,0.8658292845287691
1,1,0.848508778529156
1,2,0.8376321682486719
1,3,0.8069585670838038
1,4,0.819285064445749
