{
    "confidence_score": 0.929902195930481,
    "ptm": 0.9568303823471069,
    "iptm": 0.9417423605918884,
    "ligand_iptm": 0.9417423605918884,
    "protein_iptm": 0.0,
    "complex_plddt": 0.9269421696662903,
    "complex_iplddt": 0.8333675861358643,
    "complex_pde": 0.427408903837204,
    "complex_ipde": 0.7498254776000977,
    "chains_ptm": {
        "0": 0.9582436084747314,
        "1": 0.928236722946167
    },
    "pair_chains_iptm": {
        "0": {
            "0": 0.9582436084747314,
            "1": 0.5883983969688416
        },
        "1": {
            "0": 0.9417423605918884,
            "1": 0.928236722946167
        }
    }
}