{
    "confidence_score": 0.9398173689842224,
    "ptm": 0.9470088481903076,
    "iptm": 0.9574441313743591,
    "ligand_iptm": 0.9574441313743591,
    "protein_iptm": 0.0,
    "complex_plddt": 0.9354106187820435,
    "complex_iplddt": 0.9153192043304443,
    "complex_pde": 0.4707929193973541,
    "complex_ipde": 0.7611463069915771,
    "chains_ptm": {
        "0": 0.9459863901138306,
        "1": 0.9314789175987244
    },
    "pair_chains_iptm": {
        "0": {
            "0": 0.9459863901138306,
            "1": 0.6763685941696167
        },
        "1": {
            "0": 0.9574441313743591,
            "1": 0.9314789175987244
        }
    }
}