seed,sample,ranking_score
1,0,0.8175910822843806
1,1,0.8573915562698247
1,2,0.8761961959518844
1,3,0.8324523269563816
1,4,0.8582092546472364
