seed,sample,ranking_score
1,0,0.6022702407036858
1,1,0.5030410870492716
1,2,0.5352057282359498
1,3,0.5684369544020156
1,4,0.5053761518617247
