{
    "confidence_score": 0.9478284120559692,
    "ptm": 0.9653103351593018,
    "iptm": 0.9589174389839172,
    "ligand_iptm": 0.9589174389839172,
    "protein_iptm": 0.0,
    "complex_plddt": 0.945056140422821,
    "complex_iplddt": 0.9012254476547241,
    "complex_pde": 0.3791417181491852,
    "complex_ipde": 0.637119472026825,
    "chains_ptm": {
        "0": 0.965914249420166,
        "1": 0.9103823304176331
    },
    "pair_chains_iptm": {
        "0": {
            "0": 0.965914249420166,
            "1": 0.5671306252479553
        },
        "1": {
            "0": 0.9589174389839172,
            "1": 0.9103823304176331
        }
    }
}