{
    "confidence_score": 0.9536572694778442,
    "ptm": 0.9622384309768677,
    "iptm": 0.9513393044471741,
    "ligand_iptm": 0.9513393044471741,
    "protein_iptm": 0.0,
    "complex_plddt": 0.9542367458343506,
    "complex_iplddt": 0.9312982559204102,
    "complex_pde": 0.3874010145664215,
    "complex_ipde": 0.8329482078552246,
    "chains_ptm": {
        "0": 0.9629233479499817,
        "1": 0.9614750742912292
    },
    "pair_chains_iptm": {
        "0": {
            "0": 0.9629233479499817,
            "1": 0.5091052651405334
        },
        "1": {
            "0": 0.9513393044471741,
            "1": 0.9614750742912292
        }
    }
}