{
    "confidence_score": 0.9516801834106445,
    "ptm": 0.9568231105804443,
    "iptm": 0.9720653891563416,
    "ligand_iptm": 0.9720653891563416,
    "protein_iptm": 0.0,
    "complex_plddt": 0.9465839266777039,
    "complex_iplddt": 0.9214658737182617,
    "complex_pde": 0.39391693472862244,
    "complex_ipde": 0.5482003092765808,
    "chains_ptm": {
        "0": 0.9556784629821777,
        "1": 0.9544092416763306
    },
    "pair_chains_iptm": {
        "0": {
            "0": 0.9556784629821777,
            "1": 0.6897368431091309
        },
        "1": {
            "0": 0.9720653891563416,
            "1": 0.9544092416763306
        }
    }
}