seed,sample,ranking_score
44,0,0.8622432780630888
44,1,0.873375751766448
44,2,0.84245077923606
44,3,0.8679954411547933
44,4,0.8587143115742921
9,0,0.8441106299256737
9,1,0.836242413233583
9,2,0.8542901946780286
9,3,0.8353733946036386
9,4,0.8250938363304485
80,0,0.8428493471787357
80,1,0.8632390331694615
80,2,0.8296221038781395
80,3,0.8414805120911223
80,4,0.8551879517505274
