seed,sample,ranking_score
1,0,0.806099807582691
1,1,0.8151642567666799
1,2,0.8420682798614737
1,3,0.8109377145849285
1,4,0.8191077971421782
