{
    "confidence_score": 0.9596838355064392,
    "ptm": 0.9510612487792969,
    "iptm": 0.9633743762969971,
    "ligand_iptm": 0.9633743762969971,
    "protein_iptm": 0.0,
    "complex_plddt": 0.9587611556053162,
    "complex_iplddt": 0.9361209869384766,
    "complex_pde": 0.43227678537368774,
    "complex_ipde": 0.6428740620613098,
    "chains_ptm": {
        "0": 0.9503967761993408,
        "1": 0.9532578587532043
    },
    "pair_chains_iptm": {
        "0": {
            "0": 0.9503967761993408,
            "1": 0.6691944003105164
        },
        "1": {
            "0": 0.9633743762969971,
            "1": 0.9532578587532043
        }
    }
}