{
    "confidence_score": 0.9395714998245239,
    "ptm": 0.939717173576355,
    "iptm": 0.953851044178009,
    "ligand_iptm": 0.953851044178009,
    "protein_iptm": 0.0,
    "complex_plddt": 0.9360015988349915,
    "complex_iplddt": 0.9181411266326904,
    "complex_pde": 0.5034609436988831,
    "complex_ipde": 0.7613977789878845,
    "chains_ptm": {
        "0": 0.9384743571281433,
        "1": 0.8736240267753601
    },
    "pair_chains_iptm": {
        "0": {
            "0": 0.9384743571281433,
            "1": 0.5964362621307373
        },
        "1": {
            "0": 0.953851044178009,
            "1": 0.8736240267753601
        }
    }
}