seed,sample,ranking_score
1,0,0.8951970580727253
1,1,0.8932916781450972
1,2,0.9141997509620965
1,3,0.8931822795458912
1,4,0.9033444072708268
