seed,sample,ranking_score
44,0,0.9382125184619948
44,1,0.940508388472784
44,2,0.9169635850519398
44,3,0.92377701126707
44,4,0.9192317663771595
9,0,0.932060279048978
9,1,0.9308500174426636
9,2,0.9260097109480343
9,3,0.9329598662620534
9,4,0.9328319123643861
80,0,0.9126852024256492
80,1,0.9181727150898742
80,2,0.9059508846970867
80,3,0.9157538818542325
80,4,0.9090505886624983
