seed,sample,ranking_score
44,0,0.8556399961548211
44,1,0.8661334739837856
44,2,0.8387487337087539
44,3,0.8592434222002447
44,4,0.8537119840170695
9,0,0.8348226932886215
9,1,0.840420676924189
9,2,0.827176420722544
9,3,0.833131674686416
9,4,0.8198361758598202
80,0,0.8442851036280348
80,1,0.8412875489772985
80,2,0.833388120811819
80,3,0.8288961094159765
80,4,0.8297347466296832
