{
    "confidence_score": 0.9455204010009766,
    "ptm": 0.9431868195533752,
    "iptm": 0.9716596007347107,
    "ligand_iptm": 0.9716596007347107,
    "protein_iptm": 0.0,
    "complex_plddt": 0.9389855861663818,
    "complex_iplddt": 0.9233227968215942,
    "complex_pde": 0.4580325186252594,
    "complex_ipde": 0.5910571813583374,
    "chains_ptm": {
        "0": 0.9412680268287659,
        "1": 0.9287711381912231
    },
    "pair_chains_iptm": {
        "0": {
            "0": 0.9412680268287659,
            "1": 0.6644046306610107
        },
        "1": {
            "0": 0.9716596007347107,
            "1": 0.9287711381912231
        }
    }
}