seed,sample,ranking_score
1,0,0.8076030829567702
1,1,0.8134496056026779
1,2,0.7904205950009547
1,3,0.8062482660152043
1,4,0.8092487519081076
