{
    "confidence_score": 0.950826108455658,
    "ptm": 0.9518205523490906,
    "iptm": 0.9773810505867004,
    "ligand_iptm": 0.9773810505867004,
    "protein_iptm": 0.0,
    "complex_plddt": 0.9441872835159302,
    "complex_iplddt": 0.9148035049438477,
    "complex_pde": 0.40644571185112,
    "complex_ipde": 0.5011853575706482,
    "chains_ptm": {
        "0": 0.9505506753921509,
        "1": 0.9472644925117493
    },
    "pair_chains_iptm": {
        "0": {
            "0": 0.9505506753921509,
            "1": 0.6355928778648376
        },
        "1": {
            "0": 0.9773810505867004,
            "1": 0.9472644925117493
        }
    }
}