{
    "confidence_score": 0.9315081834793091,
    "ptm": 0.939382016658783,
    "iptm": 0.8558726906776428,
    "ligand_iptm": 0.8558726906776428,
    "protein_iptm": 0.0,
    "complex_plddt": 0.9504170417785645,
    "complex_iplddt": 0.913615882396698,
    "complex_pde": 0.5437890291213989,
    "complex_ipde": 1.8087660074234009,
    "chains_ptm": {
        "0": 0.944480299949646,
        "1": 0.9404647946357727
    },
    "pair_chains_iptm": {
        "0": {
            "0": 0.944480299949646,
            "1": 0.3165661692619324
        },
        "1": {
            "0": 0.8558726906776428,
            "1": 0.9404647946357727
        }
    }
}