{
    "confidence_score": 0.938593864440918,
    "ptm": 0.9432297348976135,
    "iptm": 0.8786530494689941,
    "ligand_iptm": 0.8786530494689941,
    "protein_iptm": 0.0,
    "complex_plddt": 0.9535790085792542,
    "complex_iplddt": 0.9180455803871155,
    "complex_pde": 0.4913562536239624,
    "complex_ipde": 1.549165964126587,
    "chains_ptm": {
        "0": 0.9456477761268616,
        "1": 0.964017927646637
    },
    "pair_chains_iptm": {
        "0": {
            "0": 0.9456477761268616,
            "1": 0.3762223422527313
        },
        "1": {
            "0": 0.8786530494689941,
            "1": 0.964017927646637
        }
    }
}