{
    "confidence_score": 0.9523412585258484,
    "ptm": 0.9474202394485474,
    "iptm": 0.9753299951553345,
    "ligand_iptm": 0.9753299951553345,
    "protein_iptm": 0.0,
    "complex_plddt": 0.9465940594673157,
    "complex_iplddt": 0.8951531648635864,
    "complex_pde": 0.4381512999534607,
    "complex_ipde": 0.5673962831497192,
    "chains_ptm": {
        "0": 0.945462703704834,
        "1": 0.9508116841316223
    },
    "pair_chains_iptm": {
        "0": {
            "0": 0.945462703704834,
            "1": 0.6837584376335144
        },
        "1": {
            "0": 0.9753299951553345,
            "1": 0.9508116841316223
        }
    }
}