seed,sample,ranking_score
1,0,0.9488643147322999
1,1,0.9595131095791237
1,2,0.9615004631781319
1,3,0.9510451436860305
1,4,0.9427402043537336
