seed,sample,ranking_score
1,0,0.8725288016497535
1,1,0.8947716834545266
1,2,0.8902908287546945
1,3,0.8613612188004929
1,4,0.8796384789779556
