{
    "confidence_score": 0.9225608110427856,
    "ptm": 0.9449498057365417,
    "iptm": 0.9105690121650696,
    "ligand_iptm": 0.9105690121650696,
    "protein_iptm": 0.0,
    "complex_plddt": 0.9255586862564087,
    "complex_iplddt": 0.8240631222724915,
    "complex_pde": 0.48720112442970276,
    "complex_ipde": 1.0211384296417236,
    "chains_ptm": {
        "0": 0.9474139213562012,
        "1": 0.8988098502159119
    },
    "pair_chains_iptm": {
        "0": {
            "0": 0.9474139213562012,
            "1": 0.4982248842716217
        },
        "1": {
            "0": 0.9105690121650696,
            "1": 0.8988098502159119
        }
    }
}