seed,sample,ranking_score
1,0,0.7205148465831771
1,1,0.7199030571950126
1,2,0.7698889293199347
1,3,0.7186393774280325
1,4,0.755103007790075
