seed,sample,ranking_score
1,0,0.9086175427771455
1,1,0.9222103860641243
1,2,0.919027259274681
1,3,0.9027346951343213
1,4,0.9128872701213777
