{
    "confidence_score": 0.9438144564628601,
    "ptm": 0.950549304485321,
    "iptm": 0.8783743381500244,
    "ligand_iptm": 0.8783743381500244,
    "protein_iptm": 0.0,
    "complex_plddt": 0.960174560546875,
    "complex_iplddt": 0.9216256141662598,
    "complex_pde": 0.4819173514842987,
    "complex_ipde": 1.6252262592315674,
    "chains_ptm": {
        "0": 0.9544819593429565,
        "1": 0.9609135389328003
    },
    "pair_chains_iptm": {
        "0": {
            "0": 0.9544819593429565,
            "1": 0.44060179591178894
        },
        "1": {
            "0": 0.8783743381500244,
            "1": 0.9609135389328003
        }
    }
}