{
    "confidence_score": 0.9354440569877625,
    "ptm": 0.9378142952919006,
    "iptm": 0.9077861309051514,
    "ligand_iptm": 0.9077861309051514,
    "protein_iptm": 0.0,
    "complex_plddt": 0.9423586130142212,
    "complex_iplddt": 0.8902115225791931,
    "complex_pde": 0.510522723197937,
    "complex_ipde": 1.2755094766616821,
    "chains_ptm": {
        "0": 0.939166784286499,
        "1": 0.9318310022354126
    },
    "pair_chains_iptm": {
        "0": {
            "0": 0.939166784286499,
            "1": 0.38568833470344543
        },
        "1": {
            "0": 0.9077861309051514,
            "1": 0.9318310022354126
        }
    }
}