{
    "confidence_score": 0.953065037727356,
    "ptm": 0.9532833099365234,
    "iptm": 0.9550870060920715,
    "ligand_iptm": 0.9550870060920715,
    "protein_iptm": 0.0,
    "complex_plddt": 0.9525594711303711,
    "complex_iplddt": 0.913362979888916,
    "complex_pde": 0.42798852920532227,
    "complex_ipde": 0.7155529856681824,
    "chains_ptm": {
        "0": 0.9532085061073303,
        "1": 0.9476261734962463
    },
    "pair_chains_iptm": {
        "0": {
            "0": 0.9532085061073303,
            "1": 0.590070366859436
        },
        "1": {
            "0": 0.9550870060920715,
            "1": 0.9476261734962463
        }
    }
}