seed,sample,ranking_score
1,0,0.8226979210926205
1,1,0.8105357037488716
1,2,0.8379863486436692
1,3,0.8079164211382025
1,4,0.7955581547126543
