{
    "confidence_score": 0.9423671960830688,
    "ptm": 0.951041579246521,
    "iptm": 0.9443409442901611,
    "ligand_iptm": 0.9443409442901611,
    "protein_iptm": 0.0,
    "complex_plddt": 0.9418736696243286,
    "complex_iplddt": 0.89801424741745,
    "complex_pde": 0.4463987946510315,
    "complex_ipde": 0.7971310019493103,
    "chains_ptm": {
        "0": 0.9519585371017456,
        "1": 0.9292395710945129
    },
    "pair_chains_iptm": {
        "0": {
            "0": 0.9519585371017456,
            "1": 0.6050891280174255
        },
        "1": {
            "0": 0.9443409442901611,
            "1": 0.9292395710945129
        }
    }
}