seed,sample,ranking_score
44,0,0.819779425636616
44,1,0.7994551760844198
44,2,0.7810246126378604
44,3,0.7975000238619347
44,4,0.7907262449611043
9,0,0.7610782978098136
9,1,0.7832969119648735
9,2,0.7674459027669154
9,3,0.7875633756459736
9,4,0.7643903910032073
80,0,0.7479599888754197
80,1,0.7637097001573462
80,2,0.7548704072123056
80,3,0.7451304383150023
80,4,0.7720633038130339
