seed,sample,ranking_score
1,0,0.7623479381359266
1,1,0.8238913588651051
1,2,0.8295262135017397
1,3,0.8118934727209259
1,4,0.817974629951487
