{
    "confidence_score": 0.9547631144523621,
    "ptm": 0.9675413966178894,
    "iptm": 0.9505249261856079,
    "ligand_iptm": 0.9505249261856079,
    "protein_iptm": 0.0,
    "complex_plddt": 0.9558226466178894,
    "complex_iplddt": 0.9284539222717285,
    "complex_pde": 0.3643617630004883,
    "complex_ipde": 0.6801759004592896,
    "chains_ptm": {
        "0": 0.9684804677963257,
        "1": 0.9264316558837891
    },
    "pair_chains_iptm": {
        "0": {
            "0": 0.9684804677963257,
            "1": 0.5157656073570251
        },
        "1": {
            "0": 0.9505249261856079,
            "1": 0.9264316558837891
        }
    }
}