{
    "confidence_score": 0.9438673257827759,
    "ptm": 0.9617506861686707,
    "iptm": 0.9164981245994568,
    "ligand_iptm": 0.9164981245994568,
    "protein_iptm": 0.0,
    "complex_plddt": 0.9507096409797668,
    "complex_iplddt": 0.8973431587219238,
    "complex_pde": 0.40967974066734314,
    "complex_ipde": 1.128320574760437,
    "chains_ptm": {
        "0": 0.9638484120368958,
        "1": 0.9251607060432434
    },
    "pair_chains_iptm": {
        "0": {
            "0": 0.9638484120368958,
            "1": 0.47638335824012756
        },
        "1": {
            "0": 0.9164981245994568,
            "1": 0.9251607060432434
        }
    }
}