seed,sample,ranking_score
1,0,0.860828709930453
1,1,0.8447886918948563
1,2,0.8486730598431136
1,3,0.8509991425396137
1,4,0.8340592413763416
