seed,sample,ranking_score
1,0,0.8040462608750276
1,1,0.816519425690432
1,2,0.8287421835947129
1,3,0.8161161914061181
1,4,0.8219821999082876
