{
    "confidence_score": 0.9600591063499451,
    "ptm": 0.9459345936775208,
    "iptm": 0.9835081696510315,
    "ligand_iptm": 0.9835081696510315,
    "protein_iptm": 0.0,
    "complex_plddt": 0.9541968107223511,
    "complex_iplddt": 0.9492785334587097,
    "complex_pde": 0.44112205505371094,
    "complex_ipde": 0.5274756550788879,
    "chains_ptm": {
        "0": 0.9442676901817322,
        "1": 0.9331634044647217
    },
    "pair_chains_iptm": {
        "0": {
            "0": 0.9442676901817322,
            "1": 0.5937823057174683
        },
        "1": {
            "0": 0.9835081696510315,
            "1": 0.9331634044647217
        }
    }
}