{
    "confidence_score": 0.9482851028442383,
    "ptm": 0.9476364850997925,
    "iptm": 0.955166220664978,
    "ligand_iptm": 0.955166220664978,
    "protein_iptm": 0.0,
    "complex_plddt": 0.9465648531913757,
    "complex_iplddt": 0.9175874590873718,
    "complex_pde": 0.4447539448738098,
    "complex_ipde": 0.7490441203117371,
    "chains_ptm": {
        "0": 0.9471537470817566,
        "1": 0.9389732480049133
    },
    "pair_chains_iptm": {
        "0": {
            "0": 0.9471537470817566,
            "1": 0.6677796840667725
        },
        "1": {
            "0": 0.955166220664978,
            "1": 0.9389732480049133
        }
    }
}