seed,sample,ranking_score
1,0,0.7422669525871604
1,1,0.7458319112471264
1,2,0.7832501562117481
1,3,0.7383982858480375
1,4,0.745572215915366
