{
    "confidence_score": 0.9494679570198059,
    "ptm": 0.9485695362091064,
    "iptm": 0.9426633715629578,
    "ligand_iptm": 0.9426633715629578,
    "protein_iptm": 0.0,
    "complex_plddt": 0.9511690735816956,
    "complex_iplddt": 0.9227898716926575,
    "complex_pde": 0.45137426257133484,
    "complex_ipde": 0.8310856223106384,
    "chains_ptm": {
        "0": 0.9489398002624512,
        "1": 0.9654048085212708
    },
    "pair_chains_iptm": {
        "0": {
            "0": 0.9489398002624512,
            "1": 0.5610878467559814
        },
        "1": {
            "0": 0.9426633715629578,
            "1": 0.9654048085212708
        }
    }
}