{
    "confidence_score": 0.9522238969802856,
    "ptm": 0.9640288352966309,
    "iptm": 0.9599394202232361,
    "ligand_iptm": 0.9599394202232361,
    "protein_iptm": 0.0,
    "complex_plddt": 0.9502949714660645,
    "complex_iplddt": 0.9178849458694458,
    "complex_pde": 0.38671091198921204,
    "complex_ipde": 0.6565721035003662,
    "chains_ptm": {
        "0": 0.9644782543182373,
        "1": 0.9179798364639282
    },
    "pair_chains_iptm": {
        "0": {
            "0": 0.9644782543182373,
            "1": 0.6565080881118774
        },
        "1": {
            "0": 0.9599394202232361,
            "1": 0.9179798364639282
        }
    }
}