seed,sample,ranking_score
1,0,0.8376105490355426
1,1,0.82515766516366
1,2,0.8629775050171044
1,3,0.836250292198978
1,4,0.8478934886404087
