{
    "confidence_score": 0.9506379961967468,
    "ptm": 0.9644137620925903,
    "iptm": 0.9057108163833618,
    "ligand_iptm": 0.9057108163833618,
    "protein_iptm": 0.0,
    "complex_plddt": 0.9618698358535767,
    "complex_iplddt": 0.9220812916755676,
    "complex_pde": 0.3997941315174103,
    "complex_ipde": 1.199282169342041,
    "chains_ptm": {
        "0": 0.9679840207099915,
        "1": 0.9410647749900818
    },
    "pair_chains_iptm": {
        "0": {
            "0": 0.9679840207099915,
            "1": 0.3748653829097748
        },
        "1": {
            "0": 0.9057108163833618,
            "1": 0.9410647749900818
        }
    }
}