{
    "confidence_score": 0.938319981098175,
    "ptm": 0.9400445818901062,
    "iptm": 0.8786733150482178,
    "ligand_iptm": 0.8786733150482178,
    "protein_iptm": 0.0,
    "complex_plddt": 0.9532315731048584,
    "complex_iplddt": 0.864435076713562,
    "complex_pde": 0.5109739899635315,
    "complex_ipde": 1.2486062049865723,
    "chains_ptm": {
        "0": 0.9431702494621277,
        "1": 0.9511216282844543
    },
    "pair_chains_iptm": {
        "0": {
            "0": 0.9431702494621277,
            "1": 0.440411776304245
        },
        "1": {
            "0": 0.8786733150482178,
            "1": 0.9511216282844543
        }
    }
}