{
    "confidence_score": 0.9445759654045105,
    "ptm": 0.9493328928947449,
    "iptm": 0.9353224635124207,
    "ligand_iptm": 0.9353224635124207,
    "protein_iptm": 0.0,
    "complex_plddt": 0.946889340877533,
    "complex_iplddt": 0.9040234684944153,
    "complex_pde": 0.45580217242240906,
    "complex_ipde": 0.8813568353652954,
    "chains_ptm": {
        "0": 0.9500980377197266,
        "1": 0.9476348757743835
    },
    "pair_chains_iptm": {
        "0": {
            "0": 0.9500980377197266,
            "1": 0.5551977157592773
        },
        "1": {
            "0": 0.9353224635124207,
            "1": 0.9476348757743835
        }
    }
}