seed,sample,ranking_score
1,0,0.9222216075262955
1,1,0.9237435243641355
1,2,0.944320035070949
1,3,0.922922221194106
1,4,0.92711397343235
