{
    "confidence_score": 0.9466096758842468,
    "ptm": 0.9490786194801331,
    "iptm": 0.9488682746887207,
    "ligand_iptm": 0.9488682746887207,
    "protein_iptm": 0.0,
    "complex_plddt": 0.9460451006889343,
    "complex_iplddt": 0.9045071005821228,
    "complex_pde": 0.45144346356391907,
    "complex_ipde": 0.789360761642456,
    "chains_ptm": {
        "0": 0.9491447806358337,
        "1": 0.9447289705276489
    },
    "pair_chains_iptm": {
        "0": {
            "0": 0.9491447806358337,
            "1": 0.567721962928772
        },
        "1": {
            "0": 0.9488682746887207,
            "1": 0.9447289705276489
        }
    }
}