seed,sample,ranking_score
1,0,0.7365699118137853
1,1,0.7572208736825583
1,2,0.7403911492056917
1,3,0.6943891053692467
1,4,0.6896186820260893
