{
    "confidence_score": 0.9561083912849426,
    "ptm": 0.9639069437980652,
    "iptm": 0.9885496497154236,
    "ligand_iptm": 0.9885496497154236,
    "protein_iptm": 0.0,
    "complex_plddt": 0.947998046875,
    "complex_iplddt": 0.9514329433441162,
    "complex_pde": 0.3593304455280304,
    "complex_ipde": 0.4169536530971527,
    "chains_ptm": {
        "0": 0.9630083441734314,
        "1": 0.9761241674423218
    },
    "pair_chains_iptm": {
        "0": {
            "0": 0.9630083441734314,
            "1": 0.8013332486152649
        },
        "1": {
            "0": 0.9885496497154236,
            "1": 0.9761241674423218
        }
    }
}