{
    "confidence_score": 0.9514984488487244,
    "ptm": 0.9606295228004456,
    "iptm": 0.9380677342414856,
    "ligand_iptm": 0.9380677342414856,
    "protein_iptm": 0.0,
    "complex_plddt": 0.9548560380935669,
    "complex_iplddt": 0.9104980826377869,
    "complex_pde": 0.39889588952064514,
    "complex_ipde": 0.8600781559944153,
    "chains_ptm": {
        "0": 0.961793839931488,
        "1": 0.9703443646430969
    },
    "pair_chains_iptm": {
        "0": {
            "0": 0.961793839931488,
            "1": 0.5867505669593811
        },
        "1": {
            "0": 0.9380677342414856,
            "1": 0.9703443646430969
        }
    }
}