seed,sample,ranking_score
1,0,0.7947416266536422
1,1,0.8593570045963961
1,2,0.8488035322083827
1,3,0.8532835580269282
1,4,0.8696640547767147
