seed,sample,ranking_score
1,0,0.9391168453997245
1,1,0.9386212232982742
1,2,0.9596229006861792
1,3,0.9386884063940251
1,4,0.9462817845643127
