{
    "confidence_score": 0.9373930096626282,
    "ptm": 0.9584814310073853,
    "iptm": 0.9455525279045105,
    "ligand_iptm": 0.9455525279045105,
    "protein_iptm": 0.0,
    "complex_plddt": 0.93535315990448,
    "complex_iplddt": 0.9016427397727966,
    "complex_pde": 0.41073837876319885,
    "complex_ipde": 0.7922642230987549,
    "chains_ptm": {
        "0": 0.9598438739776611,
        "1": 0.9317096471786499
    },
    "pair_chains_iptm": {
        "0": {
            "0": 0.9598438739776611,
            "1": 0.6542015671730042
        },
        "1": {
            "0": 0.9455525279045105,
            "1": 0.9317096471786499
        }
    }
}