{
    "confidence_score": 0.9549669623374939,
    "ptm": 0.9471982717514038,
    "iptm": 0.9434047937393188,
    "ligand_iptm": 0.9434047937393188,
    "protein_iptm": 0.0,
    "complex_plddt": 0.9578574299812317,
    "complex_iplddt": 0.9127259850502014,
    "complex_pde": 0.4449306130409241,
    "complex_ipde": 0.8070959448814392,
    "chains_ptm": {
        "0": 0.9474751949310303,
        "1": 0.9517894983291626
    },
    "pair_chains_iptm": {
        "0": {
            "0": 0.9474751949310303,
            "1": 0.5273458361625671
        },
        "1": {
            "0": 0.9434047937393188,
            "1": 0.9517894983291626
        }
    }
}