{
    "confidence_score": 0.938033401966095,
    "ptm": 0.9580370187759399,
    "iptm": 0.9300090670585632,
    "ligand_iptm": 0.9300090670585632,
    "protein_iptm": 0.0,
    "complex_plddt": 0.9400394558906555,
    "complex_iplddt": 0.8889604806900024,
    "complex_pde": 0.4141641855239868,
    "complex_ipde": 0.8348996639251709,
    "chains_ptm": {
        "0": 0.9597331285476685,
        "1": 0.9297165274620056
    },
    "pair_chains_iptm": {
        "0": {
            "0": 0.9597331285476685,
            "1": 0.4647846817970276
        },
        "1": {
            "0": 0.9300090670585632,
            "1": 0.9297165274620056
        }
    }
}