seed,sample,ranking_score
1,0,0.9293394086605109
1,1,0.9301761736939881
1,2,0.94844912594964
1,3,0.9259698037844389
1,4,0.9276119134894891
