{
    "confidence_score": 0.8932634592056274,
    "ptm": 0.95162034034729,
    "iptm": 0.7172608971595764,
    "ligand_iptm": 0.7172608971595764,
    "protein_iptm": 0.0,
    "complex_plddt": 0.937264084815979,
    "complex_iplddt": 0.8182927370071411,
    "complex_pde": 0.6832509636878967,
    "complex_ipde": 4.648053169250488,
    "chains_ptm": {
        "0": 0.9662793278694153,
        "1": 0.864546000957489
    },
    "pair_chains_iptm": {
        "0": {
            "0": 0.9662793278694153,
            "1": 0.29319894313812256
        },
        "1": {
            "0": 0.7172608971595764,
            "1": 0.864546000957489
        }
    }
}