seed,sample,ranking_score
44,0,0.8675227540318581
44,1,0.873750555205011
44,2,0.8518037516203287
44,3,0.8410062872574134
44,4,0.8413573422513647
9,0,0.8503732430979346
9,1,0.8546149385843471
9,2,0.8470394198458004
9,3,0.8541412851077397
9,4,0.8481732447371515
80,0,0.8522532320670335
80,1,0.8533129497493145
80,2,0.8488717195314514
80,3,0.8542817809200763
80,4,0.8448077087784231
