{
    "confidence_score": 0.9488698840141296,
    "ptm": 0.959801435470581,
    "iptm": 0.9777559638023376,
    "ligand_iptm": 0.9777559638023376,
    "protein_iptm": 0.0,
    "complex_plddt": 0.9416483640670776,
    "complex_iplddt": 0.9283546209335327,
    "complex_pde": 0.3797585368156433,
    "complex_ipde": 0.510667085647583,
    "chains_ptm": {
        "0": 0.9583053588867188,
        "1": 0.9682782888412476
    },
    "pair_chains_iptm": {
        "0": {
            "0": 0.9583053588867188,
            "1": 0.777403712272644
        },
        "1": {
            "0": 0.9777559638023376,
            "1": 0.9682782888412476
        }
    }
}