seed,sample,ranking_score
1,0,0.832016495726982
1,1,0.8429328559782672
1,2,0.8828234298158134
1,3,0.834414928122711
1,4,0.8556688077287135
