{
    "confidence_score": 0.939609944820404,
    "ptm": 0.9512054920196533,
    "iptm": 0.8971130847930908,
    "ligand_iptm": 0.8971130847930908,
    "protein_iptm": 0.0,
    "complex_plddt": 0.9502341151237488,
    "complex_iplddt": 0.887495756149292,
    "complex_pde": 0.46332383155822754,
    "complex_ipde": 1.3171484470367432,
    "chains_ptm": {
        "0": 0.953420877456665,
        "1": 0.9296687841415405
    },
    "pair_chains_iptm": {
        "0": {
            "0": 0.953420877456665,
            "1": 0.4068620204925537
        },
        "1": {
            "0": 0.8971130847930908,
            "1": 0.9296687841415405
        }
    }
}