seed,sample,ranking_score
1,0,0.8522627015419025
1,1,0.8556664269392448
1,2,0.8553252133968319
1,3,0.8644232339758067
1,4,0.8745245365498552
