{
    "confidence_score": 0.952591598033905,
    "ptm": 0.9662833213806152,
    "iptm": 0.9563890099525452,
    "ligand_iptm": 0.9563890099525452,
    "protein_iptm": 0.0,
    "complex_plddt": 0.9516422748565674,
    "complex_iplddt": 0.9238455891609192,
    "complex_pde": 0.3640718460083008,
    "complex_ipde": 0.693495512008667,
    "chains_ptm": {
        "0": 0.9666873812675476,
        "1": 0.9815621972084045
    },
    "pair_chains_iptm": {
        "0": {
            "0": 0.9666873812675476,
            "1": 0.6431490778923035
        },
        "1": {
            "0": 0.9563890099525452,
            "1": 0.9815621972084045
        }
    }
}