{
    "confidence_score": 0.9426277279853821,
    "ptm": 0.93784499168396,
    "iptm": 0.8971949815750122,
    "ligand_iptm": 0.8971949815750122,
    "protein_iptm": 0.0,
    "complex_plddt": 0.953985869884491,
    "complex_iplddt": 0.9059951305389404,
    "complex_pde": 0.5190854668617249,
    "complex_ipde": 1.3950881958007812,
    "chains_ptm": {
        "0": 0.9398254752159119,
        "1": 0.9249875545501709
    },
    "pair_chains_iptm": {
        "0": {
            "0": 0.9398254752159119,
            "1": 0.43027836084365845
        },
        "1": {
            "0": 0.8971949815750122,
            "1": 0.9249875545501709
        }
    }
}