{
    "confidence_score": 0.9375035166740417,
    "ptm": 0.9661418199539185,
    "iptm": 0.9032033085823059,
    "ligand_iptm": 0.9032033085823059,
    "protein_iptm": 0.0,
    "complex_plddt": 0.9460785388946533,
    "complex_iplddt": 0.9202788472175598,
    "complex_pde": 0.40454375743865967,
    "complex_ipde": 1.3059275150299072,
    "chains_ptm": {
        "0": 0.9695351123809814,
        "1": 0.9652884602546692
    },
    "pair_chains_iptm": {
        "0": {
            "0": 0.9695351123809814,
            "1": 0.4832344949245453
        },
        "1": {
            "0": 0.9032033085823059,
            "1": 0.9652884602546692
        }
    }
}