seed,sample,ranking_score
1,0,0.8584598018991432
1,1,0.8739635883058341
1,2,0.8962850997289751
1,3,0.8776756114059397
1,4,0.8848385493960617
