seed,sample,ranking_score
1,0,0.78567690496867
1,1,0.8242971340100455
1,2,0.796329569513662
1,3,0.7710009282511272
1,4,0.7992342783080325
