{
    "confidence_score": 0.9375030398368835,
    "ptm": 0.9482390880584717,
    "iptm": 0.9494280815124512,
    "ligand_iptm": 0.9494280815124512,
    "protein_iptm": 0.0,
    "complex_plddt": 0.9345218539237976,
    "complex_iplddt": 0.8659303784370422,
    "complex_pde": 0.4577144682407379,
    "complex_ipde": 0.7652634382247925,
    "chains_ptm": {
        "0": 0.9482940435409546,
        "1": 0.9218579530715942
    },
    "pair_chains_iptm": {
        "0": {
            "0": 0.9482940435409546,
            "1": 0.5505181550979614
        },
        "1": {
            "0": 0.9494280815124512,
            "1": 0.9218579530715942
        }
    }
}