seed,sample,ranking_score
1,0,0.8607783749832378
1,1,0.8722954431107023
1,2,0.8721460304006651
1,3,0.8614145309752326
1,4,0.8500293036460893
