{
    "confidence_score": 0.9537450671195984,
    "ptm": 0.9684353470802307,
    "iptm": 0.9629902839660645,
    "ligand_iptm": 0.9629902839660645,
    "protein_iptm": 0.0,
    "complex_plddt": 0.9514337778091431,
    "complex_iplddt": 0.9119512438774109,
    "complex_pde": 0.3621806502342224,
    "complex_ipde": 0.6024737358093262,
    "chains_ptm": {
        "0": 0.9688321948051453,
        "1": 0.9560743570327759
    },
    "pair_chains_iptm": {
        "0": {
            "0": 0.9688321948051453,
            "1": 0.636116623878479
        },
        "1": {
            "0": 0.9629902839660645,
            "1": 0.9560743570327759
        }
    }
}