{
    "confidence_score": 0.9428205490112305,
    "ptm": 0.9586001634597778,
    "iptm": 0.9493962526321411,
    "ligand_iptm": 0.9493962526321411,
    "protein_iptm": 0.0,
    "complex_plddt": 0.9411765933036804,
    "complex_iplddt": 0.9014314413070679,
    "complex_pde": 0.41391751170158386,
    "complex_ipde": 0.7534158229827881,
    "chains_ptm": {
        "0": 0.9591726064682007,
        "1": 0.9378758072853088
    },
    "pair_chains_iptm": {
        "0": {
            "0": 0.9591726064682007,
            "1": 0.5931305289268494
        },
        "1": {
            "0": 0.9493962526321411,
            "1": 0.9378758072853088
        }
    }
}