seed,sample,ranking_score
1,0,0.6855444897532275
1,1,0.6948569035595579
1,2,0.8150749122573835
1,3,0.7126499501177544
1,4,0.6885512671375612
