{
    "confidence_score": 0.9390659332275391,
    "ptm": 0.9397426247596741,
    "iptm": 0.9185896515846252,
    "ligand_iptm": 0.9185896515846252,
    "protein_iptm": 0.0,
    "complex_plddt": 0.9441849589347839,
    "complex_iplddt": 0.9311203360557556,
    "complex_pde": 0.5343010425567627,
    "complex_ipde": 1.1518360376358032,
    "chains_ptm": {
        "0": 0.9422826170921326,
        "1": 0.8581697344779968
    },
    "pair_chains_iptm": {
        "0": {
            "0": 0.9422826170921326,
            "1": 0.38525891304016113
        },
        "1": {
            "0": 0.9185896515846252,
            "1": 0.8581697344779968
        }
    }
}