seed,sample,ranking_score
1,0,0.8220909287033462
1,1,0.8372215534082232
1,2,0.8052887692398899
1,3,0.8154285335514422
1,4,0.838119896597208
