seed,sample,ranking_score
1,0,0.8837266801090619
1,1,0.8938075527063948
1,2,0.914293808530128
1,3,0.8864372093106674
1,4,0.8973665306660744
