{
    "confidence_score": 0.9378244280815125,
    "ptm": 0.9490744471549988,
    "iptm": 0.9339817762374878,
    "ligand_iptm": 0.9339817762374878,
    "protein_iptm": 0.0,
    "complex_plddt": 0.9387850761413574,
    "complex_iplddt": 0.8871330618858337,
    "complex_pde": 0.4609659016132355,
    "complex_ipde": 0.9624466896057129,
    "chains_ptm": {
        "0": 0.9500774145126343,
        "1": 0.9558562636375427
    },
    "pair_chains_iptm": {
        "0": {
            "0": 0.9500774145126343,
            "1": 0.5375043749809265
        },
        "1": {
            "0": 0.9339817762374878,
            "1": 0.9558562636375427
        }
    }
}