{
    "confidence_score": 0.9492257237434387,
    "ptm": 0.9448795914649963,
    "iptm": 0.9448748230934143,
    "ligand_iptm": 0.9448748230934143,
    "protein_iptm": 0.0,
    "complex_plddt": 0.9503134489059448,
    "complex_iplddt": 0.9331569075584412,
    "complex_pde": 0.4667608439922333,
    "complex_ipde": 0.9719392657279968,
    "chains_ptm": {
        "0": 0.9450356364250183,
        "1": 0.9656701683998108
    },
    "pair_chains_iptm": {
        "0": {
            "0": 0.9450356364250183,
            "1": 0.47034215927124023
        },
        "1": {
            "0": 0.9448748230934143,
            "1": 0.9656701683998108
        }
    }
}