{
    "confidence_score": 0.9398342967033386,
    "ptm": 0.9558728337287903,
    "iptm": 0.9715630412101746,
    "ligand_iptm": 0.9715630412101746,
    "protein_iptm": 0.0,
    "complex_plddt": 0.9319021701812744,
    "complex_iplddt": 0.8822165727615356,
    "complex_pde": 0.41217851638793945,
    "complex_ipde": 0.5899898409843445,
    "chains_ptm": {
        "0": 0.9547421336174011,
        "1": 0.942741870880127
    },
    "pair_chains_iptm": {
        "0": {
            "0": 0.9547421336174011,
            "1": 0.6727829575538635
        },
        "1": {
            "0": 0.9715630412101746,
            "1": 0.942741870880127
        }
    }
}