{
    "confidence_score": 0.9435634613037109,
    "ptm": 0.9457601308822632,
    "iptm": 0.9362329840660095,
    "ligand_iptm": 0.9362329840660095,
    "protein_iptm": 0.0,
    "complex_plddt": 0.9453961253166199,
    "complex_iplddt": 0.9272021651268005,
    "complex_pde": 0.46874284744262695,
    "complex_ipde": 0.940532922744751,
    "chains_ptm": {
        "0": 0.9462936520576477,
        "1": 0.9400806427001953
    },
    "pair_chains_iptm": {
        "0": {
            "0": 0.9462936520576477,
            "1": 0.49992892146110535
        },
        "1": {
            "0": 0.9362329840660095,
            "1": 0.9400806427001953
        }
    }
}