seed,sample,ranking_score
1,0,0.7486773498201321
1,1,0.7868559295697378
1,2,0.8157582653937887
1,3,0.7865882754578004
1,4,0.7996451895839062
