seed,sample,ranking_score
1,0,0.9337719804431459
1,1,0.942551501839002
1,2,0.9448304813881145
1,3,0.9354255568490324
1,4,0.9381937047942178
