{
    "confidence_score": 0.9522523880004883,
    "ptm": 0.9606608152389526,
    "iptm": 0.9600870013237,
    "ligand_iptm": 0.9600870013237,
    "protein_iptm": 0.0,
    "complex_plddt": 0.9502937197685242,
    "complex_iplddt": 0.9420972466468811,
    "complex_pde": 0.3943926990032196,
    "complex_ipde": 0.8168204426765442,
    "chains_ptm": {
        "0": 0.9607545137405396,
        "1": 0.9862874150276184
    },
    "pair_chains_iptm": {
        "0": {
            "0": 0.9607545137405396,
            "1": 0.6979570984840393
        },
        "1": {
            "0": 0.9600870013237,
            "1": 0.9862874150276184
        }
    }
}