{
    "confidence_score": 0.9249772429466248,
    "ptm": 0.9570246338844299,
    "iptm": 0.8484994769096375,
    "ligand_iptm": 0.8484994769096375,
    "protein_iptm": 0.0,
    "complex_plddt": 0.9440966844558716,
    "complex_iplddt": 0.8743651509284973,
    "complex_pde": 0.45630064606666565,
    "complex_ipde": 1.7903763055801392,
    "chains_ptm": {
        "0": 0.9615124464035034,
        "1": 0.9269605278968811
    },
    "pair_chains_iptm": {
        "0": {
            "0": 0.9615124464035034,
            "1": 0.34273386001586914
        },
        "1": {
            "0": 0.8484994769096375,
            "1": 0.9269605278968811
        }
    }
}