{
    "confidence_score": 0.9458033442497253,
    "ptm": 0.9505646824836731,
    "iptm": 0.9362484812736511,
    "ligand_iptm": 0.9362484812736511,
    "protein_iptm": 0.0,
    "complex_plddt": 0.9481920599937439,
    "complex_iplddt": 0.8786329030990601,
    "complex_pde": 0.4291703701019287,
    "complex_ipde": 0.8509760499000549,
    "chains_ptm": {
        "0": 0.9512975811958313,
        "1": 0.9585734605789185
    },
    "pair_chains_iptm": {
        "0": {
            "0": 0.9512975811958313,
            "1": 0.5116581320762634
        },
        "1": {
            "0": 0.9362484812736511,
            "1": 0.9585734605789185
        }
    }
}