seed,sample,ranking_score
44,0,0.9251767998270242
44,1,0.9048830434790378
44,2,0.9014140491808306
44,3,0.9098703500253771
44,4,0.9085652203890029
9,0,0.8914119697119499
9,1,0.8911947828800801
9,2,0.8957986411069141
9,3,0.889632059970961
9,4,0.8895330542409179
80,0,0.8956333344755856
80,1,0.905761957304075
80,2,0.8913489886373369
80,3,0.8774643661920366
80,4,0.8948287993085221
