{
    "confidence_score": 0.961647629737854,
    "ptm": 0.9471632242202759,
    "iptm": 0.9861966371536255,
    "ligand_iptm": 0.9861966371536255,
    "protein_iptm": 0.0,
    "complex_plddt": 0.9555103778839111,
    "complex_iplddt": 0.9572373032569885,
    "complex_pde": 0.430548757314682,
    "complex_ipde": 0.5063754320144653,
    "chains_ptm": {
        "0": 0.9457166194915771,
        "1": 0.9722737669944763
    },
    "pair_chains_iptm": {
        "0": {
            "0": 0.9457166194915771,
            "1": 0.7724588513374329
        },
        "1": {
            "0": 0.9861966371536255,
            "1": 0.9722737669944763
        }
    }
}