seed,sample,ranking_score
1,0,0.7648767509612145
1,1,0.7615680592450386
1,2,0.4577315748677525
1,3,0.7692667295361098
1,4,0.7518687760037158
