seed,sample,ranking_score
1,0,0.9155350362368035
1,1,0.9281638005032821
1,2,0.9249431332098594
1,3,0.9155128053725701
1,4,0.9023364046151805
