{
    "confidence_score": 0.9425018429756165,
    "ptm": 0.9493564367294312,
    "iptm": 0.952793538570404,
    "ligand_iptm": 0.952793538570404,
    "protein_iptm": 0.0,
    "complex_plddt": 0.9399289488792419,
    "complex_iplddt": 0.9137791395187378,
    "complex_pde": 0.4628759026527405,
    "complex_ipde": 0.7203904390335083,
    "chains_ptm": {
        "0": 0.9491875171661377,
        "1": 0.8763833045959473
    },
    "pair_chains_iptm": {
        "0": {
            "0": 0.9491875171661377,
            "1": 0.6328491568565369
        },
        "1": {
            "0": 0.952793538570404,
            "1": 0.8763833045959473
        }
    }
}