{
    "confidence_score": 0.9343345761299133,
    "ptm": 0.9414772987365723,
    "iptm": 0.9242938756942749,
    "ligand_iptm": 0.9242938756942749,
    "protein_iptm": 0.0,
    "complex_plddt": 0.9368447065353394,
    "complex_iplddt": 0.9112844467163086,
    "complex_pde": 0.5070813298225403,
    "complex_ipde": 0.9768584966659546,
    "chains_ptm": {
        "0": 0.9434031248092651,
        "1": 0.8640645146369934
    },
    "pair_chains_iptm": {
        "0": {
            "0": 0.9434031248092651,
            "1": 0.5406838655471802
        },
        "1": {
            "0": 0.9242938756942749,
            "1": 0.8640645146369934
        }
    }
}