seed,sample,ranking_score
1,0,0.794244816446586
1,1,0.8076026283544517
1,2,0.805169701653907
1,3,0.7832504747347119
1,4,0.7949265088822335
