{
    "confidence_score": 0.9623244404792786,
    "ptm": 0.945975124835968,
    "iptm": 0.9886003732681274,
    "ligand_iptm": 0.9886003732681274,
    "protein_iptm": 0.0,
    "complex_plddt": 0.9557554721832275,
    "complex_iplddt": 0.955132007598877,
    "complex_pde": 0.4253907799720764,
    "complex_ipde": 0.4426504373550415,
    "chains_ptm": {
        "0": 0.9441018104553223,
        "1": 0.9895979166030884
    },
    "pair_chains_iptm": {
        "0": {
            "0": 0.9441018104553223,
            "1": 0.7928892970085144
        },
        "1": {
            "0": 0.9886003732681274,
            "1": 0.9895979166030884
        }
    }
}