{
    "confidence_score": 0.9280223250389099,
    "ptm": 0.9468784928321838,
    "iptm": 0.9073915481567383,
    "ligand_iptm": 0.9073915481567383,
    "protein_iptm": 0.0,
    "complex_plddt": 0.9331799745559692,
    "complex_iplddt": 0.8501011729240417,
    "complex_pde": 0.47892892360687256,
    "complex_ipde": 1.1682542562484741,
    "chains_ptm": {
        "0": 0.9496886730194092,
        "1": 0.9251132011413574
    },
    "pair_chains_iptm": {
        "0": {
            "0": 0.9496886730194092,
            "1": 0.4780023396015167
        },
        "1": {
            "0": 0.9073915481567383,
            "1": 0.9251132011413574
        }
    }
}