{
    "confidence_score": 0.9409134984016418,
    "ptm": 0.9410922527313232,
    "iptm": 0.8697419762611389,
    "ligand_iptm": 0.8697419762611389,
    "protein_iptm": 0.0,
    "complex_plddt": 0.9587063789367676,
    "complex_iplddt": 0.9011778235435486,
    "complex_pde": 0.5094359517097473,
    "complex_ipde": 1.6969980001449585,
    "chains_ptm": {
        "0": 0.943892240524292,
        "1": 0.9579074382781982
    },
    "pair_chains_iptm": {
        "0": {
            "0": 0.943892240524292,
            "1": 0.36775556206703186
        },
        "1": {
            "0": 0.8697419762611389,
            "1": 0.9579074382781982
        }
    }
}