{
    "confidence_score": 0.9450879096984863,
    "ptm": 0.9582662582397461,
    "iptm": 0.9465960264205933,
    "ligand_iptm": 0.9465960264205933,
    "protein_iptm": 0.0,
    "complex_plddt": 0.944710910320282,
    "complex_iplddt": 0.9089325666427612,
    "complex_pde": 0.39863452315330505,
    "complex_ipde": 0.7885133028030396,
    "chains_ptm": {
        "0": 0.9590388536453247,
        "1": 0.9730195999145508
    },
    "pair_chains_iptm": {
        "0": {
            "0": 0.9590388536453247,
            "1": 0.6250575184822083
        },
        "1": {
            "0": 0.9465960264205933,
            "1": 0.9730195999145508
        }
    }
}