seed,sample,ranking_score
1,0,0.8705499467363533
1,1,0.8913306194335812
1,2,0.8914407150579692
1,3,0.872146827639412
1,4,0.8655318040636387
