{
    "confidence_score": 0.9467342495918274,
    "ptm": 0.954402506351471,
    "iptm": 0.9631093144416809,
    "ligand_iptm": 0.9631093144416809,
    "protein_iptm": 0.0,
    "complex_plddt": 0.942640483379364,
    "complex_iplddt": 0.9019942283630371,
    "complex_pde": 0.4143370985984802,
    "complex_ipde": 0.6419893503189087,
    "chains_ptm": {
        "0": 0.9540104269981384,
        "1": 0.9570396542549133
    },
    "pair_chains_iptm": {
        "0": {
            "0": 0.9540104269981384,
            "1": 0.6463019251823425
        },
        "1": {
            "0": 0.9631093144416809,
            "1": 0.9570396542549133
        }
    }
}