{
    "confidence_score": 0.9383946657180786,
    "ptm": 0.9567778706550598,
    "iptm": 0.9482576847076416,
    "ligand_iptm": 0.9482576847076416,
    "protein_iptm": 0.0,
    "complex_plddt": 0.9359288811683655,
    "complex_iplddt": 0.8811068534851074,
    "complex_pde": 0.4268469512462616,
    "complex_ipde": 0.7827588319778442,
    "chains_ptm": {
        "0": 0.9582164287567139,
        "1": 0.8490868210792542
    },
    "pair_chains_iptm": {
        "0": {
            "0": 0.9582164287567139,
            "1": 0.5322445034980774
        },
        "1": {
            "0": 0.9482576847076416,
            "1": 0.8490868210792542
        }
    }
}