{
    "confidence_score": 0.9372208714485168,
    "ptm": 0.9400732517242432,
    "iptm": 0.9497452974319458,
    "ligand_iptm": 0.9497452974319458,
    "protein_iptm": 0.0,
    "complex_plddt": 0.9340897798538208,
    "complex_iplddt": 0.9012730121612549,
    "complex_pde": 0.4974350333213806,
    "complex_ipde": 0.7929927706718445,
    "chains_ptm": {
        "0": 0.9394867420196533,
        "1": 0.9160488843917847
    },
    "pair_chains_iptm": {
        "0": {
            "0": 0.9394867420196533,
            "1": 0.4931733310222626
        },
        "1": {
            "0": 0.9497452974319458,
            "1": 0.9160488843917847
        }
    }
}