{
    "confidence_score": 0.9575943946838379,
    "ptm": 0.9549229741096497,
    "iptm": 0.9410819411277771,
    "ligand_iptm": 0.9410819411277771,
    "protein_iptm": 0.0,
    "complex_plddt": 0.9617224931716919,
    "complex_iplddt": 0.926089346408844,
    "complex_pde": 0.4280453324317932,
    "complex_ipde": 0.9091736078262329,
    "chains_ptm": {
        "0": 0.9557340741157532,
        "1": 0.9440235495567322
    },
    "pair_chains_iptm": {
        "0": {
            "0": 0.9557340741157532,
            "1": 0.3963591754436493
        },
        "1": {
            "0": 0.9410819411277771,
            "1": 0.9440235495567322
        }
    }
}