seed,sample,ranking_score
1,0,0.8220468961416636
1,1,0.8072442858142179
1,2,0.8196477994274386
1,3,0.8222408625998938
1,4,0.8033327292038375
