{
    "confidence_score": 0.9450656175613403,
    "ptm": 0.947989821434021,
    "iptm": 0.9162991046905518,
    "ligand_iptm": 0.9162991046905518,
    "protein_iptm": 0.0,
    "complex_plddt": 0.9522572159767151,
    "complex_iplddt": 0.9188414812088013,
    "complex_pde": 0.44369202852249146,
    "complex_ipde": 0.971703827381134,
    "chains_ptm": {
        "0": 0.9496122598648071,
        "1": 0.9574558138847351
    },
    "pair_chains_iptm": {
        "0": {
            "0": 0.9496122598648071,
            "1": 0.5807076096534729
        },
        "1": {
            "0": 0.9162991046905518,
            "1": 0.9574558138847351
        }
    }
}