seed,sample,ranking_score
1,0,0.82610619435783
1,1,0.8072557513944713
1,2,0.8494775160468963
1,3,0.8244540346166168
1,4,0.8003119912791654
