seed,sample,ranking_score
1,0,0.7923048015572468
1,1,0.8233950504269367
1,2,0.8058045900175709
1,3,0.7845133700486426
1,4,0.8071219466784119
