seed,sample,ranking_score
1,0,0.8265382860964671
1,1,0.804954140620815
1,2,0.80819627716911
1,3,0.7902015891017538
1,4,0.8399732593101017
