seed,sample,ranking_score
1,0,0.7433913630237582
1,1,0.597945144012903
1,2,0.7598493350971957
1,3,0.7635137047538751
1,4,0.7582926004953398
