seed,sample,ranking_score
1,0,0.8133751207025345
1,1,0.8317185623124747
1,2,0.8302554049975687
1,3,0.8236996967925205
1,4,0.78164961233127
