seed,sample,ranking_score
1,0,0.9007027154996264
1,1,0.9063545218311614
1,2,0.9170313634740928
1,3,0.8942936551560899
1,4,0.9064752118537122
