seed,sample,ranking_score
44,0,0.7722746283441456
44,1,0.7628137045869068
44,2,0.7391923037831697
44,3,0.7674941904529755
44,4,0.7478633985327708
9,0,0.7387508526820736
9,1,0.7201718779297821
9,2,0.7585406505055368
9,3,0.7284111676280485
9,4,0.7565514013080866
80,0,0.7641833366673194
80,1,0.7599646896434922
80,2,0.7612479784856875
80,3,0.7474590838716788
80,4,0.7455675341731653
