seed,sample,ranking_score
1,0,0.8656874014613934
1,1,0.8818674044617609
1,2,0.885426474815985
1,3,0.8628833921483704
1,4,0.8769256746107308
