{
    "confidence_score": 0.92067950963974,
    "ptm": 0.9348289370536804,
    "iptm": 0.9253754615783691,
    "ligand_iptm": 0.9253754615783691,
    "protein_iptm": 0.0,
    "complex_plddt": 0.9195055365562439,
    "complex_iplddt": 0.8462562561035156,
    "complex_pde": 0.5235634446144104,
    "complex_ipde": 1.022946834564209,
    "chains_ptm": {
        "0": 0.9359601736068726,
        "1": 0.9124692678451538
    },
    "pair_chains_iptm": {
        "0": {
            "0": 0.9359601736068726,
            "1": 0.47934699058532715
        },
        "1": {
            "0": 0.9253754615783691,
            "1": 0.9124692678451538
        }
    }
}