seed,sample,ranking_score
1,0,0.7608737956742675
1,1,0.7822576351741568
1,2,0.7901242188336056
1,3,0.7663529430176759
1,4,0.7786750737770912
