{
    "confidence_score": 0.9353275299072266,
    "ptm": 0.9649638533592224,
    "iptm": 0.8959193229675293,
    "ligand_iptm": 0.8959193229675293,
    "protein_iptm": 0.0,
    "complex_plddt": 0.9451795220375061,
    "complex_iplddt": 0.9254106879234314,
    "complex_pde": 0.4036674201488495,
    "complex_ipde": 1.1960456371307373,
    "chains_ptm": {
        "0": 0.9686254262924194,
        "1": 0.9243677258491516
    },
    "pair_chains_iptm": {
        "0": {
            "0": 0.9686254262924194,
            "1": 0.41837334632873535
        },
        "1": {
            "0": 0.8959193229675293,
            "1": 0.9243677258491516
        }
    }
}