seed,sample,ranking_score
44,0,0.8436523808085785
44,1,0.8197739930996608
44,2,0.8895806413825851
44,3,0.9007840820320031
44,4,0.8998198204190104
9,0,0.7890236043357416
9,1,0.875080368420804
9,2,0.8976404406091095
9,3,0.7962634225969201
9,4,0.8816353787112953
80,0,0.7916360601363548
80,1,0.7912356217455822
80,2,0.8896903063324889
80,3,0.7814888526349657
80,4,0.8031270543081089
