{
    "confidence_score": 0.9455537796020508,
    "ptm": 0.954819917678833,
    "iptm": 0.9189352989196777,
    "ligand_iptm": 0.9189352989196777,
    "protein_iptm": 0.0,
    "complex_plddt": 0.9522083401679993,
    "complex_iplddt": 0.9154894948005676,
    "complex_pde": 0.4127025604248047,
    "complex_ipde": 1.1143684387207031,
    "chains_ptm": {
        "0": 0.9564621448516846,
        "1": 0.9614232182502747
    },
    "pair_chains_iptm": {
        "0": {
            "0": 0.9564621448516846,
            "1": 0.4175392687320709
        },
        "1": {
            "0": 0.9189352989196777,
            "1": 0.9614232182502747
        }
    }
}