seed,sample,ranking_score
1,0,0.7575407612033598
1,1,0.757022274456644
1,2,0.7537214483039079
1,3,0.7326493080117154
1,4,0.7776948895475279
