seed,sample,ranking_score
1,0,0.7956504044888045
1,1,0.8093267055644564
1,2,0.8081177243992068
1,3,0.7846322489586844
1,4,0.7981752619050865
