{
    "confidence_score": 0.9338639378547668,
    "ptm": 0.9607570171356201,
    "iptm": 0.8322383165359497,
    "ligand_iptm": 0.8322383165359497,
    "protein_iptm": 0.0,
    "complex_plddt": 0.9592702984809875,
    "complex_iplddt": 0.8844015002250671,
    "complex_pde": 0.4665714502334595,
    "complex_ipde": 2.232574701309204,
    "chains_ptm": {
        "0": 0.9658192992210388,
        "1": 0.9441626667976379
    },
    "pair_chains_iptm": {
        "0": {
            "0": 0.9658192992210388,
            "1": 0.3105405569076538
        },
        "1": {
            "0": 0.8322383165359497,
            "1": 0.9441626667976379
        }
    }
}