seed,sample,ranking_score
1,0,0.8175836184674453
1,1,0.8305556263526038
1,2,0.8406882595060391
1,3,0.8263760144069238
1,4,0.8310601779562627
