{
    "confidence_score": 0.9287204146385193,
    "ptm": 0.9415468573570251,
    "iptm": 0.9090477228164673,
    "ligand_iptm": 0.9090477228164673,
    "protein_iptm": 0.0,
    "complex_plddt": 0.9336385726928711,
    "complex_iplddt": 0.84548419713974,
    "complex_pde": 0.49470463395118713,
    "complex_ipde": 1.073074460029602,
    "chains_ptm": {
        "0": 0.9443720579147339,
        "1": 0.9290737509727478
    },
    "pair_chains_iptm": {
        "0": {
            "0": 0.9443720579147339,
            "1": 0.5031187534332275
        },
        "1": {
            "0": 0.9090477228164673,
            "1": 0.9290737509727478
        }
    }
}