seed,sample,ranking_score
1,0,0.8184123257734781
1,1,0.8185862851339802
1,2,0.8138433480174729
1,3,0.7885526750127487
1,4,0.8194433804427151
