seed,sample,ranking_score
1,0,0.7435094893382923
1,1,0.7726333410810458
1,2,0.7449386881762506
1,3,0.7991613858503528
1,4,0.7201791705997012
