seed,sample,ranking_score
1,0,0.83367537620133
1,1,0.8500788372354415
1,2,0.850408161282802
1,3,0.8324362246066876
1,4,0.8349260347703189
