seed,sample,ranking_score
1,0,0.8577461340463206
1,1,0.8796023363713596
1,2,0.9419278559195423
1,3,0.9229585417316941
1,4,0.8791964885348688
