{
    "confidence_score": 0.9508106112480164,
    "ptm": 0.9353768825531006,
    "iptm": 0.9804859161376953,
    "ligand_iptm": 0.9804859161376953,
    "protein_iptm": 0.0,
    "complex_plddt": 0.9433917999267578,
    "complex_iplddt": 0.9417780637741089,
    "complex_pde": 0.4797600209712982,
    "complex_ipde": 0.572775661945343,
    "chains_ptm": {
        "0": 0.9335456490516663,
        "1": 0.9849008917808533
    },
    "pair_chains_iptm": {
        "0": {
            "0": 0.9335456490516663,
            "1": 0.7424702644348145
        },
        "1": {
            "0": 0.9804859161376953,
            "1": 0.9849008917808533
        }
    }
}