seed,sample,ranking_score
1,0,0.9379689459841659
1,1,0.9352769890455722
1,2,0.9621757248883984
1,3,0.9382317898216345
1,4,0.9456906980219333
