{
    "confidence_score": 0.9443942308425903,
    "ptm": 0.9631218910217285,
    "iptm": 0.9480149149894714,
    "ligand_iptm": 0.9480149149894714,
    "protein_iptm": 0.0,
    "complex_plddt": 0.9434890747070312,
    "complex_iplddt": 0.924235463142395,
    "complex_pde": 0.39155223965644836,
    "complex_ipde": 0.7613995671272278,
    "chains_ptm": {
        "0": 0.9641967415809631,
        "1": 0.9592286348342896
    },
    "pair_chains_iptm": {
        "0": {
            "0": 0.9641967415809631,
            "1": 0.6467032432556152
        },
        "1": {
            "0": 0.9480149149894714,
            "1": 0.9592286348342896
        }
    }
}