{
    "confidence_score": 0.9349750876426697,
    "ptm": 0.962451159954071,
    "iptm": 0.8947741985321045,
    "ligand_iptm": 0.8947741985321045,
    "protein_iptm": 0.0,
    "complex_plddt": 0.9450252056121826,
    "complex_iplddt": 0.8872851133346558,
    "complex_pde": 0.4110509753227234,
    "complex_ipde": 1.3076808452606201,
    "chains_ptm": {
        "0": 0.9652354717254639,
        "1": 0.9273696541786194
    },
    "pair_chains_iptm": {
        "0": {
            "0": 0.9652354717254639,
            "1": 0.3984021246433258
        },
        "1": {
            "0": 0.8947741985321045,
            "1": 0.9273696541786194
        }
    }
}