{
    "confidence_score": 0.9472658038139343,
    "ptm": 0.9440986514091492,
    "iptm": 0.9374024868011475,
    "ligand_iptm": 0.9374024868011475,
    "protein_iptm": 0.0,
    "complex_plddt": 0.949731707572937,
    "complex_iplddt": 0.9196614623069763,
    "complex_pde": 0.48023688793182373,
    "complex_ipde": 1.1522499322891235,
    "chains_ptm": {
        "0": 0.9443621635437012,
        "1": 0.988207995891571
    },
    "pair_chains_iptm": {
        "0": {
            "0": 0.9443621635437012,
            "1": 0.5802622437477112
        },
        "1": {
            "0": 0.9374024868011475,
            "1": 0.988207995891571
        }
    }
}