{
    "confidence_score": 0.9498699307441711,
    "ptm": 0.9419238567352295,
    "iptm": 0.9278316497802734,
    "ligand_iptm": 0.9278316497802734,
    "protein_iptm": 0.0,
    "complex_plddt": 0.9553794264793396,
    "complex_iplddt": 0.9240288138389587,
    "complex_pde": 0.47060975432395935,
    "complex_ipde": 0.8812143802642822,
    "chains_ptm": {
        "0": 0.9427257180213928,
        "1": 0.9031432867050171
    },
    "pair_chains_iptm": {
        "0": {
            "0": 0.9427257180213928,
            "1": 0.4777184724807739
        },
        "1": {
            "0": 0.9278316497802734,
            "1": 0.9031432867050171
        }
    }
}