seed,sample,ranking_score
1,0,0.7028145144715529
1,1,0.7110262956331062
1,2,0.6845365361773755
1,3,0.6649308512686952
1,4,0.7181346100289666
