seed,sample,ranking_score
1,0,0.8215102032319274
1,1,0.8252880314545024
1,2,0.7991103445014476
1,3,0.8209878250495399
1,4,0.8373618662134112
