seed,sample,ranking_score
1,0,0.9585558848079239
1,1,0.9789602451929654
1,2,0.9774387221782415
1,3,0.958641191538682
1,4,0.9649329556202615
