{
    "confidence_score": 0.9411007165908813,
    "ptm": 0.9521030783653259,
    "iptm": 0.9575881361961365,
    "ligand_iptm": 0.9575881361961365,
    "protein_iptm": 0.0,
    "complex_plddt": 0.936978816986084,
    "complex_iplddt": 0.9120597243309021,
    "complex_pde": 0.43814873695373535,
    "complex_ipde": 0.7376605272293091,
    "chains_ptm": {
        "0": 0.9518191814422607,
        "1": 0.9245560765266418
    },
    "pair_chains_iptm": {
        "0": {
            "0": 0.9518191814422607,
            "1": 0.6322680711746216
        },
        "1": {
            "0": 0.9575881361961365,
            "1": 0.9245560765266418
        }
    }
}