seed,sample,ranking_score
1,0,0.790313610079965
1,1,0.7959729038468781
1,2,0.7906371580170878
1,3,0.7825692307641898
1,4,0.8019180797125318
