{
    "confidence_score": 0.9363515973091125,
    "ptm": 0.9430080056190491,
    "iptm": 0.9455858469009399,
    "ligand_iptm": 0.9455858469009399,
    "protein_iptm": 0.0,
    "complex_plddt": 0.9340430498123169,
    "complex_iplddt": 0.8745893239974976,
    "complex_pde": 0.48973432183265686,
    "complex_ipde": 0.8227205276489258,
    "chains_ptm": {
        "0": 0.9429618120193481,
        "1": 0.9056335687637329
    },
    "pair_chains_iptm": {
        "0": {
            "0": 0.9429618120193481,
            "1": 0.5136057138442993
        },
        "1": {
            "0": 0.9455858469009399,
            "1": 0.9056335687637329
        }
    }
}