seed,sample,ranking_score
44,0,0.9607118618500315
44,1,0.9633576375802992
44,2,0.9360357390025464
44,3,0.9497209892542984
44,4,0.9474609120701193
9,0,0.9346706771486609
9,1,0.9373781213894443
9,2,0.9397585362808036
9,3,0.9449509791597541
9,4,0.9374090308189084
80,0,0.9390674389262935
80,1,0.9377295146235628
80,2,0.9356987999640746
80,3,0.9419418511765899
80,4,0.9375503289137453
