{
    "confidence_score": 0.9412569403648376,
    "ptm": 0.9461349248886108,
    "iptm": 0.9614449739456177,
    "ligand_iptm": 0.9614449739456177,
    "protein_iptm": 0.0,
    "complex_plddt": 0.9362099170684814,
    "complex_iplddt": 0.8912191390991211,
    "complex_pde": 0.4652421176433563,
    "complex_ipde": 0.7052150964736938,
    "chains_ptm": {
        "0": 0.9452537298202515,
        "1": 0.8928287625312805
    },
    "pair_chains_iptm": {
        "0": {
            "0": 0.9452537298202515,
            "1": 0.5372568964958191
        },
        "1": {
            "0": 0.9614449739456177,
            "1": 0.8928287625312805
        }
    }
}