{
    "confidence_score": 0.9519261717796326,
    "ptm": 0.9670604467391968,
    "iptm": 0.9443924427032471,
    "ligand_iptm": 0.9443924427032471,
    "protein_iptm": 0.0,
    "complex_plddt": 0.9538095593452454,
    "complex_iplddt": 0.9284465312957764,
    "complex_pde": 0.36855554580688477,
    "complex_ipde": 0.7603796124458313,
    "chains_ptm": {
        "0": 0.9683361053466797,
        "1": 0.9344077706336975
    },
    "pair_chains_iptm": {
        "0": {
            "0": 0.9683361053466797,
            "1": 0.4625726342201233
        },
        "1": {
            "0": 0.9443924427032471,
            "1": 0.9344077706336975
        }
    }
}