seed,sample,ranking_score
1,0,0.8120551072977923
1,1,0.812600295149339
1,2,0.8328963998592468
1,3,0.8179673982125685
1,4,0.8289742788486381
