{
    "confidence_score": 0.9497918486595154,
    "ptm": 0.9522693753242493,
    "iptm": 0.9700747728347778,
    "ligand_iptm": 0.9700747728347778,
    "protein_iptm": 0.0,
    "complex_plddt": 0.9447211027145386,
    "complex_iplddt": 0.9310567378997803,
    "complex_pde": 0.43504443764686584,
    "complex_ipde": 0.6448447704315186,
    "chains_ptm": {
        "0": 0.9512961506843567,
        "1": 0.9384451508522034
    },
    "pair_chains_iptm": {
        "0": {
            "0": 0.9512961506843567,
            "1": 0.6481614112854004
        },
        "1": {
            "0": 0.9700747728347778,
            "1": 0.9384451508522034
        }
    }
}