{
    "confidence_score": 0.9595686793327332,
    "ptm": 0.9639366865158081,
    "iptm": 0.9605069756507874,
    "ligand_iptm": 0.9605069756507874,
    "protein_iptm": 0.0,
    "complex_plddt": 0.9593340754508972,
    "complex_iplddt": 0.9271020889282227,
    "complex_pde": 0.37413492798805237,
    "complex_ipde": 0.6461806297302246,
    "chains_ptm": {
        "0": 0.9641714096069336,
        "1": 0.9595131278038025
    },
    "pair_chains_iptm": {
        "0": {
            "0": 0.9641714096069336,
            "1": 0.6333566904067993
        },
        "1": {
            "0": 0.9605069756507874,
            "1": 0.9595131278038025
        }
    }
}