{
    "confidence_score": 0.9416182637214661,
    "ptm": 0.9435243606567383,
    "iptm": 0.9631668329238892,
    "ligand_iptm": 0.9631668329238892,
    "protein_iptm": 0.0,
    "complex_plddt": 0.9362311363220215,
    "complex_iplddt": 0.902686357498169,
    "complex_pde": 0.4582917392253876,
    "complex_ipde": 0.6768773198127747,
    "chains_ptm": {
        "0": 0.9418489933013916,
        "1": 0.9561718702316284
    },
    "pair_chains_iptm": {
        "0": {
            "0": 0.9418489933013916,
            "1": 0.6875
        },
        "1": {
            "0": 0.9631668329238892,
            "1": 0.9561718702316284
        }
    }
}