seed,sample,ranking_score
1,0,0.9117867555371402
1,1,0.9287747554040604
1,2,0.9221315056859322
1,3,0.889543767964198
1,4,0.9060598952552847
