seed,sample,ranking_score
1,0,0.7939110915662069
1,1,0.8348875488480781
1,2,0.7974075097637842
1,3,0.7953900463206149
1,4,0.7936557090511334
