{
    "confidence_score": 0.964635968208313,
    "ptm": 0.9648596048355103,
    "iptm": 0.9628438353538513,
    "ligand_iptm": 0.9628438353538513,
    "protein_iptm": 0.0,
    "complex_plddt": 0.9650839567184448,
    "complex_iplddt": 0.9372843503952026,
    "complex_pde": 0.3689393699169159,
    "complex_ipde": 0.607335090637207,
    "chains_ptm": {
        "0": 0.965030312538147,
        "1": 0.9719731211662292
    },
    "pair_chains_iptm": {
        "0": {
            "0": 0.965030312538147,
            "1": 0.6725603938102722
        },
        "1": {
            "0": 0.9628438353538513,
            "1": 0.9719731211662292
        }
    }
}