seed,sample,ranking_score
1,0,0.8251962838784137
1,1,0.8456047455464817
1,2,0.8417588363763215
1,3,0.8330803022780424
1,4,0.8258498092139729
