{
    "confidence_score": 0.9361332058906555,
    "ptm": 0.9471925497055054,
    "iptm": 0.9602327942848206,
    "ligand_iptm": 0.9602327942848206,
    "protein_iptm": 0.0,
    "complex_plddt": 0.9301082491874695,
    "complex_iplddt": 0.8746324181556702,
    "complex_pde": 0.45840418338775635,
    "complex_ipde": 0.7137218713760376,
    "chains_ptm": {
        "0": 0.9463311433792114,
        "1": 0.9165152311325073
    },
    "pair_chains_iptm": {
        "0": {
            "0": 0.9463311433792114,
            "1": 0.5836384892463684
        },
        "1": {
            "0": 0.9602327942848206,
            "1": 0.9165152311325073
        }
    }
}