{
    "confidence_score": 0.9535576105117798,
    "ptm": 0.9610894322395325,
    "iptm": 0.9753327369689941,
    "ligand_iptm": 0.9753327369689941,
    "protein_iptm": 0.0,
    "complex_plddt": 0.9481138586997986,
    "complex_iplddt": 0.9239965677261353,
    "complex_pde": 0.37631386518478394,
    "complex_ipde": 0.5092459917068481,
    "chains_ptm": {
        "0": 0.9599878191947937,
        "1": 0.9583932161331177
    },
    "pair_chains_iptm": {
        "0": {
            "0": 0.9599878191947937,
            "1": 0.7113444805145264
        },
        "1": {
            "0": 0.9753327369689941,
            "1": 0.9583932161331177
        }
    }
}