{
    "confidence_score": 0.9315851330757141,
    "ptm": 0.941739022731781,
    "iptm": 0.9335563778877258,
    "ligand_iptm": 0.9335563778877258,
    "protein_iptm": 0.0,
    "complex_plddt": 0.9310922622680664,
    "complex_iplddt": 0.8397158980369568,
    "complex_pde": 0.4993789792060852,
    "complex_ipde": 0.9527760744094849,
    "chains_ptm": {
        "0": 0.9429644346237183,
        "1": 0.8856081366539001
    },
    "pair_chains_iptm": {
        "0": {
            "0": 0.9429644346237183,
            "1": 0.5603960752487183
        },
        "1": {
            "0": 0.9335563778877258,
            "1": 0.8856081366539001
        }
    }
}