seed,sample,ranking_score
1,0,0.8843485566350271
1,1,0.9002420575859676
1,2,0.8836161501498594
1,3,0.8791241063033003
1,4,0.8735632922012327
