seed,sample,ranking_score
1,0,0.8301530507844204
1,1,0.8429268240814245
1,2,0.8440667312719539
1,3,0.8283123989189857
1,4,0.8434284104263332
