{
    "confidence_score": 0.9389554858207703,
    "ptm": 0.9611163139343262,
    "iptm": 0.9682184457778931,
    "ligand_iptm": 0.9682184457778931,
    "protein_iptm": 0.0,
    "complex_plddt": 0.9316397309303284,
    "complex_iplddt": 0.8689407706260681,
    "complex_pde": 0.3850632607936859,
    "complex_ipde": 0.5528627634048462,
    "chains_ptm": {
        "0": 0.9606579542160034,
        "1": 0.9441694021224976
    },
    "pair_chains_iptm": {
        "0": {
            "0": 0.9606579542160034,
            "1": 0.6473101377487183
        },
        "1": {
            "0": 0.9682184457778931,
            "1": 0.9441694021224976
        }
    }
}