seed,sample,ranking_score
1,0,0.7994426787587801
1,1,0.8142552090497726
1,2,0.8294959909870081
1,3,0.8115941270358984
1,4,0.768238301736822
