{
    "confidence_score": 0.9419094920158386,
    "ptm": 0.9695671796798706,
    "iptm": 0.885726273059845,
    "ligand_iptm": 0.885726273059845,
    "protein_iptm": 0.0,
    "complex_plddt": 0.9559553265571594,
    "complex_iplddt": 0.9354511499404907,
    "complex_pde": 0.40660127997398376,
    "complex_ipde": 1.5239933729171753,
    "chains_ptm": {
        "0": 0.9736822843551636,
        "1": 0.966709315776825
    },
    "pair_chains_iptm": {
        "0": {
            "0": 0.9736822843551636,
            "1": 0.4590771794319153
        },
        "1": {
            "0": 0.885726273059845,
            "1": 0.966709315776825
        }
    }
}