seed,sample,ranking_score
1,0,0.6887622066954323
1,1,0.6985018893183833
1,2,0.8169694957442194
1,3,0.7135478365716003
1,4,0.68874323293322
