seed,sample,ranking_score
1,0,0.8118247406427803
1,1,0.9092293481542811
1,2,0.9082443975649466
1,3,0.903693265186538
1,4,0.8040966451869122
