{
    "confidence_score": 0.9501364827156067,
    "ptm": 0.9432019591331482,
    "iptm": 0.9522298574447632,
    "ligand_iptm": 0.9522298574447632,
    "protein_iptm": 0.0,
    "complex_plddt": 0.949613094329834,
    "complex_iplddt": 0.9159233570098877,
    "complex_pde": 0.4711264967918396,
    "complex_ipde": 0.7919796109199524,
    "chains_ptm": {
        "0": 0.9428943395614624,
        "1": 0.9316199421882629
    },
    "pair_chains_iptm": {
        "0": {
            "0": 0.9428943395614624,
            "1": 0.5895408987998962
        },
        "1": {
            "0": 0.9522298574447632,
            "1": 0.9316199421882629
        }
    }
}