seed,sample,ranking_score
1,0,0.8027920846579779
1,1,0.8375144236353799
1,2,0.805583835370061
1,3,0.7866015413215828
1,4,0.8267705544887083
