{
    "confidence_score": 0.9336203932762146,
    "ptm": 0.9418752193450928,
    "iptm": 0.9073520302772522,
    "ligand_iptm": 0.9073520302772522,
    "protein_iptm": 0.0,
    "complex_plddt": 0.940187394618988,
    "complex_iplddt": 0.8802725672721863,
    "complex_pde": 0.5010231733322144,
    "complex_ipde": 1.2367533445358276,
    "chains_ptm": {
        "0": 0.9442311525344849,
        "1": 0.9417346715927124
    },
    "pair_chains_iptm": {
        "0": {
            "0": 0.9442311525344849,
            "1": 0.4686083495616913
        },
        "1": {
            "0": 0.9073520302772522,
            "1": 0.9417346715927124
        }
    }
}