seed,sample,ranking_score
1,0,0.8973923678508227
1,1,0.8961059432161338
1,2,0.9165647113732841
1,3,0.8958387734435503
1,4,0.9086487880944122
