{
    "confidence_score": 0.9580077528953552,
    "ptm": 0.9457036256790161,
    "iptm": 0.9824787974357605,
    "ligand_iptm": 0.9824787974357605,
    "protein_iptm": 0.0,
    "complex_plddt": 0.9518899321556091,
    "complex_iplddt": 0.951972246170044,
    "complex_pde": 0.4502480626106262,
    "complex_ipde": 0.5605166554450989,
    "chains_ptm": {
        "0": 0.9441004395484924,
        "1": 0.9331754446029663
    },
    "pair_chains_iptm": {
        "0": {
            "0": 0.9441004395484924,
            "1": 0.587303638458252
        },
        "1": {
            "0": 0.9824787974357605,
            "1": 0.9331754446029663
        }
    }
}