seed,sample,ranking_score
1,0,0.8238984625943122
1,1,0.8109228775195614
1,2,0.8385678923852746
1,3,0.8073200678291406
1,4,0.7985063294051835
