{
    "confidence_score": 0.9395591020584106,
    "ptm": 0.9459298253059387,
    "iptm": 0.9610888361930847,
    "ligand_iptm": 0.9610888361930847,
    "protein_iptm": 0.0,
    "complex_plddt": 0.9341766834259033,
    "complex_iplddt": 0.9029239416122437,
    "complex_pde": 0.46383213996887207,
    "complex_ipde": 0.7204317450523376,
    "chains_ptm": {
        "0": 0.9448285698890686,
        "1": 0.9316399097442627
    },
    "pair_chains_iptm": {
        "0": {
            "0": 0.9448285698890686,
            "1": 0.6822279095649719
        },
        "1": {
            "0": 0.9610888361930847,
            "1": 0.9316399097442627
        }
    }
}