seed,sample,ranking_score
1,0,0.8657988022266114
1,1,0.8542785113011928
1,2,0.8851289359713131
1,3,0.8604890217316062
1,4,0.8638814637247347
