seed,sample,ranking_score
44,0,0.8690312594886983
44,1,0.874257709219642
44,2,0.8272062037394606
44,3,0.8589583018825799
44,4,0.8382949862035372
9,0,0.8194247115670854
9,1,0.8472214094776697
9,2,0.8387943776456739
9,3,0.8081294769496195
9,4,0.8309031281951292
80,0,0.8368292383028371
80,1,0.8529701487107959
80,2,0.8379266664383018
80,3,0.8285216517813409
80,4,0.8577852603303784
