seed,sample,ranking_score
1,0,0.6810460000267933
1,1,0.7077459056208795
1,2,0.6787339601580974
1,3,0.6801982113408352
1,4,0.7010219813208783
