seed,sample,ranking_score
44,0,0.8490406325297396
44,1,0.8625138745343204
44,2,0.822511685349613
44,3,0.8646919938051706
44,4,0.851097708802478
9,0,0.8352680428621824
9,1,0.8245812376559264
9,2,0.8487213716916798
9,3,0.8179104417910702
9,4,0.8502514497156428
80,0,0.815075512923336
80,1,0.8311024800169378
80,2,0.8616749801956002
80,3,0.8467121503727526
80,4,0.8477729966093422
