{
    "confidence_score": 0.9543962478637695,
    "ptm": 0.9669080972671509,
    "iptm": 0.969350278377533,
    "ligand_iptm": 0.969350278377533,
    "protein_iptm": 0.0,
    "complex_plddt": 0.9506577849388123,
    "complex_iplddt": 0.9194349646568298,
    "complex_pde": 0.35823962092399597,
    "complex_ipde": 0.5610896944999695,
    "chains_ptm": {
        "0": 0.96682208776474,
        "1": 0.976376473903656
    },
    "pair_chains_iptm": {
        "0": {
            "0": 0.96682208776474,
            "1": 0.7065921425819397
        },
        "1": {
            "0": 0.969350278377533,
            "1": 0.976376473903656
        }
    }
}