seed,sample,ranking_score
1,0,0.9003241268492301
1,1,0.9043827706578148
1,2,0.9166315655318714
1,3,0.8939422099638986
1,4,0.9058068622559748
