seed,sample,ranking_score
1,0,0.8905781704609034
1,1,0.9154318067035984
1,2,0.9416071014653373
1,3,0.9145420703107667
1,4,0.9200545702069609
