{
    "confidence_score": 0.9596395492553711,
    "ptm": 0.9645793437957764,
    "iptm": 0.9639996290206909,
    "ligand_iptm": 0.9639996290206909,
    "protein_iptm": 0.0,
    "complex_plddt": 0.9585494995117188,
    "complex_iplddt": 0.9332139492034912,
    "complex_pde": 0.37238454818725586,
    "complex_ipde": 0.6260082125663757,
    "chains_ptm": {
        "0": 0.9646653532981873,
        "1": 0.9696721434593201
    },
    "pair_chains_iptm": {
        "0": {
            "0": 0.9646653532981873,
            "1": 0.7041186690330505
        },
        "1": {
            "0": 0.9639996290206909,
            "1": 0.9696721434593201
        }
    }
}