seed,sample,ranking_score
1,0,0.8275923902573377
1,1,0.8202285651859751
1,2,0.8493327172960521
1,3,0.8620255521814298
1,4,0.8326276968142314
