{
    "confidence_score": 0.953386127948761,
    "ptm": 0.9483466148376465,
    "iptm": 0.9606971740722656,
    "ligand_iptm": 0.9606971740722656,
    "protein_iptm": 0.0,
    "complex_plddt": 0.9515582919120789,
    "complex_iplddt": 0.9233877062797546,
    "complex_pde": 0.4419849216938019,
    "complex_ipde": 0.7073484659194946,
    "chains_ptm": {
        "0": 0.9477232694625854,
        "1": 0.9704145193099976
    },
    "pair_chains_iptm": {
        "0": {
            "0": 0.9477232694625854,
            "1": 0.6714381575584412
        },
        "1": {
            "0": 0.9606971740722656,
            "1": 0.9704145193099976
        }
    }
}