seed,sample,ranking_score
44,0,0.8465284615827489
44,1,0.8542172453686653
44,2,0.808728323621653
44,3,0.8186948636676092
44,4,0.8360116537509501
9,0,0.8294277728115337
9,1,0.8321780996273059
9,2,0.8282837935031502
9,3,0.8209758470932624
9,4,0.8293178847100543
80,0,0.8160930598304649
80,1,0.828624100220075
80,2,0.8196790958382414
80,3,0.827855691067575
80,4,0.8287350434640248
