{
    "confidence_score": 0.9321479201316833,
    "ptm": 0.9393367171287537,
    "iptm": 0.927655816078186,
    "ligand_iptm": 0.927655816078186,
    "protein_iptm": 0.0,
    "complex_plddt": 0.9332709312438965,
    "complex_iplddt": 0.850724458694458,
    "complex_pde": 0.4883551299571991,
    "complex_ipde": 0.9296371340751648,
    "chains_ptm": {
        "0": 0.9400777220726013,
        "1": 0.9490910768508911
    },
    "pair_chains_iptm": {
        "0": {
            "0": 0.9400777220726013,
            "1": 0.5717981457710266
        },
        "1": {
            "0": 0.927655816078186,
            "1": 0.9490910768508911
        }
    }
}