seed,sample,ranking_score
1,0,0.9299545529303618
1,1,0.9306120002622847
1,2,0.951037667137169
1,3,0.9268608272548242
1,4,0.9371993171395397
