{
    "confidence_score": 0.9513663649559021,
    "ptm": 0.952781081199646,
    "iptm": 0.9273848533630371,
    "ligand_iptm": 0.9273848533630371,
    "protein_iptm": 0.0,
    "complex_plddt": 0.9573616981506348,
    "complex_iplddt": 0.9365571737289429,
    "complex_pde": 0.446092426776886,
    "complex_ipde": 1.0708508491516113,
    "chains_ptm": {
        "0": 0.9542227983474731,
        "1": 0.9627892971038818
    },
    "pair_chains_iptm": {
        "0": {
            "0": 0.9542227983474731,
            "1": 0.515342652797699
        },
        "1": {
            "0": 0.9273848533630371,
            "1": 0.9627892971038818
        }
    }
}