seed,sample,ranking_score
1,0,0.8579411762950764
1,1,0.8490893594445657
1,2,0.8688096518728053
1,3,0.8498967431871742
1,4,0.8482362370441741
