{
    "confidence_score": 0.9240483641624451,
    "ptm": 0.9614439606666565,
    "iptm": 0.8069818019866943,
    "ligand_iptm": 0.8069818019866943,
    "protein_iptm": 0.0,
    "complex_plddt": 0.9533149600028992,
    "complex_iplddt": 0.8724285364151001,
    "complex_pde": 0.4670552909374237,
    "complex_ipde": 2.545058012008667,
    "chains_ptm": {
        "0": 0.9678454995155334,
        "1": 0.9638164043426514
    },
    "pair_chains_iptm": {
        "0": {
            "0": 0.9678454995155334,
            "1": 0.32322537899017334
        },
        "1": {
            "0": 0.8069818019866943,
            "1": 0.9638164043426514
        }
    }
}