seed,sample,ranking_score
1,0,0.959907909011164
1,1,0.9714009848341773
1,2,0.970988806398815
1,3,0.960695013127145
1,4,0.9673888251743771
