{
    "confidence_score": 0.9426190257072449,
    "ptm": 0.9578673243522644,
    "iptm": 0.9631973505020142,
    "ligand_iptm": 0.9631973505020142,
    "protein_iptm": 0.0,
    "complex_plddt": 0.9374744892120361,
    "complex_iplddt": 0.8989956974983215,
    "complex_pde": 0.40307989716529846,
    "complex_ipde": 0.6375762224197388,
    "chains_ptm": {
        "0": 0.9574929475784302,
        "1": 0.9522110223770142
    },
    "pair_chains_iptm": {
        "0": {
            "0": 0.9574929475784302,
            "1": 0.6602242588996887
        },
        "1": {
            "0": 0.9631973505020142,
            "1": 0.9522110223770142
        }
    }
}