seed,sample,ranking_score
1,0,0.8713058646144197
1,1,0.8722289147120781
1,2,0.8912506475093257
1,3,0.8667447988689012
1,4,0.8866541910601228
