seed,sample,ranking_score
1,0,0.9212860179264291
1,1,0.946135795080775
1,2,0.9415715805999867
1,3,0.9237756288158159
1,4,0.9332907977017662
