seed,sample,ranking_score
1,0,0.9574784733853664
1,1,0.9555313547424128
1,2,0.9723370781528132
1,3,0.9591558687450064
1,4,0.957749945962182
