seed,sample,ranking_score
1,0,0.8198968597941279
1,1,0.8564493559649478
1,2,0.8774774238491548
1,3,0.8341302019449512
1,4,0.8599557304038609
