seed,sample,ranking_score
1,0,0.9003797948558834
1,1,0.898592694334214
1,2,0.9219530129270533
1,3,0.8972232309981676
1,4,0.9009280521333063
