seed,sample,ranking_score
1,0,0.7888810840489991
1,1,0.8314977040172268
1,2,0.8531112256709447
1,3,0.824496620538329
1,4,0.8402520690534594
