seed,sample,ranking_score
1,0,0.9024657700613817
1,1,0.9125622957535149
1,2,0.9194492204424275
1,3,0.90629007554905
1,4,0.9154641390342683
