seed,sample,ranking_score
1,0,0.8930215076779048
1,1,0.8891435329521612
1,2,0.9146928164499799
1,3,0.8971634581427302
1,4,0.9046807042786582
