seed,sample,ranking_score
44,0,0.7985241399697819
44,1,0.8366710091052172
44,2,0.825704608577613
44,3,0.7872063528118705
44,4,0.8230296680312056
9,0,0.7971985582796784
9,1,0.8039286072189079
9,2,0.8059963951286596
9,3,0.8134870388630984
9,4,0.7873925515087697
80,0,0.7829519174212951
80,1,0.8201596660736981
80,2,0.7998734427186918
80,3,0.7925423769525662
80,4,0.7931390697736748
