seed,sample,ranking_score
1,0,0.8080943846720126
1,1,0.8167692295475717
1,2,0.8183840258225835
1,3,0.8066956838401402
1,4,0.8184875693747727
