{
    "confidence_score": 0.952052116394043,
    "ptm": 0.9583799839019775,
    "iptm": 0.975774884223938,
    "ligand_iptm": 0.975774884223938,
    "protein_iptm": 0.0,
    "complex_plddt": 0.9461213946342468,
    "complex_iplddt": 0.9218843579292297,
    "complex_pde": 0.3864139914512634,
    "complex_ipde": 0.5147337317466736,
    "chains_ptm": {
        "0": 0.9570260643959045,
        "1": 0.9616314768791199
    },
    "pair_chains_iptm": {
        "0": {
            "0": 0.9570260643959045,
            "1": 0.7088562846183777
        },
        "1": {
            "0": 0.975774884223938,
            "1": 0.9616314768791199
        }
    }
}