seed,sample,ranking_score
1,0,0.7847172969631633
1,1,0.8194352835975258
1,2,0.7861981334512492
1,3,0.7897417074692377
1,4,0.8018242187208847
