seed,sample,ranking_score
1,0,0.8314551286688443
1,1,0.8259227951366439
1,2,0.8280538182207053
1,3,0.8319130603981579
1,4,0.8169774159798792
