seed,sample,ranking_score
1,0,0.688341014867424
1,1,0.6900488170589946
1,2,0.7011077156309449
1,3,0.6829732187117704
1,4,0.67311080627419
