seed,sample,ranking_score
1,0,0.9301159088940671
1,1,0.9475263671728427
1,2,0.9458707245682271
1,3,0.92594154488309
1,4,0.9331774523724257
