{
    "confidence_score": 0.9499330520629883,
    "ptm": 0.9725066423416138,
    "iptm": 0.9580509662628174,
    "ligand_iptm": 0.9580509662628174,
    "protein_iptm": 0.0,
    "complex_plddt": 0.9479036331176758,
    "complex_iplddt": 0.8966001868247986,
    "complex_pde": 0.3426763415336609,
    "complex_ipde": 0.6408805847167969,
    "chains_ptm": {
        "0": 0.9734626412391663,
        "1": 0.969894528388977
    },
    "pair_chains_iptm": {
        "0": {
            "0": 0.9734626412391663,
            "1": 0.617504358291626
        },
        "1": {
            "0": 0.9580509662628174,
            "1": 0.969894528388977
        }
    }
}