seed,sample,ranking_score
44,0,0.9446767116392488
44,1,0.9460671819760492
44,2,0.9246596973993657
44,3,0.9266978005612062
44,4,0.9352172862472152
9,0,0.9188416553141373
9,1,0.9215087369566639
9,2,0.9238249649849366
9,3,0.9267602324671768
9,4,0.9234639549545969
80,0,0.924337870471628
80,1,0.9276624644501728
80,2,0.9221587458648788
80,3,0.9215362015851516
80,4,0.9199398836488376
