{
    "confidence_score": 0.9419889450073242,
    "ptm": 0.9658388495445251,
    "iptm": 0.8788559436798096,
    "ligand_iptm": 0.8788559436798096,
    "protein_iptm": 0.0,
    "complex_plddt": 0.9577721357345581,
    "complex_iplddt": 0.9268426895141602,
    "complex_pde": 0.41803279519081116,
    "complex_ipde": 1.5366290807724,
    "chains_ptm": {
        "0": 0.9700217247009277,
        "1": 0.96989506483078
    },
    "pair_chains_iptm": {
        "0": {
            "0": 0.9700217247009277,
            "1": 0.45205554366111755
        },
        "1": {
            "0": 0.8788559436798096,
            "1": 0.96989506483078
        }
    }
}