{
    "confidence_score": 0.9471419453620911,
    "ptm": 0.9571855664253235,
    "iptm": 0.9636241793632507,
    "ligand_iptm": 0.9636241793632507,
    "protein_iptm": 0.0,
    "complex_plddt": 0.9430213570594788,
    "complex_iplddt": 0.9173092842102051,
    "complex_pde": 0.39845287799835205,
    "complex_ipde": 0.6144126057624817,
    "chains_ptm": {
        "0": 0.9568875432014465,
        "1": 0.9494234919548035
    },
    "pair_chains_iptm": {
        "0": {
            "0": 0.9568875432014465,
            "1": 0.6206918954849243
        },
        "1": {
            "0": 0.9636241793632507,
            "1": 0.9494234919548035
        }
    }
}