{
    "confidence_score": 0.9386493563652039,
    "ptm": 0.9500166177749634,
    "iptm": 0.9580808281898499,
    "ligand_iptm": 0.9580808281898499,
    "protein_iptm": 0.0,
    "complex_plddt": 0.9337915182113647,
    "complex_iplddt": 0.9044811725616455,
    "complex_pde": 0.4467265009880066,
    "complex_ipde": 0.7192049026489258,
    "chains_ptm": {
        "0": 0.9494749903678894,
        "1": 0.9416025876998901
    },
    "pair_chains_iptm": {
        "0": {
            "0": 0.9494749903678894,
            "1": 0.6379357576370239
        },
        "1": {
            "0": 0.9580808281898499,
            "1": 0.9416025876998901
        }
    }
}