{
    "confidence_score": 0.9610617756843567,
    "ptm": 0.9560920000076294,
    "iptm": 0.9874095320701599,
    "ligand_iptm": 0.9874095320701599,
    "protein_iptm": 0.0,
    "complex_plddt": 0.9544748067855835,
    "complex_iplddt": 0.9499392509460449,
    "complex_pde": 0.38583850860595703,
    "complex_ipde": 0.42759785056114197,
    "chains_ptm": {
        "0": 0.9548490047454834,
        "1": 0.9863599538803101
    },
    "pair_chains_iptm": {
        "0": {
            "0": 0.9548490047454834,
            "1": 0.7975187301635742
        },
        "1": {
            "0": 0.9874095320701599,
            "1": 0.9863599538803101
        }
    }
}