seed,sample,ranking_score
1,0,0.8582170315546275
1,1,0.8721326059033934
1,2,0.8626110617336241
1,3,0.8647319172571126
1,4,0.8565936388988086
