seed,sample,ranking_score
44,0,0.91838655423326
44,1,0.8988792817409222
44,2,0.8752835154668979
44,3,0.9081248261650201
44,4,0.898914778156451
9,0,0.8864967591598208
9,1,0.8982109312564013
9,2,0.8897558838905689
9,3,0.8903207523180175
9,4,0.8854940842332043
80,0,0.8883097076991623
80,1,0.896355575846846
80,2,0.8759822681113916
80,3,0.8862450961421804
80,4,0.8803969732525517
