{
    "confidence_score": 0.9528587460517883,
    "ptm": 0.9575603008270264,
    "iptm": 0.9625112414360046,
    "ligand_iptm": 0.9625112414360046,
    "protein_iptm": 0.0,
    "complex_plddt": 0.9504456520080566,
    "complex_iplddt": 0.9435767531394958,
    "complex_pde": 0.4077123701572418,
    "complex_ipde": 0.792222797870636,
    "chains_ptm": {
        "0": 0.9574381113052368,
        "1": 0.9867439270019531
    },
    "pair_chains_iptm": {
        "0": {
            "0": 0.9574381113052368,
            "1": 0.7064511179924011
        },
        "1": {
            "0": 0.9625112414360046,
            "1": 0.9867439270019531
        }
    }
}