{
    "confidence_score": 0.9429876208305359,
    "ptm": 0.955604612827301,
    "iptm": 0.9077627658843994,
    "ligand_iptm": 0.9077627658843994,
    "protein_iptm": 0.0,
    "complex_plddt": 0.9517938494682312,
    "complex_iplddt": 0.8890619874000549,
    "complex_pde": 0.43730220198631287,
    "complex_ipde": 1.220423698425293,
    "chains_ptm": {
        "0": 0.9575960636138916,
        "1": 0.9324322938919067
    },
    "pair_chains_iptm": {
        "0": {
            "0": 0.9575960636138916,
            "1": 0.41458266973495483
        },
        "1": {
            "0": 0.9077627658843994,
            "1": 0.9324322938919067
        }
    }
}