seed,sample,ranking_score
44,0,0.8711063620717135
44,1,0.8720506364515502
44,2,0.8452895780732748
44,3,0.8384169100257715
44,4,0.8614546783197102
9,0,0.8472676975467922
9,1,0.8287481770541674
9,2,0.8493159058666758
9,3,0.8314126117848372
9,4,0.8367461079178224
80,0,0.8233026661048217
80,1,0.8488769693838643
80,2,0.8415598620877949
80,3,0.8499846593497848
80,4,0.8378956874125095
