seed,sample,ranking_score
1,0,0.9393446961249486
1,1,0.9367113400574313
1,2,0.9634421989324453
1,3,0.9392099007891999
1,4,0.9468252532038856
