{
    "confidence_score": 0.9440378546714783,
    "ptm": 0.9622253775596619,
    "iptm": 0.9689698815345764,
    "ligand_iptm": 0.9689698815345764,
    "protein_iptm": 0.0,
    "complex_plddt": 0.9378047585487366,
    "complex_iplddt": 0.8904504776000977,
    "complex_pde": 0.3885209858417511,
    "complex_ipde": 0.5928187370300293,
    "chains_ptm": {
        "0": 0.9619183540344238,
        "1": 0.9097585678100586
    },
    "pair_chains_iptm": {
        "0": {
            "0": 0.9619183540344238,
            "1": 0.5809814929962158
        },
        "1": {
            "0": 0.9689698815345764,
            "1": 0.9097585678100586
        }
    }
}