seed,sample,ranking_score
44,0,0.7948074036303765
44,1,0.8111398836305209
44,2,0.7765933107547143
44,3,0.7786086737447637
44,4,0.7963184895712646
9,0,0.6857965001921806
9,1,0.7041458577537782
9,2,0.7725349972577478
9,3,0.7117477913901792
9,4,0.6834378288684084
80,0,0.699387503577225
80,1,0.7835647072782426
80,2,0.7932948244412954
80,3,0.7854380158487617
80,4,0.684204675093974
