{
    "confidence_score": 0.936479389667511,
    "ptm": 0.9324827790260315,
    "iptm": 0.8936315774917603,
    "ligand_iptm": 0.8936315774917603,
    "protein_iptm": 0.0,
    "complex_plddt": 0.9471913576126099,
    "complex_iplddt": 0.93414306640625,
    "complex_pde": 0.5434993505477905,
    "complex_ipde": 1.2526191473007202,
    "chains_ptm": {
        "0": 0.9350878596305847,
        "1": 0.9473575353622437
    },
    "pair_chains_iptm": {
        "0": {
            "0": 0.9350878596305847,
            "1": 0.4321002960205078
        },
        "1": {
            "0": 0.8936315774917603,
            "1": 0.9473575353622437
        }
    }
}