{
    "confidence_score": 0.9543642997741699,
    "ptm": 0.9615583419799805,
    "iptm": 0.9553129076957703,
    "ligand_iptm": 0.9553129076957703,
    "protein_iptm": 0.0,
    "complex_plddt": 0.9541271328926086,
    "complex_iplddt": 0.9091535806655884,
    "complex_pde": 0.38937896490097046,
    "complex_ipde": 0.6644798517227173,
    "chains_ptm": {
        "0": 0.9619423747062683,
        "1": 0.9582991600036621
    },
    "pair_chains_iptm": {
        "0": {
            "0": 0.9619423747062683,
            "1": 0.586277961730957
        },
        "1": {
            "0": 0.9553129076957703,
            "1": 0.9582991600036621
        }
    }
}