{
    "confidence_score": 0.952740490436554,
    "ptm": 0.9596901535987854,
    "iptm": 0.9744088649749756,
    "ligand_iptm": 0.9744088649749756,
    "protein_iptm": 0.0,
    "complex_plddt": 0.9473233819007874,
    "complex_iplddt": 0.9354940056800842,
    "complex_pde": 0.38793736696243286,
    "complex_ipde": 0.5357120037078857,
    "chains_ptm": {
        "0": 0.9587411880493164,
        "1": 0.936006486415863
    },
    "pair_chains_iptm": {
        "0": {
            "0": 0.9587411880493164,
            "1": 0.6566858887672424
        },
        "1": {
            "0": 0.9744088649749756,
            "1": 0.936006486415863
        }
    }
}