{
    "confidence_score": 0.9425594210624695,
    "ptm": 0.9596109986305237,
    "iptm": 0.9539135098457336,
    "ligand_iptm": 0.9539135098457336,
    "protein_iptm": 0.0,
    "complex_plddt": 0.939720869064331,
    "complex_iplddt": 0.8956183195114136,
    "complex_pde": 0.41207727789878845,
    "complex_ipde": 0.7414505481719971,
    "chains_ptm": {
        "0": 0.9607800245285034,
        "1": 0.8463413119316101
    },
    "pair_chains_iptm": {
        "0": {
            "0": 0.9607800245285034,
            "1": 0.5425028204917908
        },
        "1": {
            "0": 0.9539135098457336,
            "1": 0.8463413119316101
        }
    }
}