seed,sample,ranking_score
1,0,0.8023809867160505
1,1,0.8146762455621743
1,2,0.8221146574026379
1,3,0.8011658488824503
1,4,0.8198924696411978
