{
    "confidence_score": 0.9445585608482361,
    "ptm": 0.9600979089736938,
    "iptm": 0.9492579698562622,
    "ligand_iptm": 0.9492579698562622,
    "protein_iptm": 0.0,
    "complex_plddt": 0.9433836936950684,
    "complex_iplddt": 0.8951893448829651,
    "complex_pde": 0.3967346251010895,
    "complex_ipde": 0.7257804274559021,
    "chains_ptm": {
        "0": 0.9610040783882141,
        "1": 0.9479280114173889
    },
    "pair_chains_iptm": {
        "0": {
            "0": 0.9610040783882141,
            "1": 0.6290339231491089
        },
        "1": {
            "0": 0.9492579698562622,
            "1": 0.9479280114173889
        }
    }
}