{
    "confidence_score": 0.898106038570404,
    "ptm": 0.9498391151428223,
    "iptm": 0.6909449100494385,
    "ligand_iptm": 0.6909449100494385,
    "protein_iptm": 0.0,
    "complex_plddt": 0.9498962163925171,
    "complex_iplddt": 0.88304603099823,
    "complex_pde": 0.7072421312332153,
    "complex_ipde": 4.8644866943359375,
    "chains_ptm": {
        "0": 0.9662101864814758,
        "1": 0.855246901512146
    },
    "pair_chains_iptm": {
        "0": {
            "0": 0.9662101864814758,
            "1": 0.2737387716770172
        },
        "1": {
            "0": 0.6909449100494385,
            "1": 0.855246901512146
        }
    }
}