{
    "confidence_score": 0.9605477452278137,
    "ptm": 0.9521836042404175,
    "iptm": 0.9642026424407959,
    "ligand_iptm": 0.9642026424407959,
    "protein_iptm": 0.0,
    "complex_plddt": 0.959634006023407,
    "complex_iplddt": 0.9293555617332458,
    "complex_pde": 0.42237162590026855,
    "complex_ipde": 0.6453271508216858,
    "chains_ptm": {
        "0": 0.9516310691833496,
        "1": 0.9548844695091248
    },
    "pair_chains_iptm": {
        "0": {
            "0": 0.9516310691833496,
            "1": 0.6111752390861511
        },
        "1": {
            "0": 0.9642026424407959,
            "1": 0.9548844695091248
        }
    }
}