seed,sample,ranking_score
1,0,0.8467974234916024
1,1,0.846616553889369
1,2,0.8457957802049229
1,3,0.8234725537476002
1,4,0.8387417362366053
