{
    "confidence_score": 0.927741527557373,
    "ptm": 0.945631742477417,
    "iptm": 0.8789329528808594,
    "ligand_iptm": 0.8789329528808594,
    "protein_iptm": 0.0,
    "complex_plddt": 0.9399436712265015,
    "complex_iplddt": 0.895156741142273,
    "complex_pde": 0.4830542504787445,
    "complex_ipde": 1.269757628440857,
    "chains_ptm": {
        "0": 0.9491241574287415,
        "1": 0.9483360052108765
    },
    "pair_chains_iptm": {
        "0": {
            "0": 0.9491241574287415,
            "1": 0.48546653985977173
        },
        "1": {
            "0": 0.8789329528808594,
            "1": 0.9483360052108765
        }
    }
}