{
    "confidence_score": 0.9552266001701355,
    "ptm": 0.9420535564422607,
    "iptm": 0.9760953187942505,
    "ligand_iptm": 0.9760953187942505,
    "protein_iptm": 0.0,
    "complex_plddt": 0.9500094652175903,
    "complex_iplddt": 0.9462245106697083,
    "complex_pde": 0.4590843617916107,
    "complex_ipde": 0.5706408619880676,
    "chains_ptm": {
        "0": 0.9397164583206177,
        "1": 0.9480859637260437
    },
    "pair_chains_iptm": {
        "0": {
            "0": 0.9397164583206177,
            "1": 0.6945765018463135
        },
        "1": {
            "0": 0.9760953187942505,
            "1": 0.9480859637260437
        }
    }
}