{
    "confidence_score": 0.9457053542137146,
    "ptm": 0.9483376145362854,
    "iptm": 0.9508149027824402,
    "ligand_iptm": 0.9508149027824402,
    "protein_iptm": 0.0,
    "complex_plddt": 0.9444279670715332,
    "complex_iplddt": 0.921984851360321,
    "complex_pde": 0.46616169810295105,
    "complex_ipde": 0.8161069750785828,
    "chains_ptm": {
        "0": 0.9483316540718079,
        "1": 0.9420763254165649
    },
    "pair_chains_iptm": {
        "0": {
            "0": 0.9483316540718079,
            "1": 0.659119188785553
        },
        "1": {
            "0": 0.9508149027824402,
            "1": 0.9420763254165649
        }
    }
}