{
    "confidence_score": 0.9441051483154297,
    "ptm": 0.959919273853302,
    "iptm": 0.9608309268951416,
    "ligand_iptm": 0.9608309268951416,
    "protein_iptm": 0.0,
    "complex_plddt": 0.9399236440658569,
    "complex_iplddt": 0.8788092732429504,
    "complex_pde": 0.4006092846393585,
    "complex_ipde": 0.679481565952301,
    "chains_ptm": {
        "0": 0.9601643681526184,
        "1": 0.9092204570770264
    },
    "pair_chains_iptm": {
        "0": {
            "0": 0.9601643681526184,
            "1": 0.5837395191192627
        },
        "1": {
            "0": 0.9608309268951416,
            "1": 0.9092204570770264
        }
    }
}