{
    "confidence_score": 0.9510337710380554,
    "ptm": 0.967458963394165,
    "iptm": 0.9368698000907898,
    "ligand_iptm": 0.9368698000907898,
    "protein_iptm": 0.0,
    "complex_plddt": 0.9545747637748718,
    "complex_iplddt": 0.9188884496688843,
    "complex_pde": 0.37149712443351746,
    "complex_ipde": 0.812705934047699,
    "chains_ptm": {
        "0": 0.9693624377250671,
        "1": 0.9593431353569031
    },
    "pair_chains_iptm": {
        "0": {
            "0": 0.9693624377250671,
            "1": 0.5214822888374329
        },
        "1": {
            "0": 0.9368698000907898,
            "1": 0.9593431353569031
        }
    }
}