seed,sample,ranking_score
1,0,0.8946146609440351
1,1,0.8909619367310588
1,2,0.9159611963783513
1,3,0.8950857751911735
1,4,0.8905275458753678
