{
    "confidence_score": 0.9454246759414673,
    "ptm": 0.96091628074646,
    "iptm": 0.9488807916641235,
    "ligand_iptm": 0.9488807916641235,
    "protein_iptm": 0.0,
    "complex_plddt": 0.9445606470108032,
    "complex_iplddt": 0.8872158527374268,
    "complex_pde": 0.37778815627098083,
    "complex_ipde": 0.6921785473823547,
    "chains_ptm": {
        "0": 0.96159428358078,
        "1": 0.9581441283226013
    },
    "pair_chains_iptm": {
        "0": {
            "0": 0.96159428358078,
            "1": 0.5419371724128723
        },
        "1": {
            "0": 0.9488807916641235,
            "1": 0.9581441283226013
        }
    }
}