seed,sample,ranking_score
44,0,0.8208646364200255
44,1,0.801038333707148
44,2,0.774452583790871
44,3,0.9083506486157364
44,4,0.8215297711492046
9,0,0.7482999093409699
9,1,0.8105454875050331
9,2,0.728255610972164
9,3,0.761895004595682
9,4,0.7050232709253711
80,0,0.7599645029819498
80,1,0.8739049451435519
80,2,0.8591499838536552
80,3,0.7831515406299728
80,4,0.801343728112799
