{
    "confidence_score": 0.9577727317810059,
    "ptm": 0.9460929036140442,
    "iptm": 0.9678887128829956,
    "ligand_iptm": 0.9678887128829956,
    "protein_iptm": 0.0,
    "complex_plddt": 0.955243706703186,
    "complex_iplddt": 0.9333050847053528,
    "complex_pde": 0.4419778287410736,
    "complex_ipde": 0.6446549892425537,
    "chains_ptm": {
        "0": 0.945023775100708,
        "1": 0.9785171151161194
    },
    "pair_chains_iptm": {
        "0": {
            "0": 0.945023775100708,
            "1": 0.6713657379150391
        },
        "1": {
            "0": 0.9678887128829956,
            "1": 0.9785171151161194
        }
    }
}