seed,sample,ranking_score
1,0,0.8355417612182369
1,1,0.8298128391194611
1,2,0.8289745762882048
1,3,0.8351858339123935
1,4,0.8218885060349894
