{
    "confidence_score": 0.9422128796577454,
    "ptm": 0.95767742395401,
    "iptm": 0.9567610025405884,
    "ligand_iptm": 0.9567610025405884,
    "protein_iptm": 0.0,
    "complex_plddt": 0.9385758638381958,
    "complex_iplddt": 0.9203875064849854,
    "complex_pde": 0.40588968992233276,
    "complex_ipde": 0.6943740248680115,
    "chains_ptm": {
        "0": 0.9580222964286804,
        "1": 0.9197119474411011
    },
    "pair_chains_iptm": {
        "0": {
            "0": 0.9580222964286804,
            "1": 0.5727260112762451
        },
        "1": {
            "0": 0.9567610025405884,
            "1": 0.9197119474411011
        }
    }
}