{
    "confidence_score": 0.9559438824653625,
    "ptm": 0.9649210572242737,
    "iptm": 0.9592853784561157,
    "ligand_iptm": 0.9592853784561157,
    "protein_iptm": 0.0,
    "complex_plddt": 0.9551084637641907,
    "complex_iplddt": 0.9286332130432129,
    "complex_pde": 0.3755778968334198,
    "complex_ipde": 0.6469278931617737,
    "chains_ptm": {
        "0": 0.965284526348114,
        "1": 0.9734305739402771
    },
    "pair_chains_iptm": {
        "0": {
            "0": 0.965284526348114,
            "1": 0.6532063484191895
        },
        "1": {
            "0": 0.9592853784561157,
            "1": 0.9734305739402771
        }
    }
}