{
    "confidence_score": 0.9597728848457336,
    "ptm": 0.9460657238960266,
    "iptm": 0.9710873365402222,
    "ligand_iptm": 0.9710873365402222,
    "protein_iptm": 0.0,
    "complex_plddt": 0.9569442272186279,
    "complex_iplddt": 0.9447064399719238,
    "complex_pde": 0.4362539052963257,
    "complex_ipde": 0.621738612651825,
    "chains_ptm": {
        "0": 0.9448273181915283,
        "1": 0.9561551809310913
    },
    "pair_chains_iptm": {
        "0": {
            "0": 0.9448273181915283,
            "1": 0.6837572455406189
        },
        "1": {
            "0": 0.9710873365402222,
            "1": 0.9561551809310913
        }
    }
}