{
    "confidence_score": 0.9324908256530762,
    "ptm": 0.9447479844093323,
    "iptm": 0.9100980162620544,
    "ligand_iptm": 0.9100980162620544,
    "protein_iptm": 0.0,
    "complex_plddt": 0.9380890130996704,
    "complex_iplddt": 0.8893699645996094,
    "complex_pde": 0.4720214009284973,
    "complex_ipde": 1.0340496301651,
    "chains_ptm": {
        "0": 0.9468094110488892,
        "1": 0.9126851558685303
    },
    "pair_chains_iptm": {
        "0": {
            "0": 0.9468094110488892,
            "1": 0.4380355179309845
        },
        "1": {
            "0": 0.9100980162620544,
            "1": 0.9126851558685303
        }
    }
}