{
    "confidence_score": 0.9445964097976685,
    "ptm": 0.9432482719421387,
    "iptm": 0.9283621311187744,
    "ligand_iptm": 0.9283621311187744,
    "protein_iptm": 0.0,
    "complex_plddt": 0.9486549496650696,
    "complex_iplddt": 0.924115002155304,
    "complex_pde": 0.49631190299987793,
    "complex_ipde": 1.2954968214035034,
    "chains_ptm": {
        "0": 0.9438474774360657,
        "1": 0.9849255681037903
    },
    "pair_chains_iptm": {
        "0": {
            "0": 0.9438474774360657,
            "1": 0.5976085662841797
        },
        "1": {
            "0": 0.9283621311187744,
            "1": 0.9849255681037903
        }
    }
}