seed,sample,ranking_score
1,0,0.7667875012131811
1,1,0.7553042967738496
1,2,0.7901926268015451
1,3,0.7751971649804041
1,4,0.7759158359574643
