{
    "confidence_score": 0.9120888710021973,
    "ptm": 0.9442885518074036,
    "iptm": 0.9178684949874878,
    "ligand_iptm": 0.9178684949874878,
    "protein_iptm": 0.0,
    "complex_plddt": 0.9106439352035522,
    "complex_iplddt": 0.7958343625068665,
    "complex_pde": 0.49483722448349,
    "complex_ipde": 1.0425983667373657,
    "chains_ptm": {
        "0": 0.9463397860527039,
        "1": 0.8629412055015564
    },
    "pair_chains_iptm": {
        "0": {
            "0": 0.9463397860527039,
            "1": 0.40886256098747253
        },
        "1": {
            "0": 0.9178684949874878,
            "1": 0.8629412055015564
        }
    }
}