{
    "confidence_score": 0.9577127695083618,
    "ptm": 0.9611626267433167,
    "iptm": 0.974250316619873,
    "ligand_iptm": 0.974250316619873,
    "protein_iptm": 0.0,
    "complex_plddt": 0.9535782933235168,
    "complex_iplddt": 0.9279692769050598,
    "complex_pde": 0.3843781054019928,
    "complex_ipde": 0.5455135107040405,
    "chains_ptm": {
        "0": 0.9605256915092468,
        "1": 0.9836758971214294
    },
    "pair_chains_iptm": {
        "0": {
            "0": 0.9605256915092468,
            "1": 0.7288026809692383
        },
        "1": {
            "0": 0.974250316619873,
            "1": 0.9836758971214294
        }
    }
}