{
    "confidence_score": 0.9662503600120544,
    "ptm": 0.9665718078613281,
    "iptm": 0.9697628021240234,
    "ligand_iptm": 0.9697628021240234,
    "protein_iptm": 0.0,
    "complex_plddt": 0.9653722047805786,
    "complex_iplddt": 0.9409306049346924,
    "complex_pde": 0.35349762439727783,
    "complex_ipde": 0.5641444325447083,
    "chains_ptm": {
        "0": 0.9665035605430603,
        "1": 0.9547778367996216
    },
    "pair_chains_iptm": {
        "0": {
            "0": 0.9665035605430603,
            "1": 0.6126434803009033
        },
        "1": {
            "0": 0.9697628021240234,
            "1": 0.9547778367996216
        }
    }
}