{
    "confidence_score": 0.9543900489807129,
    "ptm": 0.9414384961128235,
    "iptm": 0.9653636813163757,
    "ligand_iptm": 0.9653636813163757,
    "protein_iptm": 0.0,
    "complex_plddt": 0.9516466856002808,
    "complex_iplddt": 0.9426425695419312,
    "complex_pde": 0.47181010246276855,
    "complex_ipde": 0.7748547792434692,
    "chains_ptm": {
        "0": 0.940571129322052,
        "1": 0.9849368929862976
    },
    "pair_chains_iptm": {
        "0": {
            "0": 0.940571129322052,
            "1": 0.6602112650871277
        },
        "1": {
            "0": 0.9653636813163757,
            "1": 0.9849368929862976
        }
    }
}