{
    "confidence_score": 0.9582633972167969,
    "ptm": 0.9642601609230042,
    "iptm": 0.9500163197517395,
    "ligand_iptm": 0.9500163197517395,
    "protein_iptm": 0.0,
    "complex_plddt": 0.9603251814842224,
    "complex_iplddt": 0.9114540219306946,
    "complex_pde": 0.37192782759666443,
    "complex_ipde": 0.6772463321685791,
    "chains_ptm": {
        "0": 0.9651005864143372,
        "1": 0.9393389225006104
    },
    "pair_chains_iptm": {
        "0": {
            "0": 0.9651005864143372,
            "1": 0.5541549921035767
        },
        "1": {
            "0": 0.9500163197517395,
            "1": 0.9393389225006104
        }
    }
}