{
    "confidence_score": 0.9106264114379883,
    "ptm": 0.9330393075942993,
    "iptm": 0.8874908089637756,
    "ligand_iptm": 0.8874908089637756,
    "protein_iptm": 0.0,
    "complex_plddt": 0.9164103269577026,
    "complex_iplddt": 0.8253436088562012,
    "complex_pde": 0.5396489500999451,
    "complex_ipde": 1.2164677381515503,
    "chains_ptm": {
        "0": 0.9369799494743347,
        "1": 0.9167624115943909
    },
    "pair_chains_iptm": {
        "0": {
            "0": 0.9369799494743347,
            "1": 0.5133424401283264
        },
        "1": {
            "0": 0.8874908089637756,
            "1": 0.9167624115943909
        }
    }
}