{
    "confidence_score": 0.9302350282669067,
    "ptm": 0.9646013975143433,
    "iptm": 0.8857582211494446,
    "ligand_iptm": 0.8857582211494446,
    "protein_iptm": 0.0,
    "complex_plddt": 0.9413542151451111,
    "complex_iplddt": 0.8598641157150269,
    "complex_pde": 0.4225655496120453,
    "complex_ipde": 1.3300305604934692,
    "chains_ptm": {
        "0": 0.9697140455245972,
        "1": 0.9137428402900696
    },
    "pair_chains_iptm": {
        "0": {
            "0": 0.9697140455245972,
            "1": 0.4360106885433197
        },
        "1": {
            "0": 0.8857582211494446,
            "1": 0.9137428402900696
        }
    }
}