{
    "confidence_score": 0.9318666458129883,
    "ptm": 0.9378091096878052,
    "iptm": 0.8938815593719482,
    "ligand_iptm": 0.8938815593719482,
    "protein_iptm": 0.0,
    "complex_plddt": 0.9413628578186035,
    "complex_iplddt": 0.8557509183883667,
    "complex_pde": 0.5163450241088867,
    "complex_ipde": 1.1751844882965088,
    "chains_ptm": {
        "0": 0.940507709980011,
        "1": 0.9589471220970154
    },
    "pair_chains_iptm": {
        "0": {
            "0": 0.940507709980011,
            "1": 0.5034452676773071
        },
        "1": {
            "0": 0.8938815593719482,
            "1": 0.9589471220970154
        }
    }
}