seed,sample,ranking_score
1,0,0.8665366635367784
1,1,0.932822767483446
1,2,0.9262890984932796
1,3,0.8675893973482518
1,4,0.9199077980305025
