{
    "confidence_score": 0.9382424354553223,
    "ptm": 0.9548400640487671,
    "iptm": 0.9676606059074402,
    "ligand_iptm": 0.9676606059074402,
    "protein_iptm": 0.0,
    "complex_plddt": 0.9308879375457764,
    "complex_iplddt": 0.8926979899406433,
    "complex_pde": 0.4055153429508209,
    "complex_ipde": 0.603095531463623,
    "chains_ptm": {
        "0": 0.9538790583610535,
        "1": 0.9357165098190308
    },
    "pair_chains_iptm": {
        "0": {
            "0": 0.9538790583610535,
            "1": 0.7097548246383667
        },
        "1": {
            "0": 0.9676606059074402,
            "1": 0.9357165098190308
        }
    }
}