{
    "confidence_score": 0.9492958188056946,
    "ptm": 0.9606376886367798,
    "iptm": 0.9446422457695007,
    "ligand_iptm": 0.9446422457695007,
    "protein_iptm": 0.0,
    "complex_plddt": 0.9504592418670654,
    "complex_iplddt": 0.9266214370727539,
    "complex_pde": 0.3894607424736023,
    "complex_ipde": 0.7722642421722412,
    "chains_ptm": {
        "0": 0.9616085886955261,
        "1": 0.9333542585372925
    },
    "pair_chains_iptm": {
        "0": {
            "0": 0.9616085886955261,
            "1": 0.4605366587638855
        },
        "1": {
            "0": 0.9446422457695007,
            "1": 0.9333542585372925
        }
    }
}