{
    "confidence_score": 0.9463270306587219,
    "ptm": 0.96172034740448,
    "iptm": 0.9643806219100952,
    "ligand_iptm": 0.9643806219100952,
    "protein_iptm": 0.0,
    "complex_plddt": 0.9418136477470398,
    "complex_iplddt": 0.9095598459243774,
    "complex_pde": 0.39236241579055786,
    "complex_ipde": 0.6387170553207397,
    "chains_ptm": {
        "0": 0.9618590474128723,
        "1": 0.913962185382843
    },
    "pair_chains_iptm": {
        "0": {
            "0": 0.9618590474128723,
            "1": 0.551929235458374
        },
        "1": {
            "0": 0.9643806219100952,
            "1": 0.913962185382843
        }
    }
}