seed,sample,ranking_score
1,0,0.8479415520858827
1,1,0.8685028563188701
1,2,0.8635743253031737
1,3,0.8659419732621131
1,4,0.8599943352537773
