seed,sample,ranking_score
44,0,0.8043293649635551
44,1,0.8250216378621997
44,2,0.7696375377401877
44,3,0.7989318459967018
44,4,0.7965191917023988
9,0,0.7653674330558728
9,1,0.7612768440791288
9,2,0.7772023453247308
9,3,0.7711160729106042
9,4,0.7589513068906107
80,0,0.7481871370901825
80,1,0.8123799454470825
80,2,0.7661212900205596
80,3,0.7521410809658431
80,4,0.7743003095214005
