{
    "confidence_score": 0.9518855214118958,
    "ptm": 0.9355528950691223,
    "iptm": 0.983171820640564,
    "ligand_iptm": 0.983171820640564,
    "protein_iptm": 0.0,
    "complex_plddt": 0.9440639019012451,
    "complex_iplddt": 0.949364185333252,
    "complex_pde": 0.48269104957580566,
    "complex_ipde": 0.568464994430542,
    "chains_ptm": {
        "0": 0.933765172958374,
        "1": 0.971250057220459
    },
    "pair_chains_iptm": {
        "0": {
            "0": 0.933765172958374,
            "1": 0.7578883171081543
        },
        "1": {
            "0": 0.983171820640564,
            "1": 0.971250057220459
        }
    }
}