seed,sample,ranking_score
1,0,0.7348627616413659
1,1,0.7418224779136674
1,2,0.7572327481540474
1,3,0.761106265023832
1,4,0.647243958864746
