seed,sample,ranking_score
1,0,0.9693153550983129
1,1,0.9839753079597023
1,2,0.9812357044027672
1,3,0.9716442773929612
1,4,0.9657640178865784
