seed,sample,ranking_score
44,0,0.8713386405876845
44,1,0.7076774091083728
44,2,0.8433207591177845
44,3,0.8576381974186178
44,4,0.8582809359148864
9,0,0.8388584580928061
9,1,0.8347833022638549
9,2,0.8349103358177802
9,3,0.8464144015552442
9,4,0.8310646229385099
80,0,0.8399470456184899
80,1,0.8574815431848987
80,2,0.8401983844178982
80,3,0.8415235061262822
80,4,0.8417390677259616
