seed,sample,ranking_score
1,0,0.8349768715235761
1,1,0.8233001950999329
1,2,0.8344486895425849
1,3,0.8254646902725316
1,4,0.8353838987537946
