{
    "confidence_score": 0.9419170618057251,
    "ptm": 0.9484007954597473,
    "iptm": 0.9647060036659241,
    "ligand_iptm": 0.9647060036659241,
    "protein_iptm": 0.0,
    "complex_plddt": 0.9362198114395142,
    "complex_iplddt": 0.8944740891456604,
    "complex_pde": 0.446616530418396,
    "complex_ipde": 0.6890320181846619,
    "chains_ptm": {
        "0": 0.9471119046211243,
        "1": 0.9615989327430725
    },
    "pair_chains_iptm": {
        "0": {
            "0": 0.9471119046211243,
            "1": 0.6971215009689331
        },
        "1": {
            "0": 0.9647060036659241,
            "1": 0.9615989327430725
        }
    }
}