{
    "confidence_score": 0.9505605697631836,
    "ptm": 0.9406639933586121,
    "iptm": 0.975873589515686,
    "ligand_iptm": 0.975873589515686,
    "protein_iptm": 0.0,
    "complex_plddt": 0.9442322850227356,
    "complex_iplddt": 0.9453718662261963,
    "complex_pde": 0.46064019203186035,
    "complex_ipde": 0.5628486275672913,
    "chains_ptm": {
        "0": 0.9382730722427368,
        "1": 0.9380464553833008
    },
    "pair_chains_iptm": {
        "0": {
            "0": 0.9382730722427368,
            "1": 0.7053447961807251
        },
        "1": {
            "0": 0.975873589515686,
            "1": 0.9380464553833008
        }
    }
}