seed,sample,ranking_score
1,0,0.6744013106616946
1,1,0.6829282919193572
1,2,0.6657149097021524
1,3,0.6687220136766987
1,4,0.6854741521281832
