{
    "confidence_score": 0.9479205012321472,
    "ptm": 0.9568557143211365,
    "iptm": 0.9545848369598389,
    "ligand_iptm": 0.9545848369598389,
    "protein_iptm": 0.0,
    "complex_plddt": 0.9462544322013855,
    "complex_iplddt": 0.9332517981529236,
    "complex_pde": 0.41726812720298767,
    "complex_ipde": 0.7394527792930603,
    "chains_ptm": {
        "0": 0.9571157097816467,
        "1": 0.9502446055412292
    },
    "pair_chains_iptm": {
        "0": {
            "0": 0.9571157097816467,
            "1": 0.664047122001648
        },
        "1": {
            "0": 0.9545848369598389,
            "1": 0.9502446055412292
        }
    }
}