seed,sample,ranking_score
1,0,0.806659714057512
1,1,0.8773095929929416
1,2,0.8883515591552177
1,3,0.8586123082536328
1,4,0.8152011071426001
