seed,sample,ranking_score
1,0,0.8658246119006767
1,1,0.8642669976015506
1,2,0.8686504856977746
1,3,0.8700389518696965
1,4,0.8778992880935819
