{
    "confidence_score": 0.9423732757568359,
    "ptm": 0.9619383811950684,
    "iptm": 0.9635074734687805,
    "ligand_iptm": 0.9635074734687805,
    "protein_iptm": 0.0,
    "complex_plddt": 0.937089741230011,
    "complex_iplddt": 0.861893355846405,
    "complex_pde": 0.3837863802909851,
    "complex_ipde": 0.5848012566566467,
    "chains_ptm": {
        "0": 0.9619776010513306,
        "1": 0.9447615742683411
    },
    "pair_chains_iptm": {
        "0": {
            "0": 0.9619776010513306,
            "1": 0.6273955702781677
        },
        "1": {
            "0": 0.9635074734687805,
            "1": 0.9447615742683411
        }
    }
}