{
    "confidence_score": 0.9415916800498962,
    "ptm": 0.9423608779907227,
    "iptm": 0.9300209879875183,
    "ligand_iptm": 0.9300209879875183,
    "protein_iptm": 0.0,
    "complex_plddt": 0.9444843530654907,
    "complex_iplddt": 0.9012531042098999,
    "complex_pde": 0.4793589115142822,
    "complex_ipde": 0.8925484418869019,
    "chains_ptm": {
        "0": 0.9431564807891846,
        "1": 0.9345464706420898
    },
    "pair_chains_iptm": {
        "0": {
            "0": 0.9431564807891846,
            "1": 0.4979945421218872
        },
        "1": {
            "0": 0.9300209879875183,
            "1": 0.9345464706420898
        }
    }
}