seed,sample,ranking_score
1,0,0.8950607944480408
1,1,0.8925511440615241
1,2,0.9163473852982998
1,3,0.8958727080291905
1,4,0.8942160920557073
