{
    "confidence_score": 0.9340412020683289,
    "ptm": 0.9533410668373108,
    "iptm": 0.9455122947692871,
    "ligand_iptm": 0.9455122947692871,
    "protein_iptm": 0.0,
    "complex_plddt": 0.9311733841896057,
    "complex_iplddt": 0.8638902902603149,
    "complex_pde": 0.4183486998081207,
    "complex_ipde": 0.7420031428337097,
    "chains_ptm": {
        "0": 0.9539980292320251,
        "1": 0.946996808052063
    },
    "pair_chains_iptm": {
        "0": {
            "0": 0.9539980292320251,
            "1": 0.608125627040863
        },
        "1": {
            "0": 0.9455122947692871,
            "1": 0.946996808052063
        }
    }
}