seed,sample,ranking_score
44,0,0.9028467144053572
44,1,0.9241361045111219
44,2,0.8991555442260801
44,3,0.896114426015919
44,4,0.9070890941596563
9,0,0.8833223682445255
9,1,0.8890140621667783
9,2,0.8908299396399803
9,3,0.8935989585290918
9,4,0.8967549859140334
80,0,0.8858547101583548
80,1,0.9007342069634786
80,2,0.8880210764079882
80,3,0.8924836091212615
80,4,0.8829049531831157
