{
    "confidence_score": 0.924195408821106,
    "ptm": 0.9604613184928894,
    "iptm": 0.9318590760231018,
    "ligand_iptm": 0.9318590760231018,
    "protein_iptm": 0.0,
    "complex_plddt": 0.9222794771194458,
    "complex_iplddt": 0.7879358530044556,
    "complex_pde": 0.41636359691619873,
    "complex_ipde": 0.864568829536438,
    "chains_ptm": {
        "0": 0.9630054235458374,
        "1": 0.8872305154800415
    },
    "pair_chains_iptm": {
        "0": {
            "0": 0.9630054235458374,
            "1": 0.535631537437439
        },
        "1": {
            "0": 0.9318590760231018,
            "1": 0.8872305154800415
        }
    }
}