{
    "confidence_score": 0.9548748135566711,
    "ptm": 0.9624538421630859,
    "iptm": 0.9753190279006958,
    "ligand_iptm": 0.9753190279006958,
    "protein_iptm": 0.0,
    "complex_plddt": 0.9497637152671814,
    "complex_iplddt": 0.92800372838974,
    "complex_pde": 0.3747767508029938,
    "complex_ipde": 0.5324760675430298,
    "chains_ptm": {
        "0": 0.9618436694145203,
        "1": 0.9827179908752441
    },
    "pair_chains_iptm": {
        "0": {
            "0": 0.9618436694145203,
            "1": 0.7263498902320862
        },
        "1": {
            "0": 0.9753190279006958,
            "1": 0.9827179908752441
        }
    }
}