seed,sample,ranking_score
1,0,0.8442686829504722
1,1,0.8889591650392991
1,2,0.891691360254205
1,3,0.8766708947608051
1,4,0.8693429535788412
