seed,sample,ranking_score
1,0,0.9040020963890054
1,1,0.9242364274745047
1,2,0.9122417172649762
1,3,0.9085067314194607
1,4,0.9084340109911884
