seed,sample,ranking_score
44,0,0.7775952945574617
44,1,0.8258928601180086
44,2,0.8078913051315961
44,3,0.7947485848957231
44,4,0.815881014076515
9,0,0.7555835745446605
9,1,0.7856990662440132
9,2,0.7711303852676858
9,3,0.7995567945983815
9,4,0.7832627287923123
80,0,0.8125034055319841
80,1,0.74679013167316
80,2,0.8016423586822998
80,3,0.7972950871102173
80,4,0.7753080951048027
