{
    "confidence_score": 0.9317766427993774,
    "ptm": 0.9645146131515503,
    "iptm": 0.8502829670906067,
    "ligand_iptm": 0.8502829670906067,
    "protein_iptm": 0.0,
    "complex_plddt": 0.9521500468254089,
    "complex_iplddt": 0.8332536220550537,
    "complex_pde": 0.4211970865726471,
    "complex_ipde": 1.4512959718704224,
    "chains_ptm": {
        "0": 0.9706416726112366,
        "1": 0.9443687796592712
    },
    "pair_chains_iptm": {
        "0": {
            "0": 0.9706416726112366,
            "1": 0.3778136074542999
        },
        "1": {
            "0": 0.8502829670906067,
            "1": 0.9443687796592712
        }
    }
}