{
    "confidence_score": 0.9619976878166199,
    "ptm": 0.9440898299217224,
    "iptm": 0.9613924026489258,
    "ligand_iptm": 0.9613924026489258,
    "protein_iptm": 0.0,
    "complex_plddt": 0.9621490240097046,
    "complex_iplddt": 0.9454249143600464,
    "complex_pde": 0.4504690170288086,
    "complex_ipde": 0.7456540465354919,
    "chains_ptm": {
        "0": 0.9433618783950806,
        "1": 0.9369692802429199
    },
    "pair_chains_iptm": {
        "0": {
            "0": 0.9433618783950806,
            "1": 0.47835490107536316
        },
        "1": {
            "0": 0.9613924026489258,
            "1": 0.9369692802429199
        }
    }
}