{
    "confidence_score": 0.9453573226928711,
    "ptm": 0.9592529535293579,
    "iptm": 0.9049615859985352,
    "ligand_iptm": 0.9049615859985352,
    "protein_iptm": 0.0,
    "complex_plddt": 0.9554563164710999,
    "complex_iplddt": 0.921657383441925,
    "complex_pde": 0.4193786382675171,
    "complex_ipde": 1.2625327110290527,
    "chains_ptm": {
        "0": 0.9618756175041199,
        "1": 0.9606497883796692
    },
    "pair_chains_iptm": {
        "0": {
            "0": 0.9618756175041199,
            "1": 0.3875538110733032
        },
        "1": {
            "0": 0.9049615859985352,
            "1": 0.9606497883796692
        }
    }
}