seed,sample,ranking_score
1,0,0.8054715696505791
1,1,0.8149355112380928
1,2,0.843015484942563
1,3,0.8103153002522426
1,4,0.819112438018791
