seed,sample,ranking_score
1,0,0.9091841934275664
1,1,0.9141495089597172
1,2,0.9372568132735736
1,3,0.909729249374593
1,4,0.9196536182240618
