seed,sample,ranking_score
1,0,0.7661336069833852
1,1,0.8083753408764953
1,2,0.7921175870792662
1,3,0.7762832474219077
1,4,0.7875653969837088
