{
    "confidence_score": 0.9372119307518005,
    "ptm": 0.9386414885520935,
    "iptm": 0.9193644523620605,
    "ligand_iptm": 0.9193644523620605,
    "protein_iptm": 0.0,
    "complex_plddt": 0.941673755645752,
    "complex_iplddt": 0.9288310408592224,
    "complex_pde": 0.5330716967582703,
    "complex_ipde": 1.1290076971054077,
    "chains_ptm": {
        "0": 0.9408073425292969,
        "1": 0.8749231100082397
    },
    "pair_chains_iptm": {
        "0": {
            "0": 0.9408073425292969,
            "1": 0.41969311237335205
        },
        "1": {
            "0": 0.9193644523620605,
            "1": 0.8749231100082397
        }
    }
}