{
    "confidence_score": 0.9094845056533813,
    "ptm": 0.9583117365837097,
    "iptm": 0.9524707794189453,
    "ligand_iptm": 0.9524707794189453,
    "protein_iptm": 0.0,
    "complex_plddt": 0.898737907409668,
    "complex_iplddt": 0.7889494895935059,
    "complex_pde": 0.4177127182483673,
    "complex_ipde": 0.7515803575515747,
    "chains_ptm": {
        "0": 0.9591187238693237,
        "1": 0.9012646079063416
    },
    "pair_chains_iptm": {
        "0": {
            "0": 0.9591187238693237,
            "1": 0.5434049367904663
        },
        "1": {
            "0": 0.9524707794189453,
            "1": 0.9012646079063416
        }
    }
}