{
    "confidence_score": 0.9372225999832153,
    "ptm": 0.961194634437561,
    "iptm": 0.9664691090583801,
    "ligand_iptm": 0.9664691090583801,
    "protein_iptm": 0.0,
    "complex_plddt": 0.9299109578132629,
    "complex_iplddt": 0.8811447024345398,
    "complex_pde": 0.38761425018310547,
    "complex_ipde": 0.6115047931671143,
    "chains_ptm": {
        "0": 0.9609295725822449,
        "1": 0.9370007514953613
    },
    "pair_chains_iptm": {
        "0": {
            "0": 0.9609295725822449,
            "1": 0.655092716217041
        },
        "1": {
            "0": 0.9664691090583801,
            "1": 0.9370007514953613
        }
    }
}