seed,sample,ranking_score
1,0,0.9540432640729757
1,1,0.9522041339644626
1,2,0.9762191607596733
1,3,0.9525594500986103
1,4,0.9590136619136848
