seed,sample,ranking_score
1,0,0.8923995238217268
1,1,0.8901793135243338
1,2,0.9144238270099568
1,3,0.8942324400134212
1,4,0.8938438138066127
