seed,sample,ranking_score
1,0,0.8990139675820382
1,1,0.8977323580180916
1,2,0.9176846496840574
1,3,0.9013427560338994
1,4,0.9167978040212932
