seed,sample,ranking_score
1,0,0.895728464985513
1,1,0.8924329041411818
1,2,0.913530672741995
1,3,0.8950974405989446
1,4,0.9016111384013988
