{
    "confidence_score": 0.935944676399231,
    "ptm": 0.9392595887184143,
    "iptm": 0.9459037184715271,
    "ligand_iptm": 0.9459037184715271,
    "protein_iptm": 0.0,
    "complex_plddt": 0.9334548711776733,
    "complex_iplddt": 0.8658128976821899,
    "complex_pde": 0.48839613795280457,
    "complex_ipde": 0.8448736667633057,
    "chains_ptm": {
        "0": 0.9391621947288513,
        "1": 0.9504771828651428
    },
    "pair_chains_iptm": {
        "0": {
            "0": 0.9391621947288513,
            "1": 0.60030198097229
        },
        "1": {
            "0": 0.9459037184715271,
            "1": 0.9504771828651428
        }
    }
}