{
    "confidence_score": 0.950472354888916,
    "ptm": 0.9650938510894775,
    "iptm": 0.9572060108184814,
    "ligand_iptm": 0.9572060108184814,
    "protein_iptm": 0.0,
    "complex_plddt": 0.9487889409065247,
    "complex_iplddt": 0.9245805740356445,
    "complex_pde": 0.3752971887588501,
    "complex_ipde": 0.6652749180793762,
    "chains_ptm": {
        "0": 0.965589702129364,
        "1": 0.9714533090591431
    },
    "pair_chains_iptm": {
        "0": {
            "0": 0.965589702129364,
            "1": 0.6407983899116516
        },
        "1": {
            "0": 0.9572060108184814,
            "1": 0.9714533090591431
        }
    }
}