{
    "confidence_score": 0.9574047327041626,
    "ptm": 0.9687552452087402,
    "iptm": 0.9671077728271484,
    "ligand_iptm": 0.9671077728271484,
    "protein_iptm": 0.0,
    "complex_plddt": 0.9549789428710938,
    "complex_iplddt": 0.9256882667541504,
    "complex_pde": 0.3439663350582123,
    "complex_ipde": 0.574321448802948,
    "chains_ptm": {
        "0": 0.9689229726791382,
        "1": 0.9544886350631714
    },
    "pair_chains_iptm": {
        "0": {
            "0": 0.9689229726791382,
            "1": 0.625311553478241
        },
        "1": {
            "0": 0.9671077728271484,
            "1": 0.9544886350631714
        }
    }
}