{
    "confidence_score": 0.9446032643318176,
    "ptm": 0.9484995603561401,
    "iptm": 0.8931899666786194,
    "ligand_iptm": 0.8931899666786194,
    "protein_iptm": 0.0,
    "complex_plddt": 0.9574565291404724,
    "complex_iplddt": 0.9038288593292236,
    "complex_pde": 0.4772299826145172,
    "complex_ipde": 1.4971550703048706,
    "chains_ptm": {
        "0": 0.9512909054756165,
        "1": 0.9600331783294678
    },
    "pair_chains_iptm": {
        "0": {
            "0": 0.9512909054756165,
            "1": 0.452128529548645
        },
        "1": {
            "0": 0.8931899666786194,
            "1": 0.9600331783294678
        }
    }
}