seed,sample,ranking_score
1,0,0.9361170500256006
1,1,0.9445762282491478
1,2,0.9455195993794037
1,3,0.9366194392388334
1,4,0.9319789583280754
