{
    "confidence_score": 0.9338387846946716,
    "ptm": 0.9621279835700989,
    "iptm": 0.9174845814704895,
    "ligand_iptm": 0.9174845814704895,
    "protein_iptm": 0.0,
    "complex_plddt": 0.93792724609375,
    "complex_iplddt": 0.8944135904312134,
    "complex_pde": 0.3954780697822571,
    "complex_ipde": 0.9407045841217041,
    "chains_ptm": {
        "0": 0.9644134640693665,
        "1": 0.9547064900398254
    },
    "pair_chains_iptm": {
        "0": {
            "0": 0.9644134640693665,
            "1": 0.5618782043457031
        },
        "1": {
            "0": 0.9174845814704895,
            "1": 0.9547064900398254
        }
    }
}