seed,sample,ranking_score
1,0,0.8873062585113061
1,1,0.8793592961506211
1,2,0.9066830932367114
1,3,0.8827594063696499
1,4,0.8878552417430655
