{
    "confidence_score": 0.955018162727356,
    "ptm": 0.9615795016288757,
    "iptm": 0.9562683701515198,
    "ligand_iptm": 0.9562683701515198,
    "protein_iptm": 0.0,
    "complex_plddt": 0.9547055959701538,
    "complex_iplddt": 0.9260413646697998,
    "complex_pde": 0.38178983330726624,
    "complex_ipde": 0.7092822790145874,
    "chains_ptm": {
        "0": 0.9618156552314758,
        "1": 0.982052206993103
    },
    "pair_chains_iptm": {
        "0": {
            "0": 0.9618156552314758,
            "1": 0.6439370512962341
        },
        "1": {
            "0": 0.9562683701515198,
            "1": 0.982052206993103
        }
    }
}