{
    "confidence_score": 0.9525133371353149,
    "ptm": 0.9477369785308838,
    "iptm": 0.9551861882209778,
    "ligand_iptm": 0.9551861882209778,
    "protein_iptm": 0.0,
    "complex_plddt": 0.9518450498580933,
    "complex_iplddt": 0.9267045259475708,
    "complex_pde": 0.4431062936782837,
    "complex_ipde": 0.7616680860519409,
    "chains_ptm": {
        "0": 0.9474095702171326,
        "1": 0.9878770709037781
    },
    "pair_chains_iptm": {
        "0": {
            "0": 0.9474095702171326,
            "1": 0.6584511995315552
        },
        "1": {
            "0": 0.9551861882209778,
            "1": 0.9878770709037781
        }
    }
}