{
    "confidence_score": 0.9676746726036072,
    "ptm": 0.9660343527793884,
    "iptm": 0.9895629286766052,
    "ligand_iptm": 0.9895629286766052,
    "protein_iptm": 0.0,
    "complex_plddt": 0.9622026085853577,
    "complex_iplddt": 0.9667807817459106,
    "complex_pde": 0.3506705164909363,
    "complex_ipde": 0.39590588212013245,
    "chains_ptm": {
        "0": 0.9648685455322266,
        "1": 0.9846692681312561
    },
    "pair_chains_iptm": {
        "0": {
            "0": 0.9648685455322266,
            "1": 0.8384780287742615
        },
        "1": {
            "0": 0.9895629286766052,
            "1": 0.9846692681312561
        }
    }
}