{
    "confidence_score": 0.9546450972557068,
    "ptm": 0.9582669138908386,
    "iptm": 0.9781137704849243,
    "ligand_iptm": 0.9781137704849243,
    "protein_iptm": 0.0,
    "complex_plddt": 0.9487778544425964,
    "complex_iplddt": 0.9516887664794922,
    "complex_pde": 0.38453784584999084,
    "complex_ipde": 0.5015137195587158,
    "chains_ptm": {
        "0": 0.9567247033119202,
        "1": 0.9651533365249634
    },
    "pair_chains_iptm": {
        "0": {
            "0": 0.9567247033119202,
            "1": 0.7407962679862976
        },
        "1": {
            "0": 0.9781137704849243,
            "1": 0.9651533365249634
        }
    }
}