seed,sample,ranking_score
1,0,0.8209308853392814
1,1,0.7536539428637685
1,2,0.8500465907233183
1,3,0.8223949203795886
1,4,0.8067160027572977
