seed,sample,ranking_score
1,0,0.7928182978405843
1,1,0.8177037515606304
1,2,0.8448859609968272
1,3,0.8393463919773185
1,4,0.8046571347510171
