{
    "confidence_score": 0.9376419186592102,
    "ptm": 0.9542158842086792,
    "iptm": 0.9009107351303101,
    "ligand_iptm": 0.9009107351303101,
    "protein_iptm": 0.0,
    "complex_plddt": 0.9468246698379517,
    "complex_iplddt": 0.9222080111503601,
    "complex_pde": 0.46268603205680847,
    "complex_ipde": 1.4300382137298584,
    "chains_ptm": {
        "0": 0.9571510553359985,
        "1": 0.9617688655853271
    },
    "pair_chains_iptm": {
        "0": {
            "0": 0.9571510553359985,
            "1": 0.47448939085006714
        },
        "1": {
            "0": 0.9009107351303101,
            "1": 0.9617688655853271
        }
    }
}