{
    "confidence_score": 0.9505721926689148,
    "ptm": 0.9621332883834839,
    "iptm": 0.9645658731460571,
    "ligand_iptm": 0.9645658731460571,
    "protein_iptm": 0.0,
    "complex_plddt": 0.947073757648468,
    "complex_iplddt": 0.9319599866867065,
    "complex_pde": 0.38231170177459717,
    "complex_ipde": 0.6430522799491882,
    "chains_ptm": {
        "0": 0.9620991349220276,
        "1": 0.9361672401428223
    },
    "pair_chains_iptm": {
        "0": {
            "0": 0.9620991349220276,
            "1": 0.5008531808853149
        },
        "1": {
            "0": 0.9645658731460571,
            "1": 0.9361672401428223
        }
    }
}