{
    "confidence_score": 0.9625635147094727,
    "ptm": 0.9625528454780579,
    "iptm": 0.9886090755462646,
    "ligand_iptm": 0.9886090755462646,
    "protein_iptm": 0.0,
    "complex_plddt": 0.9560521841049194,
    "complex_iplddt": 0.9626081585884094,
    "complex_pde": 0.3659937083721161,
    "complex_ipde": 0.4092812240123749,
    "chains_ptm": {
        "0": 0.9612417221069336,
        "1": 0.984204888343811
    },
    "pair_chains_iptm": {
        "0": {
            "0": 0.9612417221069336,
            "1": 0.8319621682167053
        },
        "1": {
            "0": 0.9886090755462646,
            "1": 0.984204888343811
        }
    }
}