seed,sample,ranking_score
1,0,0.8394109960114953
1,1,0.8472148676510347
1,2,0.8495069974914474
1,3,0.8242438885787843
1,4,0.8374396687733505
