seed,sample,ranking_score
1,0,0.9239514845870092
1,1,0.8814561036723854
1,2,0.9455157812683325
1,3,0.9195812868527169
1,4,0.9281526662231764
