{
    "confidence_score": 0.9370840191841125,
    "ptm": 0.9411543607711792,
    "iptm": 0.8828394412994385,
    "ligand_iptm": 0.8828394412994385,
    "protein_iptm": 0.0,
    "complex_plddt": 0.9506451487541199,
    "complex_iplddt": 0.9198260307312012,
    "complex_pde": 0.5077174305915833,
    "complex_ipde": 1.438780426979065,
    "chains_ptm": {
        "0": 0.9445329904556274,
        "1": 0.9288922548294067
    },
    "pair_chains_iptm": {
        "0": {
            "0": 0.9445329904556274,
            "1": 0.39317065477371216
        },
        "1": {
            "0": 0.8828394412994385,
            "1": 0.9288922548294067
        }
    }
}