{
    "confidence_score": 0.9571884274482727,
    "ptm": 0.9421144723892212,
    "iptm": 0.9833204746246338,
    "ligand_iptm": 0.9833204746246338,
    "protein_iptm": 0.0,
    "complex_plddt": 0.9506554007530212,
    "complex_iplddt": 0.949192225933075,
    "complex_pde": 0.4475681781768799,
    "complex_ipde": 0.5282970070838928,
    "chains_ptm": {
        "0": 0.9404363632202148,
        "1": 0.9854356050491333
    },
    "pair_chains_iptm": {
        "0": {
            "0": 0.9404363632202148,
            "1": 0.7670803070068359
        },
        "1": {
            "0": 0.9833204746246338,
            "1": 0.9854356050491333
        }
    }
}