seed,sample,ranking_score
1,0,0.8324685268693187
1,1,0.82400458754538
1,2,0.8360809256546077
1,3,0.8262713778176779
1,4,0.8391226007678716
