{
    "confidence_score": 0.9439196586608887,
    "ptm": 0.9495117664337158,
    "iptm": 0.9155986905097961,
    "ligand_iptm": 0.9155986905097961,
    "protein_iptm": 0.0,
    "complex_plddt": 0.950999915599823,
    "complex_iplddt": 0.9230808615684509,
    "complex_pde": 0.46915486454963684,
    "complex_ipde": 1.2691364288330078,
    "chains_ptm": {
        "0": 0.9511997699737549,
        "1": 0.968466579914093
    },
    "pair_chains_iptm": {
        "0": {
            "0": 0.9511997699737549,
            "1": 0.47968944907188416
        },
        "1": {
            "0": 0.9155986905097961,
            "1": 0.968466579914093
        }
    }
}