{
    "confidence_score": 0.9356786608695984,
    "ptm": 0.9593446254730225,
    "iptm": 0.9242546558380127,
    "ligand_iptm": 0.9242546558380127,
    "protein_iptm": 0.0,
    "complex_plddt": 0.9385347366333008,
    "complex_iplddt": 0.8744409680366516,
    "complex_pde": 0.43713757395744324,
    "complex_ipde": 0.9053526520729065,
    "chains_ptm": {
        "0": 0.9628385305404663,
        "1": 0.8953738212585449
    },
    "pair_chains_iptm": {
        "0": {
            "0": 0.9628385305404663,
            "1": 0.5280100107192993
        },
        "1": {
            "0": 0.9242546558380127,
            "1": 0.8953738212585449
        }
    }
}