{
    "confidence_score": 0.9417197108268738,
    "ptm": 0.9573444724082947,
    "iptm": 0.9641636610031128,
    "ligand_iptm": 0.9641636610031128,
    "protein_iptm": 0.0,
    "complex_plddt": 0.9361087083816528,
    "complex_iplddt": 0.8669689297676086,
    "complex_pde": 0.39816442131996155,
    "complex_ipde": 0.6328355669975281,
    "chains_ptm": {
        "0": 0.9571818709373474,
        "1": 0.9636120796203613
    },
    "pair_chains_iptm": {
        "0": {
            "0": 0.9571818709373474,
            "1": 0.6910139322280884
        },
        "1": {
            "0": 0.9641636610031128,
            "1": 0.9636120796203613
        }
    }
}