{
    "confidence_score": 0.9370774626731873,
    "ptm": 0.9574141502380371,
    "iptm": 0.9428364038467407,
    "ligand_iptm": 0.9428364038467407,
    "protein_iptm": 0.0,
    "complex_plddt": 0.9356376528739929,
    "complex_iplddt": 0.9025334715843201,
    "complex_pde": 0.42722567915916443,
    "complex_ipde": 0.7674145102500916,
    "chains_ptm": {
        "0": 0.9588996767997742,
        "1": 0.9018212556838989
    },
    "pair_chains_iptm": {
        "0": {
            "0": 0.9588996767997742,
            "1": 0.5952466726303101
        },
        "1": {
            "0": 0.9428364038467407,
            "1": 0.9018212556838989
        }
    }
}