{
    "confidence_score": 0.9560565948486328,
    "ptm": 0.9499539732933044,
    "iptm": 0.9634494185447693,
    "ligand_iptm": 0.9634494185447693,
    "protein_iptm": 0.0,
    "complex_plddt": 0.9542083740234375,
    "complex_iplddt": 0.9279922246932983,
    "complex_pde": 0.43791651725769043,
    "complex_ipde": 0.6617293953895569,
    "chains_ptm": {
        "0": 0.9492629170417786,
        "1": 0.9765138030052185
    },
    "pair_chains_iptm": {
        "0": {
            "0": 0.9492629170417786,
            "1": 0.6609025001525879
        },
        "1": {
            "0": 0.9634494185447693,
            "1": 0.9765138030052185
        }
    }
}