seed,sample,ranking_score
44,0,0.837900742023538
44,1,0.8577640335648569
44,2,0.7788126345805816
44,3,0.8586749385484531
44,4,0.7980269851468442
9,0,0.7689642803671822
9,1,0.8436293507981814
9,2,0.8691152158181322
9,3,0.813842069348341
9,4,0.8181001178249122
80,0,0.8052891639664979
80,1,0.8357148579648128
80,2,0.7873586228865368
80,3,0.7763458872446662
80,4,0.796327703964173
