{
    "confidence_score": 0.9570318460464478,
    "ptm": 0.9549660086631775,
    "iptm": 0.987809956073761,
    "ligand_iptm": 0.987809956073761,
    "protein_iptm": 0.0,
    "complex_plddt": 0.9493373036384583,
    "complex_iplddt": 0.9517598748207092,
    "complex_pde": 0.3894461691379547,
    "complex_ipde": 0.4325414001941681,
    "chains_ptm": {
        "0": 0.9537527561187744,
        "1": 0.9771298766136169
    },
    "pair_chains_iptm": {
        "0": {
            "0": 0.9537527561187744,
            "1": 0.7896994948387146
        },
        "1": {
            "0": 0.987809956073761,
            "1": 0.9771298766136169
        }
    }
}