seed,sample,ranking_score
1,0,0.8834290772114572
1,1,0.8946087035643049
1,2,0.8967356269911797
1,3,0.8850253594979037
1,4,0.8897991596366681
