{
    "confidence_score": 0.932590663433075,
    "ptm": 0.9503663182258606,
    "iptm": 0.9569633603096008,
    "ligand_iptm": 0.9569633603096008,
    "protein_iptm": 0.0,
    "complex_plddt": 0.9264975190162659,
    "complex_iplddt": 0.8663502931594849,
    "complex_pde": 0.4367843270301819,
    "complex_ipde": 0.6690919399261475,
    "chains_ptm": {
        "0": 0.949842631816864,
        "1": 0.8923810720443726
    },
    "pair_chains_iptm": {
        "0": {
            "0": 0.949842631816864,
            "1": 0.5330784320831299
        },
        "1": {
            "0": 0.9569633603096008,
            "1": 0.8923810720443726
        }
    }
}