seed,sample,ranking_score
1,0,0.8540764152100241
1,1,0.8501016923441456
1,2,0.879035890572442
1,3,0.8603259970134567
1,4,0.8672703715740738
