{
    "confidence_score": 0.9279332160949707,
    "ptm": 0.9419217109680176,
    "iptm": 0.9310672879219055,
    "ligand_iptm": 0.9310672879219055,
    "protein_iptm": 0.0,
    "complex_plddt": 0.9271497130393982,
    "complex_iplddt": 0.8427771925926208,
    "complex_pde": 0.5062970519065857,
    "complex_ipde": 0.946639358997345,
    "chains_ptm": {
        "0": 0.943159818649292,
        "1": 0.8661023378372192
    },
    "pair_chains_iptm": {
        "0": {
            "0": 0.943159818649292,
            "1": 0.4671526253223419
        },
        "1": {
            "0": 0.9310672879219055,
            "1": 0.8661023378372192
        }
    }
}