{
    "confidence_score": 0.9529935717582703,
    "ptm": 0.9599842429161072,
    "iptm": 0.9669477939605713,
    "ligand_iptm": 0.9669477939605713,
    "protein_iptm": 0.0,
    "complex_plddt": 0.9495049715042114,
    "complex_iplddt": 0.9254377484321594,
    "complex_pde": 0.38751593232154846,
    "complex_ipde": 0.5939964056015015,
    "chains_ptm": {
        "0": 0.959650993347168,
        "1": 0.9554847478866577
    },
    "pair_chains_iptm": {
        "0": {
            "0": 0.959650993347168,
            "1": 0.6439441442489624
        },
        "1": {
            "0": 0.9669477939605713,
            "1": 0.9554847478866577
        }
    }
}