seed,sample,ranking_score
1,0,0.8910795374013025
1,1,0.9010027748379668
1,2,0.9065788849384441
1,3,0.8941869687091033
1,4,0.8803937910735304
