seed,sample,ranking_score
1,0,0.9099406745772627
1,1,0.9319765088961676
1,2,0.9186164124024048
1,3,0.9115974216377185
1,4,0.9072786139361674
