seed,sample,ranking_score
44,0,0.7791144885226396
44,1,0.7934489330563892
44,2,0.7472346013742213
44,3,0.798938353050408
44,4,0.7649528051177032
9,0,0.7576639423089799
9,1,0.7806251361827937
9,2,0.7812795492159953
9,3,0.787044240198003
9,4,0.752415941563716
80,0,0.7752481812206116
80,1,0.776749528173404
80,2,0.7663402282899555
80,3,0.7323182522899886
80,4,0.7845037482028082
