{
    "confidence_score": 0.9584206938743591,
    "ptm": 0.9426235556602478,
    "iptm": 0.9842678904533386,
    "ligand_iptm": 0.9842678904533386,
    "protein_iptm": 0.0,
    "complex_plddt": 0.9519588947296143,
    "complex_iplddt": 0.9608738422393799,
    "complex_pde": 0.45911118388175964,
    "complex_ipde": 0.5436387658119202,
    "chains_ptm": {
        "0": 0.9405086636543274,
        "1": 0.9792633056640625
    },
    "pair_chains_iptm": {
        "0": {
            "0": 0.9405086636543274,
            "1": 0.7920761108398438
        },
        "1": {
            "0": 0.9842678904533386,
            "1": 0.9792633056640625
        }
    }
}