{
    "confidence_score": 0.9292588233947754,
    "ptm": 0.9558353424072266,
    "iptm": 0.9347996711730957,
    "ligand_iptm": 0.9347996711730957,
    "protein_iptm": 0.0,
    "complex_plddt": 0.9278736114501953,
    "complex_iplddt": 0.8321974873542786,
    "complex_pde": 0.4204249978065491,
    "complex_ipde": 0.7977455854415894,
    "chains_ptm": {
        "0": 0.9576559662818909,
        "1": 0.9184615612030029
    },
    "pair_chains_iptm": {
        "0": {
            "0": 0.9576559662818909,
            "1": 0.5563872456550598
        },
        "1": {
            "0": 0.9347996711730957,
            "1": 0.9184615612030029
        }
    }
}