seed,sample,ranking_score
1,0,0.8352490335649128
1,1,0.8593320361038251
1,2,0.8542602538036468
1,3,0.8430360637206459
1,4,0.8353597226223898
