{
    "confidence_score": 0.9582881927490234,
    "ptm": 0.9621477723121643,
    "iptm": 0.9786261320114136,
    "ligand_iptm": 0.9786261320114136,
    "protein_iptm": 0.0,
    "complex_plddt": 0.9532036781311035,
    "complex_iplddt": 0.9361578226089478,
    "complex_pde": 0.3657921850681305,
    "complex_ipde": 0.4955219328403473,
    "chains_ptm": {
        "0": 0.96125727891922,
        "1": 0.9797152280807495
    },
    "pair_chains_iptm": {
        "0": {
            "0": 0.96125727891922,
            "1": 0.7555518746376038
        },
        "1": {
            "0": 0.9786261320114136,
            "1": 0.9797152280807495
        }
    }
}