{
    "confidence_score": 0.963524341583252,
    "ptm": 0.9549526572227478,
    "iptm": 0.9834864735603333,
    "ligand_iptm": 0.9834864735603333,
    "protein_iptm": 0.0,
    "complex_plddt": 0.9585338234901428,
    "complex_iplddt": 0.9415326118469238,
    "complex_pde": 0.3854554295539856,
    "complex_ipde": 0.4957723319530487,
    "chains_ptm": {
        "0": 0.95389723777771,
        "1": 0.9796127080917358
    },
    "pair_chains_iptm": {
        "0": {
            "0": 0.95389723777771,
            "1": 0.7547276616096497
        },
        "1": {
            "0": 0.9834864735603333,
            "1": 0.9796127080917358
        }
    }
}