{
    "confidence_score": 0.9569884538650513,
    "ptm": 0.9630022644996643,
    "iptm": 0.9788683652877808,
    "ligand_iptm": 0.9788683652877808,
    "protein_iptm": 0.0,
    "complex_plddt": 0.9515184760093689,
    "complex_iplddt": 0.9316999912261963,
    "complex_pde": 0.3712312877178192,
    "complex_ipde": 0.514029324054718,
    "chains_ptm": {
        "0": 0.9622619152069092,
        "1": 0.9460335969924927
    },
    "pair_chains_iptm": {
        "0": {
            "0": 0.9622619152069092,
            "1": 0.631141722202301
        },
        "1": {
            "0": 0.9788683652877808,
            "1": 0.9460335969924927
        }
    }
}