seed,sample,ranking_score
1,0,0.8945660599055008
1,1,0.8935378449964243
1,2,0.9122206909513774
1,3,0.8937327715650778
1,4,0.890557132888095
