{
    "confidence_score": 0.9465091824531555,
    "ptm": 0.9611914157867432,
    "iptm": 0.9625585675239563,
    "ligand_iptm": 0.9625585675239563,
    "protein_iptm": 0.0,
    "complex_plddt": 0.9424968361854553,
    "complex_iplddt": 0.9223495125770569,
    "complex_pde": 0.39330533146858215,
    "complex_ipde": 0.635715663433075,
    "chains_ptm": {
        "0": 0.9612486958503723,
        "1": 0.9501951336860657
    },
    "pair_chains_iptm": {
        "0": {
            "0": 0.9612486958503723,
            "1": 0.7131848335266113
        },
        "1": {
            "0": 0.9625585675239563,
            "1": 0.9501951336860657
        }
    }
}