seed,sample,ranking_score
1,0,0.8900943891139779
1,1,0.8891086501043157
1,2,0.9103118049299631
1,3,0.8667789943640779
1,4,0.8955980286353455
