{
    "confidence_score": 0.9587799906730652,
    "ptm": 0.9716810584068298,
    "iptm": 0.9401606321334839,
    "ligand_iptm": 0.9401606321334839,
    "protein_iptm": 0.0,
    "complex_plddt": 0.9634348750114441,
    "complex_iplddt": 0.9190236926078796,
    "complex_pde": 0.35253071784973145,
    "complex_ipde": 0.8696568012237549,
    "chains_ptm": {
        "0": 0.9731980562210083,
        "1": 0.9533019661903381
    },
    "pair_chains_iptm": {
        "0": {
            "0": 0.9731980562210083,
            "1": 0.45459800958633423
        },
        "1": {
            "0": 0.9401606321334839,
            "1": 0.9533019661903381
        }
    }
}