seed,sample,ranking_score
1,0,0.839831037917102
1,1,0.8398880149338019
1,2,0.8608048706796005
1,3,0.8515377687364262
1,4,0.8555821967422653
