seed,sample,ranking_score
1,0,0.8606253793229441
1,1,0.8493289921440683
1,2,0.8688677039947799
1,3,0.8222044562034799
1,4,0.8420032007729398
