seed,sample,ranking_score
1,0,0.7998756147612711
1,1,0.8593224146137846
1,2,0.849046853655517
1,3,0.8526160428917575
1,4,0.8696199589478462
