seed,sample,ranking_score
1,0,0.8191486966538053
1,1,0.8265899012618129
1,2,0.8441321516345803
1,3,0.8133470019877593
1,4,0.8265694084614088
