seed,sample,ranking_score
1,0,0.7877741661005737
1,1,0.8056487560864339
1,2,0.8189069593692024
1,3,0.783401002949188
1,4,0.8088085928379303
