{
    "confidence_score": 0.9614085555076599,
    "ptm": 0.946510910987854,
    "iptm": 0.9516957998275757,
    "ligand_iptm": 0.9516957998275757,
    "protein_iptm": 0.0,
    "complex_plddt": 0.963836669921875,
    "complex_iplddt": 0.9443711638450623,
    "complex_pde": 0.4551990032196045,
    "complex_ipde": 0.8143171668052673,
    "chains_ptm": {
        "0": 0.9465482234954834,
        "1": 0.9532636404037476
    },
    "pair_chains_iptm": {
        "0": {
            "0": 0.9465482234954834,
            "1": 0.5552440285682678
        },
        "1": {
            "0": 0.9516957998275757,
            "1": 0.9532636404037476
        }
    }
}