seed,sample,ranking_score
1,0,0.8875342927013152
1,1,0.8876351951401944
1,2,0.9099493045943049
1,3,0.8884627221202864
1,4,0.8865776809759306
