{
    "confidence_score": 0.9651279449462891,
    "ptm": 0.9595482349395752,
    "iptm": 0.9806848168373108,
    "ligand_iptm": 0.9806848168373108,
    "protein_iptm": 0.0,
    "complex_plddt": 0.96123868227005,
    "complex_iplddt": 0.9445333480834961,
    "complex_pde": 0.37245768308639526,
    "complex_ipde": 0.5185517072677612,
    "chains_ptm": {
        "0": 0.9587956666946411,
        "1": 0.9781337976455688
    },
    "pair_chains_iptm": {
        "0": {
            "0": 0.9587956666946411,
            "1": 0.7404319643974304
        },
        "1": {
            "0": 0.9806848168373108,
            "1": 0.9781337976455688
        }
    }
}