{
    "confidence_score": 0.9413719177246094,
    "ptm": 0.9471588134765625,
    "iptm": 0.9371894598007202,
    "ligand_iptm": 0.9371894598007202,
    "protein_iptm": 0.0,
    "complex_plddt": 0.9424175024032593,
    "complex_iplddt": 0.8845109939575195,
    "complex_pde": 0.46617281436920166,
    "complex_ipde": 0.8597215414047241,
    "chains_ptm": {
        "0": 0.9482172131538391,
        "1": 0.8926267027854919
    },
    "pair_chains_iptm": {
        "0": {
            "0": 0.9482172131538391,
            "1": 0.45582282543182373
        },
        "1": {
            "0": 0.9371894598007202,
            "1": 0.8926267027854919
        }
    }
}