seed,sample,ranking_score
1,0,0.8810833758697029
1,1,0.8774497589301964
1,2,0.9105713421990772
1,3,0.885254310602227
1,4,0.8843223242982649
