{
    "confidence_score": 0.9228388071060181,
    "ptm": 0.9298971891403198,
    "iptm": 0.8091829419136047,
    "ligand_iptm": 0.8091829419136047,
    "protein_iptm": 0.0,
    "complex_plddt": 0.9512527585029602,
    "complex_iplddt": 0.9130237102508545,
    "complex_pde": 0.6863320469856262,
    "complex_ipde": 3.1582281589508057,
    "chains_ptm": {
        "0": 0.9373131394386292,
        "1": 0.8847813606262207
    },
    "pair_chains_iptm": {
        "0": {
            "0": 0.9373131394386292,
            "1": 0.38956671953201294
        },
        "1": {
            "0": 0.8091829419136047,
            "1": 0.8847813606262207
        }
    }
}