{
    "confidence_score": 0.954105794429779,
    "ptm": 0.948468804359436,
    "iptm": 0.9366719722747803,
    "ligand_iptm": 0.9366719722747803,
    "protein_iptm": 0.0,
    "complex_plddt": 0.9584642648696899,
    "complex_iplddt": 0.925812840461731,
    "complex_pde": 0.4546881318092346,
    "complex_ipde": 1.141516089439392,
    "chains_ptm": {
        "0": 0.9490029215812683,
        "1": 0.9880134463310242
    },
    "pair_chains_iptm": {
        "0": {
            "0": 0.9490029215812683,
            "1": 0.5855523347854614
        },
        "1": {
            "0": 0.9366719722747803,
            "1": 0.9880134463310242
        }
    }
}