{
    "confidence_score": 0.9320460557937622,
    "ptm": 0.9608877897262573,
    "iptm": 0.9416890144348145,
    "ligand_iptm": 0.9416890144348145,
    "protein_iptm": 0.0,
    "complex_plddt": 0.9296352863311768,
    "complex_iplddt": 0.8286142349243164,
    "complex_pde": 0.412676066160202,
    "complex_ipde": 0.8184142112731934,
    "chains_ptm": {
        "0": 0.9627081155776978,
        "1": 0.8802942633628845
    },
    "pair_chains_iptm": {
        "0": {
            "0": 0.9627081155776978,
            "1": 0.4945850670337677
        },
        "1": {
            "0": 0.9416890144348145,
            "1": 0.8802942633628845
        }
    }
}