seed,sample,ranking_score
1,0,0.9187226555866472
1,1,0.9322838843320352
1,2,0.9249837905701682
1,3,0.9147740565988481
1,4,0.919302609566096
