seed,sample,ranking_score
1,0,0.9092137685900021
1,1,0.9140586360761149
1,2,0.9312741801266116
1,3,0.9103143019010337
1,4,0.9194011684261183
