seed,sample,ranking_score
1,0,0.9571687603870788
1,1,0.9756520423261422
1,2,0.9746453024649867
1,3,0.9572154164763405
1,4,0.9486496187512431
