{
    "confidence_score": 0.963995099067688,
    "ptm": 0.9581631422042847,
    "iptm": 0.9779877066612244,
    "ligand_iptm": 0.9779877066612244,
    "protein_iptm": 0.0,
    "complex_plddt": 0.9604969620704651,
    "complex_iplddt": 0.94740891456604,
    "complex_pde": 0.385079026222229,
    "complex_ipde": 0.5209245681762695,
    "chains_ptm": {
        "0": 0.9569039940834045,
        "1": 0.9804251790046692
    },
    "pair_chains_iptm": {
        "0": {
            "0": 0.9569039940834045,
            "1": 0.7758592367172241
        },
        "1": {
            "0": 0.9779877066612244,
            "1": 0.9804251790046692
        }
    }
}