{
    "confidence_score": 0.9470550417900085,
    "ptm": 0.9579061269760132,
    "iptm": 0.9619452357292175,
    "ligand_iptm": 0.9619452357292175,
    "protein_iptm": 0.0,
    "complex_plddt": 0.9433324933052063,
    "complex_iplddt": 0.9172079563140869,
    "complex_pde": 0.40024396777153015,
    "complex_ipde": 0.6635170578956604,
    "chains_ptm": {
        "0": 0.9578953385353088,
        "1": 0.9707254767417908
    },
    "pair_chains_iptm": {
        "0": {
            "0": 0.9578953385353088,
            "1": 0.6804582476615906
        },
        "1": {
            "0": 0.9619452357292175,
            "1": 0.9707254767417908
        }
    }
}