seed,sample,ranking_score
1,0,0.7516000881565457
1,1,0.7535064269027488
1,2,0.74913551850472
1,3,0.7619491511164626
1,4,0.7703673453202032
