seed,sample,ranking_score
1,0,0.688093827335685
1,1,0.6923783010489033
1,2,0.7015774447635423
1,3,0.6846995298024252
1,4,0.6804031269800344
