seed,sample,ranking_score
1,0,0.8224410810184063
1,1,0.81640859060287
1,2,0.8350462450145064
1,3,0.8104302118682263
1,4,0.8370607358561167
