{
    "confidence_score": 0.948305606842041,
    "ptm": 0.9732604026794434,
    "iptm": 0.9261946082115173,
    "ligand_iptm": 0.9261946082115173,
    "protein_iptm": 0.0,
    "complex_plddt": 0.9538334012031555,
    "complex_iplddt": 0.8963927030563354,
    "complex_pde": 0.363648384809494,
    "complex_ipde": 1.1557269096374512,
    "chains_ptm": {
        "0": 0.9752737879753113,
        "1": 0.9818275570869446
    },
    "pair_chains_iptm": {
        "0": {
            "0": 0.9752737879753113,
            "1": 0.5865269303321838
        },
        "1": {
            "0": 0.9261946082115173,
            "1": 0.9818275570869446
        }
    }
}