seed,sample,ranking_score
44,0,0.9096024524098345
44,1,0.9198441263736744
44,2,0.8917284568742786
44,3,0.895503347431338
44,4,0.8979501971063591
9,0,0.8742709531893382
9,1,0.8559279873631958
9,2,0.8749891107613342
9,3,0.8802940581315897
9,4,0.8383109431325318
80,0,0.8809124438640574
80,1,0.8936144048463062
80,2,0.884073485764932
80,3,0.8841338629244394
80,4,0.8857525007452614
