{
    "confidence_score": 0.9454383254051208,
    "ptm": 0.9594303369522095,
    "iptm": 0.9351392984390259,
    "ligand_iptm": 0.9351392984390259,
    "protein_iptm": 0.0,
    "complex_plddt": 0.9480130672454834,
    "complex_iplddt": 0.9040016531944275,
    "complex_pde": 0.40859851241111755,
    "complex_ipde": 0.8859222531318665,
    "chains_ptm": {
        "0": 0.9606844186782837,
        "1": 0.9692327976226807
    },
    "pair_chains_iptm": {
        "0": {
            "0": 0.9606844186782837,
            "1": 0.5756805539131165
        },
        "1": {
            "0": 0.9351392984390259,
            "1": 0.9692327976226807
        }
    }
}