seed,sample,ranking_score
1,0,0.9048267344487265
1,1,0.9019952661506239
1,2,0.9281783550271956
1,3,0.9064231986461719
1,4,0.8641504856170015
