seed,sample,ranking_score
1,0,0.7499788075360536
1,1,0.7660959921493878
1,2,0.7939360974245678
1,3,0.742557458371391
1,4,0.748506914272306
