seed,sample,ranking_score
44,0,0.7405340228482873
44,1,0.7111293790448843
44,2,0.6936436016599989
44,3,0.7243811726716287
44,4,0.7613822198680666
9,0,0.7112805105605219
9,1,0.6955257418494056
9,2,0.7176181862093285
9,3,0.7366857603646164
9,4,0.7220540499397913
80,0,0.7256819783240348
80,1,0.7621692792689897
80,2,0.6905222780034019
80,3,0.6826465797793049
80,4,0.6970565453230032
