seed,sample,ranking_score
1,0,0.9388760482487215
1,1,0.9451914858645916
1,2,0.9628694516184221
1,3,0.9416576538478507
1,4,0.9431103319868538
