{
    "confidence_score": 0.9486281275749207,
    "ptm": 0.9593839049339294,
    "iptm": 0.954361081123352,
    "ligand_iptm": 0.954361081123352,
    "protein_iptm": 0.0,
    "complex_plddt": 0.9471948742866516,
    "complex_iplddt": 0.8894326686859131,
    "complex_pde": 0.3946171998977661,
    "complex_ipde": 0.6810214519500732,
    "chains_ptm": {
        "0": 0.959747850894928,
        "1": 0.9605984091758728
    },
    "pair_chains_iptm": {
        "0": {
            "0": 0.959747850894928,
            "1": 0.5497230291366577
        },
        "1": {
            "0": 0.954361081123352,
            "1": 0.9605984091758728
        }
    }
}