{
    "confidence_score": 0.9593504071235657,
    "ptm": 0.9461848735809326,
    "iptm": 0.9660129547119141,
    "ligand_iptm": 0.9660129547119141,
    "protein_iptm": 0.0,
    "complex_plddt": 0.9576848149299622,
    "complex_iplddt": 0.9438111186027527,
    "complex_pde": 0.4603829085826874,
    "complex_ipde": 0.6839714050292969,
    "chains_ptm": {
        "0": 0.9449068307876587,
        "1": 0.97238689661026
    },
    "pair_chains_iptm": {
        "0": {
            "0": 0.9449068307876587,
            "1": 0.7135092616081238
        },
        "1": {
            "0": 0.9660129547119141,
            "1": 0.97238689661026
        }
    }
}