seed,sample,ranking_score
1,0,0.8268844749385753
1,1,0.8562382648462485
1,2,0.8535024460748674
1,3,0.8426899232231355
1,4,0.8320316946428883
