{
    "confidence_score": 0.9472373127937317,
    "ptm": 0.9613910913467407,
    "iptm": 0.9363471269607544,
    "ligand_iptm": 0.9363471269607544,
    "protein_iptm": 0.0,
    "complex_plddt": 0.9499598741531372,
    "complex_iplddt": 0.923636794090271,
    "complex_pde": 0.39827120304107666,
    "complex_ipde": 0.842928409576416,
    "chains_ptm": {
        "0": 0.9629642367362976,
        "1": 0.9598159790039062
    },
    "pair_chains_iptm": {
        "0": {
            "0": 0.9629642367362976,
            "1": 0.5310670733451843
        },
        "1": {
            "0": 0.9363471269607544,
            "1": 0.9598159790039062
        }
    }
}