seed,sample,ranking_score
1,0,0.8016072669886993
1,1,0.8139416274730263
1,2,0.8207367607136338
1,3,0.7998356653934059
1,4,0.8136920670896056
