{
    "confidence_score": 0.9652127623558044,
    "ptm": 0.9615417122840881,
    "iptm": 0.9834852814674377,
    "ligand_iptm": 0.9834852814674377,
    "protein_iptm": 0.0,
    "complex_plddt": 0.960644543170929,
    "complex_iplddt": 0.9565264582633972,
    "complex_pde": 0.36714789271354675,
    "complex_ipde": 0.45789843797683716,
    "chains_ptm": {
        "0": 0.9601359367370605,
        "1": 0.9836848378181458
    },
    "pair_chains_iptm": {
        "0": {
            "0": 0.9601359367370605,
            "1": 0.8040993809700012
        },
        "1": {
            "0": 0.9834852814674377,
            "1": 0.9836848378181458
        }
    }
}