{
    "confidence_score": 0.9444796442985535,
    "ptm": 0.9500759243965149,
    "iptm": 0.956617534160614,
    "ligand_iptm": 0.956617534160614,
    "protein_iptm": 0.0,
    "complex_plddt": 0.9414452314376831,
    "complex_iplddt": 0.9237788319587708,
    "complex_pde": 0.45332279801368713,
    "complex_ipde": 0.7257078289985657,
    "chains_ptm": {
        "0": 0.9497241973876953,
        "1": 0.9425724148750305
    },
    "pair_chains_iptm": {
        "0": {
            "0": 0.9497241973876953,
            "1": 0.6515576839447021
        },
        "1": {
            "0": 0.956617534160614,
            "1": 0.9425724148750305
        }
    }
}