seed,sample,ranking_score
1,0,0.8675988383011327
1,1,0.8737557479273784
1,2,0.8862527765109721
1,3,0.8636848884062823
1,4,0.8902723931585975
