seed,sample,ranking_score
44,0,0.8713034914103039
44,1,0.8448698026902856
44,2,0.8236402225541001
44,3,0.8473179610734967
44,4,0.8403736923094038
9,0,0.8253248353177809
9,1,0.8403603394639243
9,2,0.8114059262742732
9,3,0.8137374918640891
9,4,0.831932175186468
80,0,0.8499789327184091
80,1,0.8479814667432163
80,2,0.8412056610861205
80,3,0.8141094311800561
80,4,0.8125791522756394
