{
    "confidence_score": 0.9480589032173157,
    "ptm": 0.9379853010177612,
    "iptm": 0.9471744298934937,
    "ligand_iptm": 0.9471744298934937,
    "protein_iptm": 0.0,
    "complex_plddt": 0.9482800364494324,
    "complex_iplddt": 0.9206531643867493,
    "complex_pde": 0.4894895851612091,
    "complex_ipde": 0.7983143925666809,
    "chains_ptm": {
        "0": 0.9376255869865417,
        "1": 0.9628725647926331
    },
    "pair_chains_iptm": {
        "0": {
            "0": 0.9376255869865417,
            "1": 0.5364707112312317
        },
        "1": {
            "0": 0.9471744298934937,
            "1": 0.9628725647926331
        }
    }
}