{
    "confidence_score": 0.9500638246536255,
    "ptm": 0.959143340587616,
    "iptm": 0.9466436505317688,
    "ligand_iptm": 0.9466436505317688,
    "protein_iptm": 0.0,
    "complex_plddt": 0.9509187936782837,
    "complex_iplddt": 0.905426561832428,
    "complex_pde": 0.39897194504737854,
    "complex_ipde": 0.7712619304656982,
    "chains_ptm": {
        "0": 0.9599454998970032,
        "1": 0.9606363773345947
    },
    "pair_chains_iptm": {
        "0": {
            "0": 0.9599454998970032,
            "1": 0.6263052821159363
        },
        "1": {
            "0": 0.9466436505317688,
            "1": 0.9606363773345947
        }
    }
}