{
    "confidence_score": 0.9436750411987305,
    "ptm": 0.9584947228431702,
    "iptm": 0.9636245965957642,
    "ligand_iptm": 0.9636245965957642,
    "protein_iptm": 0.0,
    "complex_plddt": 0.9386876821517944,
    "complex_iplddt": 0.9061024188995361,
    "complex_pde": 0.3913879990577698,
    "complex_ipde": 0.5931112766265869,
    "chains_ptm": {
        "0": 0.9582560062408447,
        "1": 0.9507068395614624
    },
    "pair_chains_iptm": {
        "0": {
            "0": 0.9582560062408447,
            "1": 0.6279917359352112
        },
        "1": {
            "0": 0.9636245965957642,
            "1": 0.9507068395614624
        }
    }
}