seed,sample,ranking_score
1,0,0.6847940457939921
1,1,0.7103704024320268
1,2,0.7112739217307288
1,3,0.6957431171069186
1,4,0.7009113019080904
