seed,sample,ranking_score
1,0,0.956808940776965
1,1,0.9753972609126645
1,2,0.9743563174838331
1,3,0.9587606182023604
1,4,0.9479687376420313
