{
    "confidence_score": 0.928088366985321,
    "ptm": 0.9462692141532898,
    "iptm": 0.8935586810112,
    "ligand_iptm": 0.8935586810112,
    "protein_iptm": 0.0,
    "complex_plddt": 0.9367208480834961,
    "complex_iplddt": 0.8333522081375122,
    "complex_pde": 0.47924497723579407,
    "complex_ipde": 1.2419908046722412,
    "chains_ptm": {
        "0": 0.9499135613441467,
        "1": 0.9495219588279724
    },
    "pair_chains_iptm": {
        "0": {
            "0": 0.9499135613441467,
            "1": 0.44281959533691406
        },
        "1": {
            "0": 0.8935586810112,
            "1": 0.9495219588279724
        }
    }
}