seed,sample,ranking_score
1,0,0.8329117811034779
1,1,0.8418446802068513
1,2,0.8573963269962234
1,3,0.837363960803458
1,4,0.8503229352996792
