seed,sample,ranking_score
1,0,0.6037791184712633
1,1,0.5005809587987702
1,2,0.5346986521297238
1,3,0.5675568435615812
1,4,0.5061355246419091
