{
    "confidence_score": 0.9384579062461853,
    "ptm": 0.9451991319656372,
    "iptm": 0.8773608207702637,
    "ligand_iptm": 0.8773608207702637,
    "protein_iptm": 0.0,
    "complex_plddt": 0.9537320733070374,
    "complex_iplddt": 0.9270017743110657,
    "complex_pde": 0.5078465342521667,
    "complex_ipde": 1.6711249351501465,
    "chains_ptm": {
        "0": 0.948875367641449,
        "1": 0.9654298424720764
    },
    "pair_chains_iptm": {
        "0": {
            "0": 0.948875367641449,
            "1": 0.41516104340553284
        },
        "1": {
            "0": 0.8773608207702637,
            "1": 0.9654298424720764
        }
    }
}