seed,sample,ranking_score
1,0,0.7435806101626032
1,1,0.7710790964751136
1,2,0.7787241076139566
1,3,0.7460984957494252
1,4,0.7649164184896531
