{
    "confidence_score": 0.956089437007904,
    "ptm": 0.9402580261230469,
    "iptm": 0.9490338563919067,
    "ligand_iptm": 0.9490338563919067,
    "protein_iptm": 0.0,
    "complex_plddt": 0.9578532576560974,
    "complex_iplddt": 0.9501200318336487,
    "complex_pde": 0.48280084133148193,
    "complex_ipde": 0.8105217218399048,
    "chains_ptm": {
        "0": 0.9396290183067322,
        "1": 0.9307295680046082
    },
    "pair_chains_iptm": {
        "0": {
            "0": 0.9396290183067322,
            "1": 0.5366746187210083
        },
        "1": {
            "0": 0.9490338563919067,
            "1": 0.9307295680046082
        }
    }
}