seed,sample,ranking_score
1,0,0.8425499657973703
1,1,0.8912027653010042
1,2,0.8914669121950365
1,3,0.8803113702485246
1,4,0.8682673882212124
