seed,sample,ranking_score
44,0,0.9398110333801063
44,1,0.9395762486564357
44,2,0.9150871128442437
44,3,0.9369847199576334
44,4,0.9261919302021551
9,0,0.9349020255724347
9,1,0.9142477107172144
9,2,0.9099331785309093
9,3,0.9161379647831531
9,4,0.9102115414727149
80,0,0.9123439863648156
80,1,0.9169232108354058
80,2,0.9064862809408971
80,3,0.9370643458593623
80,4,0.9386578169555384
