{
    "confidence_score": 0.9597644209861755,
    "ptm": 0.9451611042022705,
    "iptm": 0.970653235912323,
    "ligand_iptm": 0.970653235912323,
    "protein_iptm": 0.0,
    "complex_plddt": 0.9570422172546387,
    "complex_iplddt": 0.9457341432571411,
    "complex_pde": 0.4550805687904358,
    "complex_ipde": 0.6579856872558594,
    "chains_ptm": {
        "0": 0.9435080289840698,
        "1": 0.9773533344268799
    },
    "pair_chains_iptm": {
        "0": {
            "0": 0.9435080289840698,
            "1": 0.7425127625465393
        },
        "1": {
            "0": 0.970653235912323,
            "1": 0.9773533344268799
        }
    }
}