{
    "confidence_score": 0.9305706024169922,
    "ptm": 0.9414297938346863,
    "iptm": 0.9139271378517151,
    "ligand_iptm": 0.9139271378517151,
    "protein_iptm": 0.0,
    "complex_plddt": 0.9347314238548279,
    "complex_iplddt": 0.8714383840560913,
    "complex_pde": 0.4938085377216339,
    "complex_ipde": 1.068694829940796,
    "chains_ptm": {
        "0": 0.9431194067001343,
        "1": 0.957677960395813
    },
    "pair_chains_iptm": {
        "0": {
            "0": 0.9431194067001343,
            "1": 0.5623090863227844
        },
        "1": {
            "0": 0.9139271378517151,
            "1": 0.957677960395813
        }
    }
}