seed,sample,ranking_score
1,0,0.7575726841742825
1,1,0.7579809184381937
1,2,0.7533786150835369
1,3,0.7306721731615389
1,4,0.7772329067401603
