seed,sample,ranking_score
44,0,0.8280750746833487
44,1,0.8537688630763255
44,2,0.8126572893294106
44,3,0.8299032603970506
44,4,0.825131016169348
9,0,0.813051738199345
9,1,0.8247241459097185
9,2,0.8128889131413884
9,3,0.820760682703129
9,4,0.7483813242224259
80,0,0.8071032985424008
80,1,0.8174374573666646
80,2,0.8000815337597516
80,3,0.8043086087407619
80,4,0.8105011791526534
