{
    "confidence_score": 0.9371238946914673,
    "ptm": 0.9601602554321289,
    "iptm": 0.9265519380569458,
    "ligand_iptm": 0.9265519380569458,
    "protein_iptm": 0.0,
    "complex_plddt": 0.9397668838500977,
    "complex_iplddt": 0.8574318885803223,
    "complex_pde": 0.4114217460155487,
    "complex_ipde": 0.9334070086479187,
    "chains_ptm": {
        "0": 0.9623396396636963,
        "1": 0.916093647480011
    },
    "pair_chains_iptm": {
        "0": {
            "0": 0.9623396396636963,
            "1": 0.5109460949897766
        },
        "1": {
            "0": 0.9265519380569458,
            "1": 0.916093647480011
        }
    }
}