seed,sample,ranking_score
44,0,0.9240046286177548
44,1,0.9205790128759357
44,2,0.8987517745677719
44,3,0.9094762220988091
44,4,0.911893324399936
9,0,0.8916409116855073
9,1,0.9020383435876519
9,2,0.8940606493851218
9,3,0.8940773377952347
9,4,0.894863453667465
80,0,0.9079496430440623
80,1,0.9202413187066236
80,2,0.9081142727274489
80,3,0.9096644168019606
80,4,0.9078307744456109
