seed,sample,ranking_score
1,0,0.9111915624650393
1,1,0.9106072949197379
1,2,0.9295885826954132
1,3,0.9133209710119545
1,4,0.8591311149698269
