{
    "confidence_score": 0.9303415417671204,
    "ptm": 0.9648017883300781,
    "iptm": 0.9315289258956909,
    "ligand_iptm": 0.9315289258956909,
    "protein_iptm": 0.0,
    "complex_plddt": 0.9300447106361389,
    "complex_iplddt": 0.8163177967071533,
    "complex_pde": 0.39027607440948486,
    "complex_ipde": 0.928741991519928,
    "chains_ptm": {
        "0": 0.9670514464378357,
        "1": 0.929571807384491
    },
    "pair_chains_iptm": {
        "0": {
            "0": 0.9670514464378357,
            "1": 0.550986647605896
        },
        "1": {
            "0": 0.9315289258956909,
            "1": 0.929571807384491
        }
    }
}