{
    "confidence_score": 0.951234757900238,
    "ptm": 0.9639968872070312,
    "iptm": 0.9738923907279968,
    "ligand_iptm": 0.9738923907279968,
    "protein_iptm": 0.0,
    "complex_plddt": 0.9455703496932983,
    "complex_iplddt": 0.9171611070632935,
    "complex_pde": 0.3780139684677124,
    "complex_ipde": 0.5469412207603455,
    "chains_ptm": {
        "0": 0.9632194638252258,
        "1": 0.9555738568305969
    },
    "pair_chains_iptm": {
        "0": {
            "0": 0.9632194638252258,
            "1": 0.7528775334358215
        },
        "1": {
            "0": 0.9738923907279968,
            "1": 0.9555738568305969
        }
    }
}