{
    "confidence_score": 0.952995777130127,
    "ptm": 0.9563596844673157,
    "iptm": 0.9679857492446899,
    "ligand_iptm": 0.9679857492446899,
    "protein_iptm": 0.0,
    "complex_plddt": 0.9492483139038086,
    "complex_iplddt": 0.9333432912826538,
    "complex_pde": 0.4006253182888031,
    "complex_ipde": 0.5821056365966797,
    "chains_ptm": {
        "0": 0.955499529838562,
        "1": 0.954165518283844
    },
    "pair_chains_iptm": {
        "0": {
            "0": 0.955499529838562,
            "1": 0.7114636898040771
        },
        "1": {
            "0": 0.9679857492446899,
            "1": 0.954165518283844
        }
    }
}