{
    "confidence_score": 0.9598389863967896,
    "ptm": 0.9549914598464966,
    "iptm": 0.9384347200393677,
    "ligand_iptm": 0.9384347200393677,
    "protein_iptm": 0.0,
    "complex_plddt": 0.9651899933815002,
    "complex_iplddt": 0.945509135723114,
    "complex_pde": 0.43264198303222656,
    "complex_ipde": 0.8403998017311096,
    "chains_ptm": {
        "0": 0.9560803174972534,
        "1": 0.9599514007568359
    },
    "pair_chains_iptm": {
        "0": {
            "0": 0.9560803174972534,
            "1": 0.6243770122528076
        },
        "1": {
            "0": 0.9384347200393677,
            "1": 0.9599514007568359
        }
    }
}