seed,sample,ranking_score
1,0,0.8209767946093542
1,1,0.8129234617569447
1,2,0.836195981980622
1,3,0.8244591485325606
1,4,0.8209510714891284
