{
    "confidence_score": 0.9498839378356934,
    "ptm": 0.947256326675415,
    "iptm": 0.9733652472496033,
    "ligand_iptm": 0.9733652472496033,
    "protein_iptm": 0.0,
    "complex_plddt": 0.9440136551856995,
    "complex_iplddt": 0.9173752069473267,
    "complex_pde": 0.43852028250694275,
    "complex_ipde": 0.5906561017036438,
    "chains_ptm": {
        "0": 0.944855272769928,
        "1": 0.9528602957725525
    },
    "pair_chains_iptm": {
        "0": {
            "0": 0.944855272769928,
            "1": 0.7130566239356995
        },
        "1": {
            "0": 0.9733652472496033,
            "1": 0.9528602957725525
        }
    }
}