{
    "confidence_score": 0.9589350819587708,
    "ptm": 0.9681433439254761,
    "iptm": 0.9891698956489563,
    "ligand_iptm": 0.9891698956489563,
    "protein_iptm": 0.0,
    "complex_plddt": 0.9513763785362244,
    "complex_iplddt": 0.946537971496582,
    "complex_pde": 0.3396725058555603,
    "complex_ipde": 0.38945654034614563,
    "chains_ptm": {
        "0": 0.9673191905021667,
        "1": 0.9874400496482849
    },
    "pair_chains_iptm": {
        "0": {
            "0": 0.9673191905021667,
            "1": 0.8205046057701111
        },
        "1": {
            "0": 0.9891698956489563,
            "1": 0.9874400496482849
        }
    }
}