{
    "confidence_score": 0.9494196176528931,
    "ptm": 0.9592010974884033,
    "iptm": 0.9255759119987488,
    "ligand_iptm": 0.9255759119987488,
    "protein_iptm": 0.0,
    "complex_plddt": 0.9553804993629456,
    "complex_iplddt": 0.9303190112113953,
    "complex_pde": 0.408467561006546,
    "complex_ipde": 1.10114586353302,
    "chains_ptm": {
        "0": 0.9605573415756226,
        "1": 0.9688825607299805
    },
    "pair_chains_iptm": {
        "0": {
            "0": 0.9605573415756226,
            "1": 0.46242275834083557
        },
        "1": {
            "0": 0.9255759119987488,
            "1": 0.9688825607299805
        }
    }
}