seed,sample,ranking_score
1,0,0.9066287088065171
1,1,0.9046668525031006
1,2,0.9283219164477866
1,3,0.9070218302773421
1,4,0.9128269838587657
