seed,sample,ranking_score
1,0,0.9021797978396975
1,1,0.9107660365281063
1,2,0.9175329240346217
1,3,0.9069376107045695
1,4,0.9148169812118929
