{
    "confidence_score": 0.9406842589378357,
    "ptm": 0.9557741284370422,
    "iptm": 0.9676421880722046,
    "ligand_iptm": 0.9676421880722046,
    "protein_iptm": 0.0,
    "complex_plddt": 0.9339447021484375,
    "complex_iplddt": 0.8939335942268372,
    "complex_pde": 0.4044124484062195,
    "complex_ipde": 0.6057835817337036,
    "chains_ptm": {
        "0": 0.9549092054367065,
        "1": 0.9381200075149536
    },
    "pair_chains_iptm": {
        "0": {
            "0": 0.9549092054367065,
            "1": 0.7225407958030701
        },
        "1": {
            "0": 0.9676421880722046,
            "1": 0.9381200075149536
        }
    }
}