{
    "confidence_score": 0.9368142485618591,
    "ptm": 0.9494813680648804,
    "iptm": 0.9492990970611572,
    "ligand_iptm": 0.9492990970611572,
    "protein_iptm": 0.0,
    "complex_plddt": 0.933692991733551,
    "complex_iplddt": 0.8751455545425415,
    "complex_pde": 0.43461528420448303,
    "complex_ipde": 0.7205081582069397,
    "chains_ptm": {
        "0": 0.9497365355491638,
        "1": 0.9310914278030396
    },
    "pair_chains_iptm": {
        "0": {
            "0": 0.9497365355491638,
            "1": 0.5814636945724487
        },
        "1": {
            "0": 0.9492990970611572,
            "1": 0.9310914278030396
        }
    }
}