{
    "confidence_score": 0.9609341621398926,
    "ptm": 0.9597249031066895,
    "iptm": 0.9880114793777466,
    "ligand_iptm": 0.9880114793777466,
    "protein_iptm": 0.0,
    "complex_plddt": 0.9541648030281067,
    "complex_iplddt": 0.9560691714286804,
    "complex_pde": 0.3655606508255005,
    "complex_ipde": 0.4030187726020813,
    "chains_ptm": {
        "0": 0.9583359956741333,
        "1": 0.9835374355316162
    },
    "pair_chains_iptm": {
        "0": {
            "0": 0.9583359956741333,
            "1": 0.8218773603439331
        },
        "1": {
            "0": 0.9880114793777466,
            "1": 0.9835374355316162
        }
    }
}