seed,sample,ranking_score
1,0,0.8349797104669556
1,1,0.8436031376024478
1,2,0.8584089073910377
1,3,0.8382260742239868
1,4,0.8517688832373819
