{
    "confidence_score": 0.9636116027832031,
    "ptm": 0.9561865329742432,
    "iptm": 0.9588630199432373,
    "ligand_iptm": 0.9588630199432373,
    "protein_iptm": 0.0,
    "complex_plddt": 0.9647986888885498,
    "complex_iplddt": 0.9425162076950073,
    "complex_pde": 0.4144999384880066,
    "complex_ipde": 0.7040044665336609,
    "chains_ptm": {
        "0": 0.956176221370697,
        "1": 0.9390743374824524
    },
    "pair_chains_iptm": {
        "0": {
            "0": 0.956176221370697,
            "1": 0.6273134350776672
        },
        "1": {
            "0": 0.9588630199432373,
            "1": 0.9390743374824524
        }
    }
}