seed,sample,ranking_score
1,0,0.7962054686620229
1,1,0.8590749306361652
1,2,0.8490339116937607
1,3,0.8521518960596997
1,4,0.8695579664428139
