seed,sample,ranking_score
44,0,0.7389725520282249
44,1,0.6891800103488417
44,2,0.7141979579340587
44,3,0.7069497918586989
44,4,0.637412184854831
9,0,0.7175513515411163
9,1,0.7177299136772777
9,2,0.7194069991041685
9,3,0.6953913432560629
9,4,0.7190908498411747
80,0,0.710612217157958
80,1,0.7299394893744071
80,2,0.7336659805160398
80,3,0.7121556683680259
80,4,0.7288495592226871
