seed,sample,ranking_score
1,0,0.923580008072263
1,1,0.9312773398346719
1,2,0.9520358456516338
1,3,0.9228436091209744
1,4,0.9270725633064985
