{
    "confidence_score": 0.9426041841506958,
    "ptm": 0.9485064744949341,
    "iptm": 0.9662262797355652,
    "ligand_iptm": 0.9662262797355652,
    "protein_iptm": 0.0,
    "complex_plddt": 0.9366986751556396,
    "complex_iplddt": 0.9001911282539368,
    "complex_pde": 0.43301406502723694,
    "complex_ipde": 0.641156792640686,
    "chains_ptm": {
        "0": 0.9471281170845032,
        "1": 0.9583777785301208
    },
    "pair_chains_iptm": {
        "0": {
            "0": 0.9471281170845032,
            "1": 0.6930880546569824
        },
        "1": {
            "0": 0.9662262797355652,
            "1": 0.9583777785301208
        }
    }
}