seed,sample,ranking_score
1,0,0.7951907942875802
1,1,0.8434113332633831
1,2,0.8056951749046468
1,3,0.8131089903564526
1,4,0.8035667093298593
