seed,sample,ranking_score
1,0,0.8991274957053585
1,1,0.9106586591192846
1,2,0.8989358461162247
1,3,0.8649137771196695
1,4,0.8782738598783654
