seed,sample,ranking_score
1,0,0.9041446263837019
1,1,0.9024218482920736
1,2,0.927523564079647
1,3,0.9073632590800244
1,4,0.8632527109516351
