seed,sample,ranking_score
1,0,0.8257034952177587
1,1,0.8353911231189111
1,2,0.8451804674295582
1,3,0.8258673506724622
1,4,0.8424340624006604
