seed,sample,ranking_score
44,0,0.8178132278637124
44,1,0.8427531022973689
44,2,0.8357755062379338
44,3,0.8602667137423883
44,4,0.8408609285629455
9,0,0.8219489731644897
9,1,0.8070452543470908
9,2,0.8382897400924667
9,3,0.7942067858821735
9,4,0.8396141806615031
80,0,0.851171384504108
80,1,0.8608179089810365
80,2,0.8481120215579132
80,3,0.8552845331595731
80,4,0.8231287389053089
