{
    "confidence_score": 0.9397663474082947,
    "ptm": 0.9564270973205566,
    "iptm": 0.9585106372833252,
    "ligand_iptm": 0.9585106372833252,
    "protein_iptm": 0.0,
    "complex_plddt": 0.9350801706314087,
    "complex_iplddt": 0.8972920775413513,
    "complex_pde": 0.4293627142906189,
    "complex_ipde": 0.68153977394104,
    "chains_ptm": {
        "0": 0.9563365578651428,
        "1": 0.846428394317627
    },
    "pair_chains_iptm": {
        "0": {
            "0": 0.9563365578651428,
            "1": 0.5510074496269226
        },
        "1": {
            "0": 0.9585106372833252,
            "1": 0.846428394317627
        }
    }
}