seed,sample,ranking_score
1,0,0.7492248097288674
1,1,0.7586749305118787
1,2,0.746198898937102
1,3,0.7430987634601098
1,4,0.7562009101770815
