seed,sample,ranking_score
44,0,0.8802713789187266
44,1,0.8854367777066025
44,2,0.8559329147828599
44,3,0.8659576756229675
44,4,0.8794589981378317
9,0,0.857068514673449
9,1,0.8584170060137692
9,2,0.8521142549987237
9,3,0.856154333865915
9,4,0.8582576559683773
80,0,0.8618095980303049
80,1,0.8681091895679355
80,2,0.8484546220443658
80,3,0.856850940943444
80,4,0.8580878309341854
