seed,sample,ranking_score
1,0,0.825536493299533
1,1,0.8518081582165532
1,2,0.8402047161028121
1,3,0.840178178820439
1,4,0.83781283613866
