seed,sample,ranking_score
1,0,0.8320915517205851
1,1,0.846777606774924
1,2,0.8412912139174327
1,3,0.8245466035483848
1,4,0.8282520988532827
