seed,sample,ranking_score
1,0,0.9128141336571503
1,1,0.920245559677859
1,2,0.9294304309184251
1,3,0.9099006202628758
1,4,0.9166498593395314
