{
    "confidence_score": 0.9511050581932068,
    "ptm": 0.947719395160675,
    "iptm": 0.9421199560165405,
    "ligand_iptm": 0.9421199560165405,
    "protein_iptm": 0.0,
    "complex_plddt": 0.9533512592315674,
    "complex_iplddt": 0.9130708575248718,
    "complex_pde": 0.45016980171203613,
    "complex_ipde": 0.8368452191352844,
    "chains_ptm": {
        "0": 0.9481465816497803,
        "1": 0.9575042724609375
    },
    "pair_chains_iptm": {
        "0": {
            "0": 0.9481465816497803,
            "1": 0.5347161889076233
        },
        "1": {
            "0": 0.9421199560165405,
            "1": 0.9575042724609375
        }
    }
}