{
    "confidence_score": 0.9405577778816223,
    "ptm": 0.956997811794281,
    "iptm": 0.9544666409492493,
    "ligand_iptm": 0.9544666409492493,
    "protein_iptm": 0.0,
    "complex_plddt": 0.9370805621147156,
    "complex_iplddt": 0.8802536129951477,
    "complex_pde": 0.4150513708591461,
    "complex_ipde": 0.6739904284477234,
    "chains_ptm": {
        "0": 0.9573591351509094,
        "1": 0.9115366339683533
    },
    "pair_chains_iptm": {
        "0": {
            "0": 0.9573591351509094,
            "1": 0.5071107745170593
        },
        "1": {
            "0": 0.9544666409492493,
            "1": 0.9115366339683533
        }
    }
}