seed,sample,ranking_score
44,0,0.9755001304461609
44,1,0.9754114543778549
44,2,0.955170192572552
44,3,0.9594675398297127
44,4,0.9649904363002116
9,0,0.9499490837756986
9,1,0.9492144133746595
9,2,0.9523589865217567
9,3,0.9531687607215229
9,4,0.9515564429263712
80,0,0.9506547445105169
80,1,0.9569840202712817
80,2,0.9473314135092028
80,3,0.9506835069641856
80,4,0.9498506858409207
