{
    "confidence_score": 0.9666460156440735,
    "ptm": 0.9624910354614258,
    "iptm": 0.9678830504417419,
    "ligand_iptm": 0.9678830504417419,
    "protein_iptm": 0.0,
    "complex_plddt": 0.966336727142334,
    "complex_iplddt": 0.9477238655090332,
    "complex_pde": 0.36642202734947205,
    "complex_ipde": 0.5773629546165466,
    "chains_ptm": {
        "0": 0.9622777700424194,
        "1": 0.9712422490119934
    },
    "pair_chains_iptm": {
        "0": {
            "0": 0.9622777700424194,
            "1": 0.6870003342628479
        },
        "1": {
            "0": 0.9678830504417419,
            "1": 0.9712422490119934
        }
    }
}