seed,sample,ranking_score
1,0,0.8501186443266202
1,1,0.8562963669785143
1,2,0.8898076217438665
1,3,0.8733927607728437
1,4,0.8745103832932654
