{
    "confidence_score": 0.9492513537406921,
    "ptm": 0.9436794519424438,
    "iptm": 0.937954306602478,
    "ligand_iptm": 0.937954306602478,
    "protein_iptm": 0.0,
    "complex_plddt": 0.9520756006240845,
    "complex_iplddt": 0.9096561074256897,
    "complex_pde": 0.48074933886528015,
    "complex_ipde": 0.8798726201057434,
    "chains_ptm": {
        "0": 0.9441430568695068,
        "1": 0.9339344501495361
    },
    "pair_chains_iptm": {
        "0": {
            "0": 0.9441430568695068,
            "1": 0.506020188331604
        },
        "1": {
            "0": 0.937954306602478,
            "1": 0.9339344501495361
        }
    }
}