{
    "confidence_score": 0.9324885606765747,
    "ptm": 0.9590612649917603,
    "iptm": 0.9516393542289734,
    "ligand_iptm": 0.9516393542289734,
    "protein_iptm": 0.0,
    "complex_plddt": 0.9277008771896362,
    "complex_iplddt": 0.8310303688049316,
    "complex_pde": 0.4107513725757599,
    "complex_ipde": 0.705428957939148,
    "chains_ptm": {
        "0": 0.9599131345748901,
        "1": 0.8730512261390686
    },
    "pair_chains_iptm": {
        "0": {
            "0": 0.9599131345748901,
            "1": 0.536370575428009
        },
        "1": {
            "0": 0.9516393542289734,
            "1": 0.8730512261390686
        }
    }
}