seed,sample,ranking_score
44,0,0.8785179249932763
44,1,0.9047512956481043
44,2,0.8646300074020848
44,3,0.8973938910944185
44,4,0.9061595002291855
9,0,0.8670336193362991
9,1,0.8768502795342961
9,2,0.8895734079631672
9,3,0.8759831163179632
9,4,0.8787119008460632
80,0,0.881774358526984
80,1,0.8537347101412683
80,2,0.8529600644510066
80,3,0.8775100784032583
80,4,0.9079199499934829
