seed,sample,ranking_score
1,0,0.9652134646611901
1,1,0.965603330814287
1,2,0.9884137352694597
1,3,0.9685803035193944
1,4,0.9736313435214665
