{
    "confidence_score": 0.9524950981140137,
    "ptm": 0.946016252040863,
    "iptm": 0.9508575797080994,
    "ligand_iptm": 0.9508575797080994,
    "protein_iptm": 0.0,
    "complex_plddt": 0.9529045224189758,
    "complex_iplddt": 0.9374375939369202,
    "complex_pde": 0.4569466710090637,
    "complex_ipde": 0.773334801197052,
    "chains_ptm": {
        "0": 0.9457424283027649,
        "1": 0.8827884793281555
    },
    "pair_chains_iptm": {
        "0": {
            "0": 0.9457424283027649,
            "1": 0.5290814638137817
        },
        "1": {
            "0": 0.9508575797080994,
            "1": 0.8827884793281555
        }
    }
}