{
    "confidence_score": 0.9400997161865234,
    "ptm": 0.9384011626243591,
    "iptm": 0.9220334887504578,
    "ligand_iptm": 0.9220334887504578,
    "protein_iptm": 0.0,
    "complex_plddt": 0.9446163177490234,
    "complex_iplddt": 0.8985994458198547,
    "complex_pde": 0.4892444908618927,
    "complex_ipde": 0.958030641078949,
    "chains_ptm": {
        "0": 0.9392898082733154,
        "1": 0.95443195104599
    },
    "pair_chains_iptm": {
        "0": {
            "0": 0.9392898082733154,
            "1": 0.4779711067676544
        },
        "1": {
            "0": 0.9220334887504578,
            "1": 0.95443195104599
        }
    }
}