{
    "confidence_score": 0.9480080604553223,
    "ptm": 0.9481750130653381,
    "iptm": 0.9556631445884705,
    "ligand_iptm": 0.9556631445884705,
    "protein_iptm": 0.0,
    "complex_plddt": 0.9460943341255188,
    "complex_iplddt": 0.9334014654159546,
    "complex_pde": 0.45975539088249207,
    "complex_ipde": 0.7836436033248901,
    "chains_ptm": {
        "0": 0.9476876854896545,
        "1": 0.9528376460075378
    },
    "pair_chains_iptm": {
        "0": {
            "0": 0.9476876854896545,
            "1": 0.6679589152336121
        },
        "1": {
            "0": 0.9556631445884705,
            "1": 0.9528376460075378
        }
    }
}