seed,sample,ranking_score
1,0,0.7515725255553071
1,1,0.7603511937504172
1,2,0.7484459082932692
1,3,0.7503362408997087
1,4,0.757906369529659
