{
    "confidence_score": 0.9325253367424011,
    "ptm": 0.9477601051330566,
    "iptm": 0.9368762373924255,
    "ligand_iptm": 0.9368762373924255,
    "protein_iptm": 0.0,
    "complex_plddt": 0.931437611579895,
    "complex_iplddt": 0.8593456149101257,
    "complex_pde": 0.46859535574913025,
    "complex_ipde": 0.8468328714370728,
    "chains_ptm": {
        "0": 0.9488644003868103,
        "1": 0.9018507599830627
    },
    "pair_chains_iptm": {
        "0": {
            "0": 0.9488644003868103,
            "1": 0.4809251129627228
        },
        "1": {
            "0": 0.9368762373924255,
            "1": 0.9018507599830627
        }
    }
}