seed,sample,ranking_score
1,0,0.7850197584887519
1,1,0.7986980244736476
1,2,0.8352828477785654
1,3,0.8140988683175968
1,4,0.7914921882311101
