{
    "confidence_score": 0.9347745776176453,
    "ptm": 0.9399126172065735,
    "iptm": 0.9462774991989136,
    "ligand_iptm": 0.9462774991989136,
    "protein_iptm": 0.0,
    "complex_plddt": 0.931898832321167,
    "complex_iplddt": 0.8965729475021362,
    "complex_pde": 0.5056053400039673,
    "complex_ipde": 0.8223769664764404,
    "chains_ptm": {
        "0": 0.9395803809165955,
        "1": 0.8321935534477234
    },
    "pair_chains_iptm": {
        "0": {
            "0": 0.9395803809165955,
            "1": 0.5195679664611816
        },
        "1": {
            "0": 0.9462774991989136,
            "1": 0.8321935534477234
        }
    }
}