{
    "confidence_score": 0.9519333839416504,
    "ptm": 0.9718286991119385,
    "iptm": 0.9600785970687866,
    "ligand_iptm": 0.9600785970687866,
    "protein_iptm": 0.0,
    "complex_plddt": 0.9498971104621887,
    "complex_iplddt": 0.9182108044624329,
    "complex_pde": 0.3441646993160248,
    "complex_ipde": 0.6009437441825867,
    "chains_ptm": {
        "0": 0.9725446105003357,
        "1": 0.924393892288208
    },
    "pair_chains_iptm": {
        "0": {
            "0": 0.9725446105003357,
            "1": 0.5123457908630371
        },
        "1": {
            "0": 0.9600785970687866,
            "1": 0.924393892288208
        }
    }
}