{
    "confidence_score": 0.9471608400344849,
    "ptm": 0.9631630778312683,
    "iptm": 0.9670860171318054,
    "ligand_iptm": 0.9670860171318054,
    "protein_iptm": 0.0,
    "complex_plddt": 0.9421795606613159,
    "complex_iplddt": 0.9199812412261963,
    "complex_pde": 0.3828172981739044,
    "complex_ipde": 0.5778012871742249,
    "chains_ptm": {
        "0": 0.962860643863678,
        "1": 0.9567643404006958
    },
    "pair_chains_iptm": {
        "0": {
            "0": 0.962860643863678,
            "1": 0.7225137948989868
        },
        "1": {
            "0": 0.9670860171318054,
            "1": 0.9567643404006958
        }
    }
}