{
    "confidence_score": 0.9404716491699219,
    "ptm": 0.9562249183654785,
    "iptm": 0.9283186793327332,
    "ligand_iptm": 0.9283186793327332,
    "protein_iptm": 0.0,
    "complex_plddt": 0.9435098767280579,
    "complex_iplddt": 0.9028496146202087,
    "complex_pde": 0.4042757451534271,
    "complex_ipde": 0.8488086462020874,
    "chains_ptm": {
        "0": 0.9576669335365295,
        "1": 0.9568280577659607
    },
    "pair_chains_iptm": {
        "0": {
            "0": 0.9576669335365295,
            "1": 0.5893959999084473
        },
        "1": {
            "0": 0.9283186793327332,
            "1": 0.9568280577659607
        }
    }
}