{
    "confidence_score": 0.9389159083366394,
    "ptm": 0.9432971477508545,
    "iptm": 0.953832745552063,
    "ligand_iptm": 0.953832745552063,
    "protein_iptm": 0.0,
    "complex_plddt": 0.9351866841316223,
    "complex_iplddt": 0.8689356446266174,
    "complex_pde": 0.46943315863609314,
    "complex_ipde": 0.7207960486412048,
    "chains_ptm": {
        "0": 0.9426418542861938,
        "1": 0.9275973439216614
    },
    "pair_chains_iptm": {
        "0": {
            "0": 0.9426418542861938,
            "1": 0.593073844909668
        },
        "1": {
            "0": 0.953832745552063,
            "1": 0.9275973439216614
        }
    }
}