seed,sample,ranking_score
1,0,0.7964393907396308
1,1,0.8557621394184336
1,2,0.8500070815177371
1,3,0.835042410147361
1,4,0.8119455578778254
