{
    "confidence_score": 0.9267753958702087,
    "ptm": 0.9544862508773804,
    "iptm": 0.9260982275009155,
    "ligand_iptm": 0.9260982275009155,
    "protein_iptm": 0.0,
    "complex_plddt": 0.9269446730613708,
    "complex_iplddt": 0.8332462906837463,
    "complex_pde": 0.43505361676216125,
    "complex_ipde": 0.881199061870575,
    "chains_ptm": {
        "0": 0.9566314816474915,
        "1": 0.9134465456008911
    },
    "pair_chains_iptm": {
        "0": {
            "0": 0.9566314816474915,
            "1": 0.4943508207798004
        },
        "1": {
            "0": 0.9260982275009155,
            "1": 0.9134465456008911
        }
    }
}