seed,sample,ranking_score
44,0,0.9308464018666849
44,1,0.900308014836996
44,2,0.9065520601467003
44,3,0.9190871377466295
44,4,0.90848744810713
9,0,0.8999949467216816
9,1,0.8804834329526111
9,2,0.8966798794183608
9,3,0.8923229646199333
9,4,0.8764747723768904
80,0,0.900039429410481
80,1,0.9121584878457051
80,2,0.8979173023878411
80,3,0.8994859452559764
80,4,0.9003837053038292
