seed,sample,ranking_score
1,0,0.9540067993112188
1,1,0.9441153749912815
1,2,0.9724345282082844
1,3,0.9543832635211285
1,4,0.9561684652011323
