seed,sample,ranking_score
1,0,0.6363072397726726
1,1,0.6649321469069472
1,2,0.6291246425658726
1,3,0.6076934637575079
1,4,0.6074934698952698
