seed,sample,ranking_score
44,0,0.8407836367812249
44,1,0.834928238857766
44,2,0.8189743303700858
44,3,0.8090916523154341
44,4,0.827106895241859
9,0,0.8240059248603255
9,1,0.8045824516759607
9,2,0.7913053296832134
9,3,0.8105890826018636
9,4,0.8219487556196224
80,0,0.815211594156637
80,1,0.8377324384604146
80,2,0.8040576603882542
80,3,0.79881627098125
80,4,0.8114090224686428
