{
    "confidence_score": 0.9523734450340271,
    "ptm": 0.9614759087562561,
    "iptm": 0.9381943941116333,
    "ligand_iptm": 0.9381943941116333,
    "protein_iptm": 0.0,
    "complex_plddt": 0.9559181928634644,
    "complex_iplddt": 0.9352258443832397,
    "complex_pde": 0.3942049443721771,
    "complex_ipde": 0.8298158645629883,
    "chains_ptm": {
        "0": 0.9629407525062561,
        "1": 0.9570951461791992
    },
    "pair_chains_iptm": {
        "0": {
            "0": 0.9629407525062561,
            "1": 0.5375300645828247
        },
        "1": {
            "0": 0.9381943941116333,
            "1": 0.9570951461791992
        }
    }
}