seed,sample,ranking_score
1,0,0.8011688195158259
1,1,0.8153214674724397
1,2,0.8114485814219388
1,3,0.7884845743885742
1,4,0.8253617332224159
