seed,sample,ranking_score
1,0,0.6536178013100055
1,1,0.688161857707322
1,2,0.6765368371105918
1,3,0.6766253924421662
1,4,0.676824427901872
