{
    "confidence_score": 0.9382273554801941,
    "ptm": 0.9510536789894104,
    "iptm": 0.9691242575645447,
    "ligand_iptm": 0.9691242575645447,
    "protein_iptm": 0.0,
    "complex_plddt": 0.9305031895637512,
    "complex_iplddt": 0.8605968356132507,
    "complex_pde": 0.44052064418792725,
    "complex_ipde": 0.6466637253761292,
    "chains_ptm": {
        "0": 0.9496703743934631,
        "1": 0.9356500506401062
    },
    "pair_chains_iptm": {
        "0": {
            "0": 0.9496703743934631,
            "1": 0.6436535120010376
        },
        "1": {
            "0": 0.9691242575645447,
            "1": 0.9356500506401062
        }
    }
}