{
    "confidence_score": 0.9503465890884399,
    "ptm": 0.944854736328125,
    "iptm": 0.9517117142677307,
    "ligand_iptm": 0.9517117142677307,
    "protein_iptm": 0.0,
    "complex_plddt": 0.950005292892456,
    "complex_iplddt": 0.9326990246772766,
    "complex_pde": 0.4691298305988312,
    "complex_ipde": 0.8416956663131714,
    "chains_ptm": {
        "0": 0.9448100328445435,
        "1": 0.961356520652771
    },
    "pair_chains_iptm": {
        "0": {
            "0": 0.9448100328445435,
            "1": 0.5890476703643799
        },
        "1": {
            "0": 0.9517117142677307,
            "1": 0.961356520652771
        }
    }
}