seed,sample,ranking_score
44,0,0.6663289072421447
44,1,0.6057028301836651
44,2,0.5558285133223352
44,3,0.58795196779602
44,4,0.5545416489329204
9,0,0.5231786936770643
9,1,0.5125696014227543
9,2,0.6091267646532053
9,3,0.5231610937549253
9,4,0.6824037990357259
80,0,0.5141264222706102
80,1,0.5223805906877248
80,2,0.5835354804896347
80,3,0.5466049545845012
80,4,0.5297324978830037
