{
    "confidence_score": 0.955912709236145,
    "ptm": 0.9459639191627502,
    "iptm": 0.9712491631507874,
    "ligand_iptm": 0.9712491631507874,
    "protein_iptm": 0.0,
    "complex_plddt": 0.9520785808563232,
    "complex_iplddt": 0.9363918900489807,
    "complex_pde": 0.4462795853614807,
    "complex_ipde": 0.5837291479110718,
    "chains_ptm": {
        "0": 0.9439319968223572,
        "1": 0.9500796794891357
    },
    "pair_chains_iptm": {
        "0": {
            "0": 0.9439319968223572,
            "1": 0.6667197346687317
        },
        "1": {
            "0": 0.9712491631507874,
            "1": 0.9500796794891357
        }
    }
}