seed,sample,ranking_score
1,0,0.8197650268197572
1,1,0.8562419354346508
1,2,0.8761898907529649
1,3,0.8339203995825419
1,4,0.8612947797639933
