seed,sample,ranking_score
44,0,0.818844565625204
44,1,0.8073804806125494
44,2,0.7532151342055551
44,3,0.7943887145013835
44,4,0.7766729218382298
9,0,0.7663744992157605
9,1,0.7674226017621
9,2,0.7775899677395222
9,3,0.7652427783622668
9,4,0.7506116234327851
80,0,0.7684175864430663
80,1,0.80254094606482
80,2,0.7667199822640703
80,3,0.7632594202473171
80,4,0.7762787474241385
