seed,sample,ranking_score
1,0,0.9227558873370364
1,1,0.9379992284781202
1,2,0.9427226525096751
1,3,0.92507801089922
1,4,0.9346588603011338
