{
    "confidence_score": 0.9278379678726196,
    "ptm": 0.9624612331390381,
    "iptm": 0.9600433111190796,
    "ligand_iptm": 0.9600433111190796,
    "protein_iptm": 0.0,
    "complex_plddt": 0.9197865724563599,
    "complex_iplddt": 0.8093255162239075,
    "complex_pde": 0.3850381076335907,
    "complex_ipde": 0.6532408595085144,
    "chains_ptm": {
        "0": 0.9630838632583618,
        "1": 0.8996352553367615
    },
    "pair_chains_iptm": {
        "0": {
            "0": 0.9630838632583618,
            "1": 0.6007014513015747
        },
        "1": {
            "0": 0.9600433111190796,
            "1": 0.8996352553367615
        }
    }
}