{
    "confidence_score": 0.9342848658561707,
    "ptm": 0.9441108703613281,
    "iptm": 0.9082812666893005,
    "ligand_iptm": 0.9082812666893005,
    "protein_iptm": 0.0,
    "complex_plddt": 0.940785825252533,
    "complex_iplddt": 0.877742350101471,
    "complex_pde": 0.49451690912246704,
    "complex_ipde": 1.1010370254516602,
    "chains_ptm": {
        "0": 0.946430504322052,
        "1": 0.948550283908844
    },
    "pair_chains_iptm": {
        "0": {
            "0": 0.946430504322052,
            "1": 0.4593779742717743
        },
        "1": {
            "0": 0.9082812666893005,
            "1": 0.948550283908844
        }
    }
}