seed,sample,ranking_score
44,0,0.7467415933699935
44,1,0.7514565834608025
44,2,0.6878674875939756
44,3,0.7585818665903767
44,4,0.7298643228556048
9,0,0.6946394059388611
9,1,0.7430289708186253
9,2,0.7074867860393272
9,3,0.7111025845573862
9,4,0.7096601909817709
80,0,0.7030775000997825
80,1,0.7329487745831047
80,2,0.6994239952925815
80,3,0.7045180123967083
80,4,0.7128107835556482
