{
    "confidence_score": 0.9433407187461853,
    "ptm": 0.9562833905220032,
    "iptm": 0.8935906887054443,
    "ligand_iptm": 0.8935906887054443,
    "protein_iptm": 0.0,
    "complex_plddt": 0.9557782411575317,
    "complex_iplddt": 0.892687976360321,
    "complex_pde": 0.44447848200798035,
    "complex_ipde": 1.539132833480835,
    "chains_ptm": {
        "0": 0.9588666558265686,
        "1": 0.9856749773025513
    },
    "pair_chains_iptm": {
        "0": {
            "0": 0.9588666558265686,
            "1": 0.5132094621658325
        },
        "1": {
            "0": 0.8935906887054443,
            "1": 0.9856749773025513
        }
    }
}