{
    "confidence_score": 0.9468219876289368,
    "ptm": 0.9590087532997131,
    "iptm": 0.9111804366111755,
    "ligand_iptm": 0.9111804366111755,
    "protein_iptm": 0.0,
    "complex_plddt": 0.9557324051856995,
    "complex_iplddt": 0.8869406580924988,
    "complex_pde": 0.4081348776817322,
    "complex_ipde": 0.9756426811218262,
    "chains_ptm": {
        "0": 0.961358368396759,
        "1": 0.9578430652618408
    },
    "pair_chains_iptm": {
        "0": {
            "0": 0.961358368396759,
            "1": 0.5380401015281677
        },
        "1": {
            "0": 0.9111804366111755,
            "1": 0.9578430652618408
        }
    }
}