seed,sample,ranking_score
1,0,0.835841851552809
1,1,0.8150325231479809
1,2,0.846603093555546
1,3,0.8191183372320066
1,4,0.8207963733858341
