seed,sample,ranking_score
1,0,0.812543522225409
1,1,0.808822475300004
1,2,0.7955419872868739
1,3,0.810068699292283
1,4,0.81900156572772
