{
    "confidence_score": 0.9415369033813477,
    "ptm": 0.9632591605186462,
    "iptm": 0.9610400199890137,
    "ligand_iptm": 0.9610400199890137,
    "protein_iptm": 0.0,
    "complex_plddt": 0.9366611242294312,
    "complex_iplddt": 0.8813934326171875,
    "complex_pde": 0.3841531574726105,
    "complex_ipde": 0.6138129234313965,
    "chains_ptm": {
        "0": 0.9634873270988464,
        "1": 0.9318245053291321
    },
    "pair_chains_iptm": {
        "0": {
            "0": 0.9634873270988464,
            "1": 0.60347980260849
        },
        "1": {
            "0": 0.9610400199890137,
            "1": 0.9318245053291321
        }
    }
}