seed,sample,ranking_score
1,0,0.7446564937543048
1,1,0.8019630289447869
1,2,0.7937429878824165
1,3,0.7943567055739731
1,4,0.8081577817678337
