seed,sample,ranking_score
1,0,0.821477265603025
1,1,0.8322048600869769
1,2,0.8425853279738211
1,3,0.7969385504131401
1,4,0.8239627967402146
