{
    "confidence_score": 0.9460450410842896,
    "ptm": 0.9576576352119446,
    "iptm": 0.9204182028770447,
    "ligand_iptm": 0.9204182028770447,
    "protein_iptm": 0.0,
    "complex_plddt": 0.9524517059326172,
    "complex_iplddt": 0.900934100151062,
    "complex_pde": 0.4168057441711426,
    "complex_ipde": 1.154505968093872,
    "chains_ptm": {
        "0": 0.9593801498413086,
        "1": 0.9685823321342468
    },
    "pair_chains_iptm": {
        "0": {
            "0": 0.9593801498413086,
            "1": 0.42286598682403564
        },
        "1": {
            "0": 0.9204182028770447,
            "1": 0.9685823321342468
        }
    }
}