seed,sample,ranking_score
44,0,0.9178069720018558
44,1,0.9190967880038017
44,2,0.9000276619428459
44,3,0.9007221334465059
44,4,0.9054167497891882
9,0,0.8825285809144968
9,1,0.8967367742294422
9,2,0.8696390256088977
9,3,0.8800381000640376
9,4,0.8827692288323904
80,0,0.8840107297503897
80,1,0.9010564789633421
80,2,0.8824591918067759
80,3,0.8912157932547273
80,4,0.8928729139510043
