{
    "confidence_score": 0.9415861368179321,
    "ptm": 0.9469839334487915,
    "iptm": 0.9491205811500549,
    "ligand_iptm": 0.9491205811500549,
    "protein_iptm": 0.0,
    "complex_plddt": 0.9397024512290955,
    "complex_iplddt": 0.9284137487411499,
    "complex_pde": 0.47175318002700806,
    "complex_ipde": 0.8364037871360779,
    "chains_ptm": {
        "0": 0.9471883177757263,
        "1": 0.9190568923950195
    },
    "pair_chains_iptm": {
        "0": {
            "0": 0.9471883177757263,
            "1": 0.5534480214118958
        },
        "1": {
            "0": 0.9491205811500549,
            "1": 0.9190568923950195
        }
    }
}