{
    "confidence_score": 0.947004497051239,
    "ptm": 0.9617653489112854,
    "iptm": 0.9640876650810242,
    "ligand_iptm": 0.9640876650810242,
    "protein_iptm": 0.0,
    "complex_plddt": 0.9427337050437927,
    "complex_iplddt": 0.900641918182373,
    "complex_pde": 0.3803514540195465,
    "complex_ipde": 0.6157808899879456,
    "chains_ptm": {
        "0": 0.9617688655853271,
        "1": 0.9497247934341431
    },
    "pair_chains_iptm": {
        "0": {
            "0": 0.9617688655853271,
            "1": 0.5087818503379822
        },
        "1": {
            "0": 0.9640876650810242,
            "1": 0.9497247934341431
        }
    }
}