seed,sample,ranking_score
1,0,0.7918589586639235
1,1,0.7971030507857978
1,2,0.7975932471571441
1,3,0.8691004491144023
1,4,0.7838936501756821
