seed,sample,ranking_score
1,0,0.7972217040045227
1,1,0.8061311561297814
1,2,0.8093807509491694
1,3,0.7852173722376814
1,4,0.7987427590587014
