{
    "confidence_score": 0.9500624537467957,
    "ptm": 0.956283688545227,
    "iptm": 0.9784157872200012,
    "ligand_iptm": 0.9784157872200012,
    "protein_iptm": 0.0,
    "complex_plddt": 0.9429741501808167,
    "complex_iplddt": 0.9176210165023804,
    "complex_pde": 0.3909917175769806,
    "complex_ipde": 0.5217453837394714,
    "chains_ptm": {
        "0": 0.9545289874076843,
        "1": 0.9793336391448975
    },
    "pair_chains_iptm": {
        "0": {
            "0": 0.9545289874076843,
            "1": 0.773215115070343
        },
        "1": {
            "0": 0.9784157872200012,
            "1": 0.9793336391448975
        }
    }
}