{
    "confidence_score": 0.947991669178009,
    "ptm": 0.9557718634605408,
    "iptm": 0.9515535235404968,
    "ligand_iptm": 0.9515535235404968,
    "protein_iptm": 0.0,
    "complex_plddt": 0.9471011757850647,
    "complex_iplddt": 0.9192737936973572,
    "complex_pde": 0.40596434473991394,
    "complex_ipde": 0.7588051557540894,
    "chains_ptm": {
        "0": 0.9560704231262207,
        "1": 0.9873571991920471
    },
    "pair_chains_iptm": {
        "0": {
            "0": 0.9560704231262207,
            "1": 0.622454047203064
        },
        "1": {
            "0": 0.9515535235404968,
            "1": 0.9873571991920471
        }
    }
}