{
    "confidence_score": 0.94732266664505,
    "ptm": 0.9607318043708801,
    "iptm": 0.9322665929794312,
    "ligand_iptm": 0.9322665929794312,
    "protein_iptm": 0.0,
    "complex_plddt": 0.9510866403579712,
    "complex_iplddt": 0.9187077879905701,
    "complex_pde": 0.39958471059799194,
    "complex_ipde": 0.8098838925361633,
    "chains_ptm": {
        "0": 0.9623236060142517,
        "1": 0.9129166007041931
    },
    "pair_chains_iptm": {
        "0": {
            "0": 0.9623236060142517,
            "1": 0.44062894582748413
        },
        "1": {
            "0": 0.9322665929794312,
            "1": 0.9129166007041931
        }
    }
}