seed,sample,ranking_score
1,0,0.8960272211910553
1,1,0.9045293276586122
1,2,0.9071321217052905
1,3,0.86705185416323
1,4,0.8830414134338146
