seed,sample,ranking_score
1,0,0.864336714534013
1,1,0.8935315913368203
1,2,0.8811707961906878
1,3,0.8638680197402937
1,4,0.8883428989773925
