{
    "confidence_score": 0.9206313490867615,
    "ptm": 0.9580190777778625,
    "iptm": 0.8331568837165833,
    "ligand_iptm": 0.8331568837165833,
    "protein_iptm": 0.0,
    "complex_plddt": 0.9424998760223389,
    "complex_iplddt": 0.861295759677887,
    "complex_pde": 0.4731957018375397,
    "complex_ipde": 2.2787022590637207,
    "chains_ptm": {
        "0": 0.9630690217018127,
        "1": 0.9434988498687744
    },
    "pair_chains_iptm": {
        "0": {
            "0": 0.9630690217018127,
            "1": 0.3057856261730194
        },
        "1": {
            "0": 0.8331568837165833,
            "1": 0.9434988498687744
        }
    }
}