{
    "confidence_score": 0.9279309511184692,
    "ptm": 0.9432119131088257,
    "iptm": 0.9396712779998779,
    "ligand_iptm": 0.9396712779998779,
    "protein_iptm": 0.0,
    "complex_plddt": 0.9249958395957947,
    "complex_iplddt": 0.8428728580474854,
    "complex_pde": 0.48193660378456116,
    "complex_ipde": 0.8170870542526245,
    "chains_ptm": {
        "0": 0.9435785412788391,
        "1": 0.9166306257247925
    },
    "pair_chains_iptm": {
        "0": {
            "0": 0.9435785412788391,
            "1": 0.5421177744865417
        },
        "1": {
            "0": 0.9396712779998779,
            "1": 0.9166306257247925
        }
    }
}