{
    "confidence_score": 0.9639652371406555,
    "ptm": 0.9514498710632324,
    "iptm": 0.9760172367095947,
    "ligand_iptm": 0.9760172367095947,
    "protein_iptm": 0.0,
    "complex_plddt": 0.9609522223472595,
    "complex_iplddt": 0.9466647505760193,
    "complex_pde": 0.4130934476852417,
    "complex_ipde": 0.5348869562149048,
    "chains_ptm": {
        "0": 0.9494621753692627,
        "1": 0.9617848992347717
    },
    "pair_chains_iptm": {
        "0": {
            "0": 0.9494621753692627,
            "1": 0.6981461644172668
        },
        "1": {
            "0": 0.9760172367095947,
            "1": 0.9617848992347717
        }
    }
}