seed,sample,ranking_score
1,0,0.6386036761247285
1,1,0.6642201444359523
1,2,0.6289285020035024
1,3,0.6076529910968346
1,4,0.6077050747970748
