seed,sample,ranking_score
1,0,0.9046666810283699
1,1,0.9172194017692525
1,2,0.913830836807725
1,3,0.9079021502360829
1,4,0.913476992324312
