seed,sample,ranking_score
44,0,0.9458076834288606
44,1,0.9461144378859224
44,2,0.9223854360457489
44,3,0.9311089982310741
44,4,0.9305345756706189
9,0,0.9153492191541294
9,1,0.9175499644611324
9,2,0.918829013980152
9,3,0.9199719602763781
9,4,0.9182934034366206
80,0,0.920673632973924
80,1,0.9247653903539325
80,2,0.9179867718285919
80,3,0.9227584557322261
80,4,0.91942425125108
