{
    "confidence_score": 0.9564808011054993,
    "ptm": 0.9599215984344482,
    "iptm": 0.9555175304412842,
    "ligand_iptm": 0.9555175304412842,
    "protein_iptm": 0.0,
    "complex_plddt": 0.9567215442657471,
    "complex_iplddt": 0.9276412725448608,
    "complex_pde": 0.39171648025512695,
    "complex_ipde": 0.7236883640289307,
    "chains_ptm": {
        "0": 0.9601653814315796,
        "1": 0.9830619096755981
    },
    "pair_chains_iptm": {
        "0": {
            "0": 0.9601653814315796,
            "1": 0.6461830735206604
        },
        "1": {
            "0": 0.9555175304412842,
            "1": 0.9830619096755981
        }
    }
}