seed,sample,ranking_score
1,0,0.9436309652300797
1,1,0.9671307046272847
1,2,0.9661168222973018
1,3,0.9424068313479809
1,4,0.9511437205993006
