seed,sample,ranking_score
1,0,0.9238685984841799
1,1,0.8809025295828019
1,2,0.9449383429459507
1,3,0.9226241159483031
1,4,0.9098644760077508
