seed,sample,ranking_score
1,0,0.8533485028771096
1,1,0.8542745379505781
1,2,0.8576811076642658
1,3,0.8635976960611303
1,4,0.871942092271678
