seed,sample,ranking_score
1,0,0.8231341928425078
1,1,0.8435093668878453
1,2,0.847410397979979
1,3,0.8179108152125876
1,4,0.8238008438120034
