{
    "confidence_score": 0.9363352060317993,
    "ptm": 0.9616959691047668,
    "iptm": 0.9484468102455139,
    "ligand_iptm": 0.9484468102455139,
    "protein_iptm": 0.0,
    "complex_plddt": 0.9333072304725647,
    "complex_iplddt": 0.8788253664970398,
    "complex_pde": 0.39553651213645935,
    "complex_ipde": 0.7051596641540527,
    "chains_ptm": {
        "0": 0.9628312587738037,
        "1": 0.94877028465271
    },
    "pair_chains_iptm": {
        "0": {
            "0": 0.9628312587738037,
            "1": 0.6715747117996216
        },
        "1": {
            "0": 0.9484468102455139,
            "1": 0.94877028465271
        }
    }
}