{
    "confidence_score": 0.948619544506073,
    "ptm": 0.9502647519111633,
    "iptm": 0.9345967173576355,
    "ligand_iptm": 0.9345967173576355,
    "protein_iptm": 0.0,
    "complex_plddt": 0.9521253108978271,
    "complex_iplddt": 0.8923535346984863,
    "complex_pde": 0.439247727394104,
    "complex_ipde": 0.9344319701194763,
    "chains_ptm": {
        "0": 0.9511203169822693,
        "1": 0.9330757260322571
    },
    "pair_chains_iptm": {
        "0": {
            "0": 0.9511203169822693,
            "1": 0.5331959128379822
        },
        "1": {
            "0": 0.9345967173576355,
            "1": 0.9330757260322571
        }
    }
}