seed,sample,ranking_score
1,0,0.9017571554897846
1,1,0.9102715095324805
1,2,0.9178322838277361
1,3,0.9064083166722713
1,4,0.9144736886212699
