seed,sample,ranking_score
44,0,0.6988646488567868
44,1,0.7040183501607002
44,2,0.6792680666809516
44,3,0.7017392056373238
44,4,0.6832308168682085
9,0,0.6684081362477116
9,1,0.6550977364366936
9,2,0.7069939985299577
9,3,0.7016663384711775
9,4,0.6681580103740253
80,0,0.6895004810527521
80,1,0.6936905072563293
80,2,0.661608088299131
80,3,0.672222664440671
80,4,0.697092516568047
