{
    "confidence_score": 0.9399411082267761,
    "ptm": 0.9645941257476807,
    "iptm": 0.9743853211402893,
    "ligand_iptm": 0.9743853211402893,
    "protein_iptm": 0.0,
    "complex_plddt": 0.9313300848007202,
    "complex_iplddt": 0.9016205072402954,
    "complex_pde": 0.3701152503490448,
    "complex_ipde": 0.5279951691627502,
    "chains_ptm": {
        "0": 0.9638269543647766,
        "1": 0.9685338735580444
    },
    "pair_chains_iptm": {
        "0": {
            "0": 0.9638269543647766,
            "1": 0.7607468962669373
        },
        "1": {
            "0": 0.9743853211402893,
            "1": 0.9685338735580444
        }
    }
}