seed,sample,ranking_score
44,0,0.7890457080826287
44,1,0.7736282018454227
44,2,0.7543359778690446
44,3,0.788237771092438
44,4,0.7579274732989408
9,0,0.7603949119137078
9,1,0.7632453133087859
9,2,0.7879214575016575
9,3,0.7922052416145895
9,4,0.7475570583840053
80,0,0.7667820695640993
80,1,0.7829101918637806
80,2,0.7470759861918574
80,3,0.7562459732136684
80,4,0.7980820265212564
