seed,sample,ranking_score
1,0,0.8622803498012983
1,1,0.850792380915845
1,2,0.8715392290486694
1,3,0.8586211814480929
1,4,0.8665538210769373
