{
    "confidence_score": 0.9198597073554993,
    "ptm": 0.9576825499534607,
    "iptm": 0.8934823870658875,
    "ligand_iptm": 0.8934823870658875,
    "protein_iptm": 0.0,
    "complex_plddt": 0.9264540076255798,
    "complex_iplddt": 0.803392767906189,
    "complex_pde": 0.43322524428367615,
    "complex_ipde": 1.1796561479568481,
    "chains_ptm": {
        "0": 0.9621683955192566,
        "1": 0.9613565802574158
    },
    "pair_chains_iptm": {
        "0": {
            "0": 0.9621683955192566,
            "1": 0.49406564235687256
        },
        "1": {
            "0": 0.8934823870658875,
            "1": 0.9613565802574158
        }
    }
}