{
    "confidence_score": 0.9538959860801697,
    "ptm": 0.9439876079559326,
    "iptm": 0.9587645530700684,
    "ligand_iptm": 0.9587645530700684,
    "protein_iptm": 0.0,
    "complex_plddt": 0.9526787996292114,
    "complex_iplddt": 0.9292187690734863,
    "complex_pde": 0.4463506042957306,
    "complex_ipde": 0.684089183807373,
    "chains_ptm": {
        "0": 0.9430650472640991,
        "1": 0.9647585153579712
    },
    "pair_chains_iptm": {
        "0": {
            "0": 0.9430650472640991,
            "1": 0.6465156674385071
        },
        "1": {
            "0": 0.9587645530700684,
            "1": 0.9647585153579712
        }
    }
}