seed,sample,ranking_score
1,0,0.8371996875576398
1,1,0.8212817542640967
1,2,0.8632956305773011
1,3,0.8362065464450773
1,4,0.8467521540176707
