seed,sample,ranking_score
44,0,0.8859506852500958
44,1,0.8772318075113329
44,2,0.8745499753223088
44,3,0.8719135554242388
44,4,0.856894373755691
9,0,0.8503199024532255
9,1,0.8648274299064345
9,2,0.8448364451236103
9,3,0.8599214559731431
9,4,0.8629060401227076
80,0,0.8576861212843049
80,1,0.8688272568572716
80,2,0.8584449725895381
80,3,0.8658812268052032
80,4,0.8585334504304627
