seed,sample,ranking_score
1,0,0.90381949491752
1,1,0.929435150368981
1,2,0.921597859132864
1,3,0.8888276786334507
1,4,0.9148622518382338
