seed,sample,ranking_score
1,0,0.8646745577147719
1,1,0.8638897499121131
1,2,0.8942846375007264
1,3,0.8588202027593277
1,4,0.8757556539633091
