{
    "confidence_score": 0.9380928874015808,
    "ptm": 0.9460013508796692,
    "iptm": 0.9351577162742615,
    "ligand_iptm": 0.9351577162742615,
    "protein_iptm": 0.0,
    "complex_plddt": 0.9388267397880554,
    "complex_iplddt": 0.8932695984840393,
    "complex_pde": 0.4840628206729889,
    "complex_ipde": 0.8770361542701721,
    "chains_ptm": {
        "0": 0.9469009637832642,
        "1": 0.8968600630760193
    },
    "pair_chains_iptm": {
        "0": {
            "0": 0.9469009637832642,
            "1": 0.5416608452796936
        },
        "1": {
            "0": 0.9351577162742615,
            "1": 0.8968600630760193
        }
    }
}