{
    "confidence_score": 0.9478982090950012,
    "ptm": 0.9609901309013367,
    "iptm": 0.963155210018158,
    "ligand_iptm": 0.963155210018158,
    "protein_iptm": 0.0,
    "complex_plddt": 0.9440839290618896,
    "complex_iplddt": 0.9102506637573242,
    "complex_pde": 0.387830525636673,
    "complex_ipde": 0.6173655986785889,
    "chains_ptm": {
        "0": 0.9609171748161316,
        "1": 0.9093003869056702
    },
    "pair_chains_iptm": {
        "0": {
            "0": 0.9609171748161316,
            "1": 0.5301486849784851
        },
        "1": {
            "0": 0.963155210018158,
            "1": 0.9093003869056702
        }
    }
}