{
    "confidence_score": 0.9397791028022766,
    "ptm": 0.9481638669967651,
    "iptm": 0.8799751400947571,
    "ligand_iptm": 0.8799751400947571,
    "protein_iptm": 0.0,
    "complex_plddt": 0.9547300934791565,
    "complex_iplddt": 0.8825001120567322,
    "complex_pde": 0.4701080322265625,
    "complex_ipde": 1.2137421369552612,
    "chains_ptm": {
        "0": 0.9517830610275269,
        "1": 0.9452800154685974
    },
    "pair_chains_iptm": {
        "0": {
            "0": 0.9517830610275269,
            "1": 0.422810822725296
        },
        "1": {
            "0": 0.8799751400947571,
            "1": 0.9452800154685974
        }
    }
}