{
    "confidence_score": 0.9527856111526489,
    "ptm": 0.9587914347648621,
    "iptm": 0.967912495136261,
    "ligand_iptm": 0.967912495136261,
    "protein_iptm": 0.0,
    "complex_plddt": 0.9490038752555847,
    "complex_iplddt": 0.9251019358634949,
    "complex_pde": 0.38814762234687805,
    "complex_ipde": 0.5882150530815125,
    "chains_ptm": {
        "0": 0.958368718624115,
        "1": 0.972798764705658
    },
    "pair_chains_iptm": {
        "0": {
            "0": 0.958368718624115,
            "1": 0.7029297351837158
        },
        "1": {
            "0": 0.967912495136261,
            "1": 0.972798764705658
        }
    }
}