seed,sample,ranking_score
44,0,0.916375549622372
44,1,0.9208220533561061
44,2,0.8948270445423258
44,3,0.9027389913008561
44,4,0.9091633095967183
9,0,0.819578013906615
9,1,0.7971389520816781
9,2,0.8211586680638597
9,3,0.8234547477008489
9,4,0.816673617583143
80,0,0.8329672862831614
80,1,0.8443859581050696
80,2,0.7986466446013665
80,3,0.8118738791866746
80,4,0.8162169081526387
