seed,sample,ranking_score
1,0,0.8082081501360169
1,1,0.8118331663098215
1,2,0.8341137026430101
1,3,0.813847222066095
1,4,0.81891484935119
