seed,sample,ranking_score
1,0,0.8640673058222101
1,1,0.9077905095354364
1,2,0.8930891469232689
1,3,0.8857669775661914
1,4,0.8913915135242717
