{
    "confidence_score": 0.95013427734375,
    "ptm": 0.955518364906311,
    "iptm": 0.9594211578369141,
    "ligand_iptm": 0.9594211578369141,
    "protein_iptm": 0.0,
    "complex_plddt": 0.9478124976158142,
    "complex_iplddt": 0.9271504282951355,
    "complex_pde": 0.41971489787101746,
    "complex_ipde": 0.7010784149169922,
    "chains_ptm": {
        "0": 0.9553278684616089,
        "1": 0.9469298720359802
    },
    "pair_chains_iptm": {
        "0": {
            "0": 0.9553278684616089,
            "1": 0.6983233094215393
        },
        "1": {
            "0": 0.9594211578369141,
            "1": 0.9469298720359802
        }
    }
}