{
    "confidence_score": 0.950244128704071,
    "ptm": 0.9438844323158264,
    "iptm": 0.9456928968429565,
    "ligand_iptm": 0.9456928968429565,
    "protein_iptm": 0.0,
    "complex_plddt": 0.9513819813728333,
    "complex_iplddt": 0.9051128625869751,
    "complex_pde": 0.4508077800273895,
    "complex_ipde": 0.8003979921340942,
    "chains_ptm": {
        "0": 0.9438866376876831,
        "1": 0.9735607504844666
    },
    "pair_chains_iptm": {
        "0": {
            "0": 0.9438866376876831,
            "1": 0.5492875576019287
        },
        "1": {
            "0": 0.9456928968429565,
            "1": 0.9735607504844666
        }
    }
}