seed,sample,ranking_score
1,0,0.8590543206930192
1,1,0.8710088046058678
1,2,0.8625882484855733
1,3,0.8167270291160511
1,4,0.8195033799579585
