seed,sample,ranking_score
1,0,0.8656577129486653
1,1,0.893945088420264
1,2,0.9110965082480027
1,3,0.8969500497387461
1,4,0.8729040042662899
