{
    "confidence_score": 0.9474057555198669,
    "ptm": 0.9626880288124084,
    "iptm": 0.9640964269638062,
    "ligand_iptm": 0.9640964269638062,
    "protein_iptm": 0.0,
    "complex_plddt": 0.943233072757721,
    "complex_iplddt": 0.9288744926452637,
    "complex_pde": 0.3905521333217621,
    "complex_ipde": 0.6414468884468079,
    "chains_ptm": {
        "0": 0.9626473188400269,
        "1": 0.8791162967681885
    },
    "pair_chains_iptm": {
        "0": {
            "0": 0.9626473188400269,
            "1": 0.6199102997779846
        },
        "1": {
            "0": 0.9640964269638062,
            "1": 0.8791162967681885
        }
    }
}