seed,sample,ranking_score
1,0,0.8363591966098856
1,1,0.8508757280129055
1,2,0.8507350470256957
1,3,0.8280710239970457
1,4,0.8267390979044742
