seed,sample,ranking_score
1,0,0.8033389315339254
1,1,0.81652640051862
1,2,0.8225564741234604
1,3,0.8018619965510833
1,4,0.8194969006296052
