seed,sample,ranking_score
1,0,0.6807901522744915
1,1,0.7100587641524384
1,2,0.6782413404670021
1,3,0.6815414182683678
1,4,0.7029601075512452
