{
    "confidence_score": 0.9389093518257141,
    "ptm": 0.9554316997528076,
    "iptm": 0.9373511075973511,
    "ligand_iptm": 0.9373511075973511,
    "protein_iptm": 0.0,
    "complex_plddt": 0.9392988681793213,
    "complex_iplddt": 0.8866388201713562,
    "complex_pde": 0.4176650941371918,
    "complex_ipde": 0.8165297508239746,
    "chains_ptm": {
        "0": 0.9565829634666443,
        "1": 0.9525242447853088
    },
    "pair_chains_iptm": {
        "0": {
            "0": 0.9565829634666443,
            "1": 0.5155167579650879
        },
        "1": {
            "0": 0.9373511075973511,
            "1": 0.9525242447853088
        }
    }
}