{
    "confidence_score": 0.9566590189933777,
    "ptm": 0.9625902771949768,
    "iptm": 0.9793271422386169,
    "ligand_iptm": 0.9793271422386169,
    "protein_iptm": 0.0,
    "complex_plddt": 0.9509919881820679,
    "complex_iplddt": 0.9577704668045044,
    "complex_pde": 0.37781187891960144,
    "complex_ipde": 0.562514066696167,
    "chains_ptm": {
        "0": 0.9619777798652649,
        "1": 0.9868761301040649
    },
    "pair_chains_iptm": {
        "0": {
            "0": 0.9619777798652649,
            "1": 0.7524935007095337
        },
        "1": {
            "0": 0.9793271422386169,
            "1": 0.9868761301040649
        }
    }
}