seed,sample,ranking_score
1,0,0.872711329058266
1,1,0.8830818521470074
1,2,0.8785885034896321
1,3,0.8702599367286903
1,4,0.8569768266895058
