{
    "confidence_score": 0.9465190768241882,
    "ptm": 0.9576684236526489,
    "iptm": 0.9691733717918396,
    "ligand_iptm": 0.9691733717918396,
    "protein_iptm": 0.0,
    "complex_plddt": 0.9408555626869202,
    "complex_iplddt": 0.9224476218223572,
    "complex_pde": 0.39485907554626465,
    "complex_ipde": 0.5890123248100281,
    "chains_ptm": {
        "0": 0.956958532333374,
        "1": 0.9443859457969666
    },
    "pair_chains_iptm": {
        "0": {
            "0": 0.956958532333374,
            "1": 0.7002360820770264
        },
        "1": {
            "0": 0.9691733717918396,
            "1": 0.9443859457969666
        }
    }
}