seed,sample,ranking_score
1,0,0.8432319854050448
1,1,0.8488833085306369
1,2,0.8721826884133603
1,3,0.84694620961775
1,4,0.8527634458596844
