{
    "confidence_score": 0.9150487184524536,
    "ptm": 0.9441400766372681,
    "iptm": 0.7979090809822083,
    "ligand_iptm": 0.7979090809822083,
    "protein_iptm": 0.0,
    "complex_plddt": 0.944333553314209,
    "complex_iplddt": 0.8843907713890076,
    "complex_pde": 0.6389663815498352,
    "complex_ipde": 3.4763386249542236,
    "chains_ptm": {
        "0": 0.9531235694885254,
        "1": 0.8955211043357849
    },
    "pair_chains_iptm": {
        "0": {
            "0": 0.9531235694885254,
            "1": 0.379190593957901
        },
        "1": {
            "0": 0.7979090809822083,
            "1": 0.8955211043357849
        }
    }
}