{
    "confidence_score": 0.9416560530662537,
    "ptm": 0.9663621187210083,
    "iptm": 0.971413791179657,
    "ligand_iptm": 0.971413791179657,
    "protein_iptm": 0.0,
    "complex_plddt": 0.9342166185379028,
    "complex_iplddt": 0.8885491490364075,
    "complex_pde": 0.37236249446868896,
    "complex_ipde": 0.5480424761772156,
    "chains_ptm": {
        "0": 0.9660069346427917,
        "1": 0.928429126739502
    },
    "pair_chains_iptm": {
        "0": {
            "0": 0.9660069346427917,
            "1": 0.6682135462760925
        },
        "1": {
            "0": 0.971413791179657,
            "1": 0.928429126739502
        }
    }
}