seed,sample,ranking_score
1,0,0.8385538911635801
1,1,0.8215962714511451
1,2,0.8639256827121773
1,3,0.8359845228223732
1,4,0.8482105513205576
