{
    "confidence_score": 0.9522084593772888,
    "ptm": 0.9470558166503906,
    "iptm": 0.9416421055793762,
    "ligand_iptm": 0.9416421055793762,
    "protein_iptm": 0.0,
    "complex_plddt": 0.9548499584197998,
    "complex_iplddt": 0.9373084902763367,
    "complex_pde": 0.45144081115722656,
    "complex_ipde": 0.9832665324211121,
    "chains_ptm": {
        "0": 0.9474368691444397,
        "1": 0.9636958837509155
    },
    "pair_chains_iptm": {
        "0": {
            "0": 0.9474368691444397,
            "1": 0.4645407497882843
        },
        "1": {
            "0": 0.9416421055793762,
            "1": 0.9636958837509155
        }
    }
}