seed,sample,ranking_score
1,0,0.7933690655271566
1,1,0.8434255943678909
1,2,0.8038520381077051
1,3,0.8108215625875346
1,4,0.8031541524945804
