{
    "confidence_score": 0.9590383768081665,
    "ptm": 0.9586782455444336,
    "iptm": 0.9659768342971802,
    "ligand_iptm": 0.9659768342971802,
    "protein_iptm": 0.0,
    "complex_plddt": 0.9573037624359131,
    "complex_iplddt": 0.9366511702537537,
    "complex_pde": 0.3943256139755249,
    "complex_ipde": 0.6128826141357422,
    "chains_ptm": {
        "0": 0.9582459330558777,
        "1": 0.8907460570335388
    },
    "pair_chains_iptm": {
        "0": {
            "0": 0.9582459330558777,
            "1": 0.5374312400817871
        },
        "1": {
            "0": 0.9659768342971802,
            "1": 0.8907460570335388
        }
    }
}