{
    "confidence_score": 0.9569540023803711,
    "ptm": 0.9565412998199463,
    "iptm": 0.9711916446685791,
    "ligand_iptm": 0.9711916446685791,
    "protein_iptm": 0.0,
    "complex_plddt": 0.9533945322036743,
    "complex_iplddt": 0.9370694756507874,
    "complex_pde": 0.4055008292198181,
    "complex_ipde": 0.6141782402992249,
    "chains_ptm": {
        "0": 0.9556877613067627,
        "1": 0.9385576248168945
    },
    "pair_chains_iptm": {
        "0": {
            "0": 0.9556877613067627,
            "1": 0.6564370393753052
        },
        "1": {
            "0": 0.9711916446685791,
            "1": 0.9385576248168945
        }
    }
}