{
    "confidence_score": 0.9543987512588501,
    "ptm": 0.9399294257164001,
    "iptm": 0.9475234746932983,
    "ligand_iptm": 0.9475234746932983,
    "protein_iptm": 0.0,
    "complex_plddt": 0.9561175107955933,
    "complex_iplddt": 0.9317840337753296,
    "complex_pde": 0.47504350543022156,
    "complex_ipde": 0.8590587377548218,
    "chains_ptm": {
        "0": 0.9397149682044983,
        "1": 0.9867120981216431
    },
    "pair_chains_iptm": {
        "0": {
            "0": 0.9397149682044983,
            "1": 0.6170827150344849
        },
        "1": {
            "0": 0.9475234746932983,
            "1": 0.9867120981216431
        }
    }
}