seed,sample,ranking_score
44,0,0.8224210271589858
44,1,0.8293471166811875
44,2,0.7849215379837446
44,3,0.7968163385909586
44,4,0.7874419376307158
9,0,0.7385686173223125
9,1,0.7410097482471487
9,2,0.774278800223981
9,3,0.7506387869771494
9,4,0.7620571795557481
80,0,0.7950515021343061
80,1,0.7967502614340402
80,2,0.7700787254279453
80,3,0.7786704923892185
80,4,0.7869690204237227
