seed,sample,ranking_score
1,0,0.7517129203306934
1,1,0.7434278736760983
1,2,0.7922292816390176
1,3,0.7284432466046765
1,4,0.7549947049302337
