seed,sample,ranking_score
1,0,0.8710148686405096
1,1,0.8797501033628613
1,2,0.9005163310402365
1,3,0.8785245034462227
1,4,0.8950026902563474
