{
    "confidence_score": 0.9504777789115906,
    "ptm": 0.94493168592453,
    "iptm": 0.9520912170410156,
    "ligand_iptm": 0.9520912170410156,
    "protein_iptm": 0.0,
    "complex_plddt": 0.9500744342803955,
    "complex_iplddt": 0.910614550113678,
    "complex_pde": 0.4575093984603882,
    "complex_ipde": 0.7525189518928528,
    "chains_ptm": {
        "0": 0.9444592595100403,
        "1": 0.9351765513420105
    },
    "pair_chains_iptm": {
        "0": {
            "0": 0.9444592595100403,
            "1": 0.5557929277420044
        },
        "1": {
            "0": 0.9520912170410156,
            "1": 0.9351765513420105
        }
    }
}