{
    "confidence_score": 0.9303421378135681,
    "ptm": 0.9678431153297424,
    "iptm": 0.8540452122688293,
    "ligand_iptm": 0.8540452122688293,
    "protein_iptm": 0.0,
    "complex_plddt": 0.9494163393974304,
    "complex_iplddt": 0.886286199092865,
    "complex_pde": 0.42801350355148315,
    "complex_ipde": 2.0105903148651123,
    "chains_ptm": {
        "0": 0.9723499417304993,
        "1": 0.9456409811973572
    },
    "pair_chains_iptm": {
        "0": {
            "0": 0.9723499417304993,
            "1": 0.35940998792648315
        },
        "1": {
            "0": 0.8540452122688293,
            "1": 0.9456409811973572
        }
    }
}