seed,sample,ranking_score
1,0,0.8257367759877101
1,1,0.8277336172321823
1,2,0.9030812936313599
1,3,0.872960693685141
1,4,0.899202482464928
