seed,sample,ranking_score
44,0,0.7683071380840227
44,1,0.7707784560133011
44,2,0.7557598376941601
44,3,0.7573266791131172
44,4,0.7503515761852768
9,0,0.7065285667091641
9,1,0.7603513723462001
9,2,0.740678958711243
9,3,0.7364500661199547
9,4,0.7298304434240137
80,0,0.7382593986322575
80,1,0.750610907777849
80,2,0.7597755944463219
80,3,0.7499162817381146
80,4,0.7820668375918036
