{
    "confidence_score": 0.9445056319236755,
    "ptm": 0.9466508626937866,
    "iptm": 0.94373619556427,
    "ligand_iptm": 0.94373619556427,
    "protein_iptm": 0.0,
    "complex_plddt": 0.944697916507721,
    "complex_iplddt": 0.9090744853019714,
    "complex_pde": 0.4585812985897064,
    "complex_ipde": 0.850639283657074,
    "chains_ptm": {
        "0": 0.946860671043396,
        "1": 0.962341845035553
    },
    "pair_chains_iptm": {
        "0": {
            "0": 0.946860671043396,
            "1": 0.63108229637146
        },
        "1": {
            "0": 0.94373619556427,
            "1": 0.962341845035553
        }
    }
}