{
    "confidence_score": 0.9522676467895508,
    "ptm": 0.9503582119941711,
    "iptm": 0.9653146266937256,
    "ligand_iptm": 0.9653146266937256,
    "protein_iptm": 0.0,
    "complex_plddt": 0.9490059018135071,
    "complex_iplddt": 0.9173992276191711,
    "complex_pde": 0.4256410002708435,
    "complex_ipde": 0.6518301367759705,
    "chains_ptm": {
        "0": 0.9497650265693665,
        "1": 0.9650887846946716
    },
    "pair_chains_iptm": {
        "0": {
            "0": 0.9497650265693665,
            "1": 0.5679675340652466
        },
        "1": {
            "0": 0.9653146266937256,
            "1": 0.9650887846946716
        }
    }
}