{
    "confidence_score": 0.9494703412055969,
    "ptm": 0.9618425965309143,
    "iptm": 0.9477426409721375,
    "ligand_iptm": 0.9477426409721375,
    "protein_iptm": 0.0,
    "complex_plddt": 0.9499022364616394,
    "complex_iplddt": 0.932430624961853,
    "complex_pde": 0.38614583015441895,
    "complex_ipde": 0.8716473579406738,
    "chains_ptm": {
        "0": 0.962439239025116,
        "1": 0.9671128988265991
    },
    "pair_chains_iptm": {
        "0": {
            "0": 0.962439239025116,
            "1": 0.502070426940918
        },
        "1": {
            "0": 0.9477426409721375,
            "1": 0.9671128988265991
        }
    }
}