{
    "confidence_score": 0.9405755400657654,
    "ptm": 0.9601907134056091,
    "iptm": 0.9728921055793762,
    "ligand_iptm": 0.9728921055793762,
    "protein_iptm": 0.0,
    "complex_plddt": 0.9324963092803955,
    "complex_iplddt": 0.8641144633293152,
    "complex_pde": 0.37831440567970276,
    "complex_ipde": 0.5428845882415771,
    "chains_ptm": {
        "0": 0.9596629738807678,
        "1": 0.9705104827880859
    },
    "pair_chains_iptm": {
        "0": {
            "0": 0.9596629738807678,
            "1": 0.7361817955970764
        },
        "1": {
            "0": 0.9728921055793762,
            "1": 0.9705104827880859
        }
    }
}