seed,sample,ranking_score
1,0,0.9245941401027934
1,1,0.937596092641381
1,2,0.934494785518696
1,3,0.926338393983397
1,4,0.925632001025241
