{
    "confidence_score": 0.959751546382904,
    "ptm": 0.9630600214004517,
    "iptm": 0.9764425158500671,
    "ligand_iptm": 0.9764425158500671,
    "protein_iptm": 0.0,
    "complex_plddt": 0.9555788040161133,
    "complex_iplddt": 0.9431171417236328,
    "complex_pde": 0.36943942308425903,
    "complex_ipde": 0.5172879099845886,
    "chains_ptm": {
        "0": 0.9624933004379272,
        "1": 0.9616299867630005
    },
    "pair_chains_iptm": {
        "0": {
            "0": 0.9624933004379272,
            "1": 0.6629639267921448
        },
        "1": {
            "0": 0.9764425158500671,
            "1": 0.9616299867630005
        }
    }
}