seed,sample,ranking_score
1,0,0.8530504043261153
1,1,0.8539822550666386
1,2,0.8739310607365136
1,3,0.8557036728162977
1,4,0.8628623895552696
