seed,sample,ranking_score
1,0,0.8601869955684031
1,1,0.8518175198625724
1,2,0.8684045306797757
1,3,0.8433621103530854
1,4,0.8690461874086869
