{
    "confidence_score": 0.9461953043937683,
    "ptm": 0.9500471353530884,
    "iptm": 0.9595826268196106,
    "ligand_iptm": 0.9595826268196106,
    "protein_iptm": 0.0,
    "complex_plddt": 0.9428484439849854,
    "complex_iplddt": 0.9282472729682922,
    "complex_pde": 0.44598791003227234,
    "complex_ipde": 0.7003695964813232,
    "chains_ptm": {
        "0": 0.9493666291236877,
        "1": 0.9457418918609619
    },
    "pair_chains_iptm": {
        "0": {
            "0": 0.9493666291236877,
            "1": 0.6693331599235535
        },
        "1": {
            "0": 0.9595826268196106,
            "1": 0.9457418918609619
        }
    }
}