seed,sample,ranking_score
1,0,0.950349753285217
1,1,0.9691971836480979
1,2,0.9685399553034687
1,3,0.9555225299500282
1,4,0.9598351048035161
