{
    "confidence_score": 0.9460674524307251,
    "ptm": 0.9405335187911987,
    "iptm": 0.922593355178833,
    "ligand_iptm": 0.922593355178833,
    "protein_iptm": 0.0,
    "complex_plddt": 0.951935887336731,
    "complex_iplddt": 0.9236931800842285,
    "complex_pde": 0.4863138496875763,
    "complex_ipde": 0.9664589166641235,
    "chains_ptm": {
        "0": 0.9418085217475891,
        "1": 0.9583762884140015
    },
    "pair_chains_iptm": {
        "0": {
            "0": 0.9418085217475891,
            "1": 0.5191220045089722
        },
        "1": {
            "0": 0.922593355178833,
            "1": 0.9583762884140015
        }
    }
}