{
    "confidence_score": 0.9534540176391602,
    "ptm": 0.9672123193740845,
    "iptm": 0.9739998579025269,
    "ligand_iptm": 0.9739998579025269,
    "protein_iptm": 0.0,
    "complex_plddt": 0.9483175873756409,
    "complex_iplddt": 0.9270979762077332,
    "complex_pde": 0.36156705021858215,
    "complex_ipde": 0.5636929273605347,
    "chains_ptm": {
        "0": 0.966949999332428,
        "1": 0.9397306442260742
    },
    "pair_chains_iptm": {
        "0": {
            "0": 0.966949999332428,
            "1": 0.6724948287010193
        },
        "1": {
            "0": 0.9739998579025269,
            "1": 0.9397306442260742
        }
    }
}