seed,sample,ranking_score
1,0,0.8499952263183463
1,1,0.861535619459555
1,2,0.8535319421540593
1,3,0.8615168269115775
1,4,0.8614727340464355
