seed,sample,ranking_score
1,0,0.7040618677889873
1,1,0.7451630101597885
1,2,0.7626758233527811
1,3,0.7459307717414445
1,4,0.6434524031704434
