{
    "confidence_score": 0.9515172839164734,
    "ptm": 0.9605510234832764,
    "iptm": 0.965084969997406,
    "ligand_iptm": 0.965084969997406,
    "protein_iptm": 0.0,
    "complex_plddt": 0.948125422000885,
    "complex_iplddt": 0.9163926243782043,
    "complex_pde": 0.40672075748443604,
    "complex_ipde": 0.622581422328949,
    "chains_ptm": {
        "0": 0.960240364074707,
        "1": 0.900692343711853
    },
    "pair_chains_iptm": {
        "0": {
            "0": 0.960240364074707,
            "1": 0.7078343033790588
        },
        "1": {
            "0": 0.965084969997406,
            "1": 0.900692343711853
        }
    }
}