{
    "confidence_score": 0.939629852771759,
    "ptm": 0.9664067029953003,
    "iptm": 0.9488134384155273,
    "ligand_iptm": 0.9488134384155273,
    "protein_iptm": 0.0,
    "complex_plddt": 0.9373339414596558,
    "complex_iplddt": 0.8949215412139893,
    "complex_pde": 0.3787437677383423,
    "complex_ipde": 0.7265639901161194,
    "chains_ptm": {
        "0": 0.9675973057746887,
        "1": 0.8973847031593323
    },
    "pair_chains_iptm": {
        "0": {
            "0": 0.9675973057746887,
            "1": 0.5135162472724915
        },
        "1": {
            "0": 0.9488134384155273,
            "1": 0.8973847031593323
        }
    }
}