{
    "confidence_score": 0.9434477686882019,
    "ptm": 0.9647772908210754,
    "iptm": 0.9048641324043274,
    "ligand_iptm": 0.9048641324043274,
    "protein_iptm": 0.0,
    "complex_plddt": 0.9530937075614929,
    "complex_iplddt": 0.917199969291687,
    "complex_pde": 0.3909192383289337,
    "complex_ipde": 1.2242333889007568,
    "chains_ptm": {
        "0": 0.9672864079475403,
        "1": 0.9815894961357117
    },
    "pair_chains_iptm": {
        "0": {
            "0": 0.9672864079475403,
            "1": 0.46683263778686523
        },
        "1": {
            "0": 0.9048641324043274,
            "1": 0.9815894961357117
        }
    }
}