{
    "confidence_score": 0.9172319769859314,
    "ptm": 0.9490842223167419,
    "iptm": 0.9400742650032043,
    "ligand_iptm": 0.9400742650032043,
    "protein_iptm": 0.0,
    "complex_plddt": 0.911521315574646,
    "complex_iplddt": 0.7803559303283691,
    "complex_pde": 0.46881982684135437,
    "complex_ipde": 0.8215174078941345,
    "chains_ptm": {
        "0": 0.9503753185272217,
        "1": 0.8916787505149841
    },
    "pair_chains_iptm": {
        "0": {
            "0": 0.9503753185272217,
            "1": 0.5568200945854187
        },
        "1": {
            "0": 0.9400742650032043,
            "1": 0.8916787505149841
        }
    }
}