{
    "confidence_score": 0.9388191103935242,
    "ptm": 0.9388041496276855,
    "iptm": 0.8745831251144409,
    "ligand_iptm": 0.8745831251144409,
    "protein_iptm": 0.0,
    "complex_plddt": 0.9548780918121338,
    "complex_iplddt": 0.939551591873169,
    "complex_pde": 0.5413991212844849,
    "complex_ipde": 1.7229007482528687,
    "chains_ptm": {
        "0": 0.9424698948860168,
        "1": 0.9631560444831848
    },
    "pair_chains_iptm": {
        "0": {
            "0": 0.9424698948860168,
            "1": 0.39757028222084045
        },
        "1": {
            "0": 0.8745831251144409,
            "1": 0.9631560444831848
        }
    }
}