{
    "confidence_score": 0.9385711550712585,
    "ptm": 0.9500415325164795,
    "iptm": 0.9134836792945862,
    "ligand_iptm": 0.9134836792945862,
    "protein_iptm": 0.0,
    "complex_plddt": 0.944843053817749,
    "complex_iplddt": 0.9293766617774963,
    "complex_pde": 0.45873966813087463,
    "complex_ipde": 1.0427459478378296,
    "chains_ptm": {
        "0": 0.9524235129356384,
        "1": 0.9504480361938477
    },
    "pair_chains_iptm": {
        "0": {
            "0": 0.9524235129356384,
            "1": 0.47030743956565857
        },
        "1": {
            "0": 0.9134836792945862,
            "1": 0.9504480361938477
        }
    }
}