{
    "confidence_score": 0.9226642847061157,
    "ptm": 0.9611892104148865,
    "iptm": 0.8793463706970215,
    "ligand_iptm": 0.8793463706970215,
    "protein_iptm": 0.0,
    "complex_plddt": 0.9334937334060669,
    "complex_iplddt": 0.890164852142334,
    "complex_pde": 0.441144198179245,
    "complex_ipde": 1.59028959274292,
    "chains_ptm": {
        "0": 0.9656104445457458,
        "1": 0.9617774486541748
    },
    "pair_chains_iptm": {
        "0": {
            "0": 0.9656104445457458,
            "1": 0.4365379810333252
        },
        "1": {
            "0": 0.8793463706970215,
            "1": 0.9617774486541748
        }
    }
}