{
    "confidence_score": 0.9355680346488953,
    "ptm": 0.946376383304596,
    "iptm": 0.893247127532959,
    "ligand_iptm": 0.893247127532959,
    "protein_iptm": 0.0,
    "complex_plddt": 0.9461483359336853,
    "complex_iplddt": 0.9279003143310547,
    "complex_pde": 0.500853955745697,
    "complex_ipde": 1.2665233612060547,
    "chains_ptm": {
        "0": 0.94981449842453,
        "1": 0.9517678618431091
    },
    "pair_chains_iptm": {
        "0": {
            "0": 0.94981449842453,
            "1": 0.44547441601753235
        },
        "1": {
            "0": 0.893247127532959,
            "1": 0.9517678618431091
        }
    }
}