seed,sample,ranking_score
44,0,0.9240859970884142
44,1,0.9199688602200782
44,2,0.8961352506890063
44,3,0.9090555063198665
44,4,0.9028847971109069
9,0,0.8891156225148656
9,1,0.882602581027066
9,2,0.8844196048837185
9,3,0.886993323810759
9,4,0.8708575035217588
80,0,0.8905690381845909
80,1,0.9005449485472171
80,2,0.8879808327352238
80,3,0.8920772305540946
80,4,0.8925182263417734
