{
    "confidence_score": 0.9194375276565552,
    "ptm": 0.938379168510437,
    "iptm": 0.9131091237068176,
    "ligand_iptm": 0.9131091237068176,
    "protein_iptm": 0.0,
    "complex_plddt": 0.9210196137428284,
    "complex_iplddt": 0.815827488899231,
    "complex_pde": 0.5102278590202332,
    "complex_ipde": 1.00380277633667,
    "chains_ptm": {
        "0": 0.940415620803833,
        "1": 0.9103730916976929
    },
    "pair_chains_iptm": {
        "0": {
            "0": 0.940415620803833,
            "1": 0.4885747730731964
        },
        "1": {
            "0": 0.9131091237068176,
            "1": 0.9103730916976929
        }
    }
}