{
    "confidence_score": 0.9394994974136353,
    "ptm": 0.938819169998169,
    "iptm": 0.9306629300117493,
    "ligand_iptm": 0.9306629300117493,
    "protein_iptm": 0.0,
    "complex_plddt": 0.9417085647583008,
    "complex_iplddt": 0.8972098231315613,
    "complex_pde": 0.5206083655357361,
    "complex_ipde": 0.9865273833274841,
    "chains_ptm": {
        "0": 0.9398316144943237,
        "1": 0.9131991267204285
    },
    "pair_chains_iptm": {
        "0": {
            "0": 0.9398316144943237,
            "1": 0.5320005416870117
        },
        "1": {
            "0": 0.9306629300117493,
            "1": 0.9131991267204285
        }
    }
}