{
    "confidence_score": 0.9343549609184265,
    "ptm": 0.946563720703125,
    "iptm": 0.8614892363548279,
    "ligand_iptm": 0.8614892363548279,
    "protein_iptm": 0.0,
    "complex_plddt": 0.952571451663971,
    "complex_iplddt": 0.9148046970367432,
    "complex_pde": 0.49704065918922424,
    "complex_ipde": 1.7351363897323608,
    "chains_ptm": {
        "0": 0.9497995376586914,
        "1": 0.9595220685005188
    },
    "pair_chains_iptm": {
        "0": {
            "0": 0.9497995376586914,
            "1": 0.34386926889419556
        },
        "1": {
            "0": 0.8614892363548279,
            "1": 0.9595220685005188
        }
    }
}