seed,sample,ranking_score
1,0,0.944873761646291
1,1,0.962102353684897
1,2,0.9608704061053787
1,3,0.9495423507109868
1,4,0.8562733567198025
