{
    "confidence_score": 0.9508423805236816,
    "ptm": 0.9416313171386719,
    "iptm": 0.9662450551986694,
    "ligand_iptm": 0.9662450551986694,
    "protein_iptm": 0.0,
    "complex_plddt": 0.9469917416572571,
    "complex_iplddt": 0.934516429901123,
    "complex_pde": 0.46249476075172424,
    "complex_ipde": 0.6842377185821533,
    "chains_ptm": {
        "0": 0.9397343397140503,
        "1": 0.9718679189682007
    },
    "pair_chains_iptm": {
        "0": {
            "0": 0.9397343397140503,
            "1": 0.7107172012329102
        },
        "1": {
            "0": 0.9662450551986694,
            "1": 0.9718679189682007
        }
    }
}