{
    "confidence_score": 0.9447528719902039,
    "ptm": 0.9585452675819397,
    "iptm": 0.9453216195106506,
    "ligand_iptm": 0.9453216195106506,
    "protein_iptm": 0.0,
    "complex_plddt": 0.9446107149124146,
    "complex_iplddt": 0.9287876486778259,
    "complex_pde": 0.4248138964176178,
    "complex_ipde": 0.7950649857521057,
    "chains_ptm": {
        "0": 0.9601156115531921,
        "1": 0.8826168179512024
    },
    "pair_chains_iptm": {
        "0": {
            "0": 0.9601156115531921,
            "1": 0.46156179904937744
        },
        "1": {
            "0": 0.9453216195106506,
            "1": 0.8826168179512024
        }
    }
}