{
    "confidence_score": 0.9403200149536133,
    "ptm": 0.9530445337295532,
    "iptm": 0.9275327920913696,
    "ligand_iptm": 0.9275327920913696,
    "protein_iptm": 0.0,
    "complex_plddt": 0.9435167908668518,
    "complex_iplddt": 0.9230811595916748,
    "complex_pde": 0.4353056848049164,
    "complex_ipde": 0.9300537705421448,
    "chains_ptm": {
        "0": 0.9547191262245178,
        "1": 0.9548646211624146
    },
    "pair_chains_iptm": {
        "0": {
            "0": 0.9547191262245178,
            "1": 0.509091317653656
        },
        "1": {
            "0": 0.9275327920913696,
            "1": 0.9548646211624146
        }
    }
}