seed,sample,ranking_score
1,0,0.9283384102604822
1,1,0.9293388593947629
1,2,0.9463254301710535
1,3,0.9239766870427958
1,4,0.931622803507685
