{
    "confidence_score": 0.9543795585632324,
    "ptm": 0.9636080861091614,
    "iptm": 0.9594778418540955,
    "ligand_iptm": 0.9594778418540955,
    "protein_iptm": 0.0,
    "complex_plddt": 0.9531049728393555,
    "complex_iplddt": 0.9157744646072388,
    "complex_pde": 0.3782437741756439,
    "complex_ipde": 0.669032096862793,
    "chains_ptm": {
        "0": 0.9639562368392944,
        "1": 0.9297398328781128
    },
    "pair_chains_iptm": {
        "0": {
            "0": 0.9639562368392944,
            "1": 0.6268608570098877
        },
        "1": {
            "0": 0.9594778418540955,
            "1": 0.9297398328781128
        }
    }
}