{
    "confidence_score": 0.948586642742157,
    "ptm": 0.9631426334381104,
    "iptm": 0.9353387355804443,
    "ligand_iptm": 0.9353387355804443,
    "protein_iptm": 0.0,
    "complex_plddt": 0.9518986344337463,
    "complex_iplddt": 0.9321463704109192,
    "complex_pde": 0.40718477964401245,
    "complex_ipde": 0.8395246267318726,
    "chains_ptm": {
        "0": 0.9665061831474304,
        "1": 0.9313104748725891
    },
    "pair_chains_iptm": {
        "0": {
            "0": 0.9665061831474304,
            "1": 0.6312283873558044
        },
        "1": {
            "0": 0.9353387355804443,
            "1": 0.9313104748725891
        }
    }
}