{
    "confidence_score": 0.9335706830024719,
    "ptm": 0.950311541557312,
    "iptm": 0.8805642127990723,
    "ligand_iptm": 0.8805642127990723,
    "protein_iptm": 0.0,
    "complex_plddt": 0.9468223452568054,
    "complex_iplddt": 0.9141836762428284,
    "complex_pde": 0.4549679756164551,
    "complex_ipde": 1.4910955429077148,
    "chains_ptm": {
        "0": 0.9530141949653625,
        "1": 0.9617955684661865
    },
    "pair_chains_iptm": {
        "0": {
            "0": 0.9530141949653625,
            "1": 0.37778833508491516
        },
        "1": {
            "0": 0.8805642127990723,
            "1": 0.9617955684661865
        }
    }
}