seed,sample,ranking_score
1,0,0.7706434682797738
1,1,0.8372994046579681
1,2,0.7546837624224356
1,3,0.7674065909020336
1,4,0.7949968554710064
