seed,sample,ranking_score
44,0,0.9365433452511875
44,1,0.9339659192867454
44,2,0.9031259574618147
44,3,0.9121667643026526
44,4,0.9244491324178038
9,0,0.9070368213052152
9,1,0.9070871553259084
9,2,0.912483068358219
9,3,0.912433676516325
9,4,0.9101935976496803
80,0,0.9094155824309532
80,1,0.9161128883443002
80,2,0.9077344251945494
80,3,0.9111163334582881
80,4,0.9077746371867759
