{
    "confidence_score": 0.9431442618370056,
    "ptm": 0.9531482458114624,
    "iptm": 0.968052089214325,
    "ligand_iptm": 0.968052089214325,
    "protein_iptm": 0.0,
    "complex_plddt": 0.9369173049926758,
    "complex_iplddt": 0.8920286893844604,
    "complex_pde": 0.4087332487106323,
    "complex_ipde": 0.5933091640472412,
    "chains_ptm": {
        "0": 0.9518976211547852,
        "1": 0.9596661329269409
    },
    "pair_chains_iptm": {
        "0": {
            "0": 0.9518976211547852,
            "1": 0.6699210405349731
        },
        "1": {
            "0": 0.968052089214325,
            "1": 0.9596661329269409
        }
    }
}