{
    "confidence_score": 0.9599484801292419,
    "ptm": 0.9483914971351624,
    "iptm": 0.9789947271347046,
    "ligand_iptm": 0.9789947271347046,
    "protein_iptm": 0.0,
    "complex_plddt": 0.9551869034767151,
    "complex_iplddt": 0.9414276480674744,
    "complex_pde": 0.4309680163860321,
    "complex_ipde": 0.5533233880996704,
    "chains_ptm": {
        "0": 0.9469147324562073,
        "1": 0.9423732757568359
    },
    "pair_chains_iptm": {
        "0": {
            "0": 0.9469147324562073,
            "1": 0.6080855131149292
        },
        "1": {
            "0": 0.9789947271347046,
            "1": 0.9423732757568359
        }
    }
}