{
    "confidence_score": 0.9439982771873474,
    "ptm": 0.9430719614028931,
    "iptm": 0.9158268570899963,
    "ligand_iptm": 0.9158268570899963,
    "protein_iptm": 0.0,
    "complex_plddt": 0.9510411024093628,
    "complex_iplddt": 0.9053938984870911,
    "complex_pde": 0.4948185384273529,
    "complex_ipde": 1.1802949905395508,
    "chains_ptm": {
        "0": 0.9445597529411316,
        "1": 0.9322722554206848
    },
    "pair_chains_iptm": {
        "0": {
            "0": 0.9445597529411316,
            "1": 0.4701959788799286
        },
        "1": {
            "0": 0.9158268570899963,
            "1": 0.9322722554206848
        }
    }
}