{
    "confidence_score": 0.9317552447319031,
    "ptm": 0.9374381899833679,
    "iptm": 0.9032424092292786,
    "ligand_iptm": 0.9032424092292786,
    "protein_iptm": 0.0,
    "complex_plddt": 0.9388834238052368,
    "complex_iplddt": 0.8831312656402588,
    "complex_pde": 0.5028324723243713,
    "complex_ipde": 1.1303268671035767,
    "chains_ptm": {
        "0": 0.9394624829292297,
        "1": 0.9448817372322083
    },
    "pair_chains_iptm": {
        "0": {
            "0": 0.9394624829292297,
            "1": 0.4906127154827118
        },
        "1": {
            "0": 0.9032424092292786,
            "1": 0.9448817372322083
        }
    }
}