{
    "confidence_score": 0.9337405562400818,
    "ptm": 0.9408701658248901,
    "iptm": 0.9534914493560791,
    "ligand_iptm": 0.9534914493560791,
    "protein_iptm": 0.0,
    "complex_plddt": 0.9288027882575989,
    "complex_iplddt": 0.8600181937217712,
    "complex_pde": 0.4909716844558716,
    "complex_ipde": 0.7807700634002686,
    "chains_ptm": {
        "0": 0.9402310848236084,
        "1": 0.9040488004684448
    },
    "pair_chains_iptm": {
        "0": {
            "0": 0.9402310848236084,
            "1": 0.5332410335540771
        },
        "1": {
            "0": 0.9534914493560791,
            "1": 0.9040488004684448
        }
    }
}