seed,sample,ranking_score
44,0,0.6965702176228402
44,1,0.7036696992115828
44,2,0.6993185287838991
44,3,0.7002923116831831
44,4,0.7149892764270942
9,0,0.6588746410597631
9,1,0.6426401427443665
9,2,0.6236065501066363
9,3,0.6656375977910313
9,4,0.6200804416584297
80,0,0.654154127063781
80,1,0.6586453105553232
80,2,0.6353652626932343
80,3,0.6547474102308974
80,4,0.669600740265894
