seed,sample,ranking_score
1,0,0.9399416265053562
1,1,0.9617715621711885
1,2,0.9610342181242756
1,3,0.9417254691565333
1,4,0.8541833333541502
