{
    "confidence_score": 0.9367989897727966,
    "ptm": 0.9586694836616516,
    "iptm": 0.9729378819465637,
    "ligand_iptm": 0.9729378819465637,
    "protein_iptm": 0.0,
    "complex_plddt": 0.9277642369270325,
    "complex_iplddt": 0.8694562911987305,
    "complex_pde": 0.39925694465637207,
    "complex_ipde": 0.553053081035614,
    "chains_ptm": {
        "0": 0.9576961994171143,
        "1": 0.9339162707328796
    },
    "pair_chains_iptm": {
        "0": {
            "0": 0.9576961994171143,
            "1": 0.6922122240066528
        },
        "1": {
            "0": 0.9729378819465637,
            "1": 0.9339162707328796
        }
    }
}