seed,sample,ranking_score
1,0,0.8261977561449837
1,1,0.839610978296516
1,2,0.8509976042069639
1,3,0.8265657980828739
1,4,0.8237096220673444
