{
    "confidence_score": 0.9340999722480774,
    "ptm": 0.9592584371566772,
    "iptm": 0.9197326898574829,
    "ligand_iptm": 0.9197326898574829,
    "protein_iptm": 0.0,
    "complex_plddt": 0.9376918077468872,
    "complex_iplddt": 0.8907206058502197,
    "complex_pde": 0.4108083248138428,
    "complex_ipde": 0.9979424476623535,
    "chains_ptm": {
        "0": 0.9614709615707397,
        "1": 0.9363569021224976
    },
    "pair_chains_iptm": {
        "0": {
            "0": 0.9614709615707397,
            "1": 0.4649043679237366
        },
        "1": {
            "0": 0.9197326898574829,
            "1": 0.9363569021224976
        }
    }
}