seed,sample,ranking_score
1,0,0.8102579799022298
1,1,0.828161578174197
1,2,0.8044086473284751
1,3,0.8039648479480599
1,4,0.8079476067636007
