{
    "confidence_score": 0.9546181559562683,
    "ptm": 0.9398930668830872,
    "iptm": 0.9730779528617859,
    "ligand_iptm": 0.9730779528617859,
    "protein_iptm": 0.0,
    "complex_plddt": 0.9500032067298889,
    "complex_iplddt": 0.938676655292511,
    "complex_pde": 0.4697512984275818,
    "complex_ipde": 0.6111783385276794,
    "chains_ptm": {
        "0": 0.936667263507843,
        "1": 0.9538910388946533
    },
    "pair_chains_iptm": {
        "0": {
            "0": 0.936667263507843,
            "1": 0.7281026244163513
        },
        "1": {
            "0": 0.9730779528617859,
            "1": 0.9538910388946533
        }
    }
}