{
    "confidence_score": 0.9467118382453918,
    "ptm": 0.9446495771408081,
    "iptm": 0.9422140717506409,
    "ligand_iptm": 0.9422140717506409,
    "protein_iptm": 0.0,
    "complex_plddt": 0.9478362202644348,
    "complex_iplddt": 0.9125052690505981,
    "complex_pde": 0.45697659254074097,
    "complex_ipde": 0.802192747592926,
    "chains_ptm": {
        "0": 0.9450746178627014,
        "1": 0.9047847986221313
    },
    "pair_chains_iptm": {
        "0": {
            "0": 0.9450746178627014,
            "1": 0.4361686110496521
        },
        "1": {
            "0": 0.9422140717506409,
            "1": 0.9047847986221313
        }
    }
}