{
    "confidence_score": 0.9510545134544373,
    "ptm": 0.9679498672485352,
    "iptm": 0.9192644953727722,
    "ligand_iptm": 0.9192644953727722,
    "protein_iptm": 0.0,
    "complex_plddt": 0.9590020179748535,
    "complex_iplddt": 0.9136581420898438,
    "complex_pde": 0.381218820810318,
    "complex_ipde": 1.278062343597412,
    "chains_ptm": {
        "0": 0.9697502851486206,
        "1": 0.989346981048584
    },
    "pair_chains_iptm": {
        "0": {
            "0": 0.9697502851486206,
            "1": 0.5696715116500854
        },
        "1": {
            "0": 0.9192644953727722,
            "1": 0.989346981048584
        }
    }
}