seed,sample,ranking_score
1,0,0.8925237525070562
1,1,0.8851957287950093
1,2,0.9167895209418727
1,3,0.8908319951117618
1,4,0.8995920000451243
