{
    "confidence_score": 0.9510787129402161,
    "ptm": 0.9508826732635498,
    "iptm": 0.9663805365562439,
    "ligand_iptm": 0.9663805365562439,
    "protein_iptm": 0.0,
    "complex_plddt": 0.9472532868385315,
    "complex_iplddt": 0.9335382580757141,
    "complex_pde": 0.42337316274642944,
    "complex_ipde": 0.6549306511878967,
    "chains_ptm": {
        "0": 0.9502223134040833,
        "1": 0.9383810758590698
    },
    "pair_chains_iptm": {
        "0": {
            "0": 0.9502223134040833,
            "1": 0.5084308981895447
        },
        "1": {
            "0": 0.9663805365562439,
            "1": 0.9383810758590698
        }
    }
}