{
    "confidence_score": 0.9468258023262024,
    "ptm": 0.9606972932815552,
    "iptm": 0.9676419496536255,
    "ligand_iptm": 0.9676419496536255,
    "protein_iptm": 0.0,
    "complex_plddt": 0.941621720790863,
    "complex_iplddt": 0.9098696112632751,
    "complex_pde": 0.3779847323894501,
    "complex_ipde": 0.5663798451423645,
    "chains_ptm": {
        "0": 0.9603742361068726,
        "1": 0.975234866142273
    },
    "pair_chains_iptm": {
        "0": {
            "0": 0.9603742361068726,
            "1": 0.69537752866745
        },
        "1": {
            "0": 0.9676419496536255,
            "1": 0.975234866142273
        }
    }
}