seed,sample,ranking_score
1,0,0.9029892329702616
1,1,0.8999560871309852
1,2,0.9212450789919764
1,3,0.904868896338849
1,4,0.9184677226335001
