seed,sample,ranking_score
1,0,0.8377260862660951
1,1,0.8783174031378097
1,2,0.8880706154123
1,3,0.8777084431149005
1,4,0.8638280045920159
