{
    "confidence_score": 0.9442803263664246,
    "ptm": 0.9583954215049744,
    "iptm": 0.9648004770278931,
    "ligand_iptm": 0.9648004770278931,
    "protein_iptm": 0.0,
    "complex_plddt": 0.9391502737998962,
    "complex_iplddt": 0.9047163724899292,
    "complex_pde": 0.39887335896492004,
    "complex_ipde": 0.636676549911499,
    "chains_ptm": {
        "0": 0.957972526550293,
        "1": 0.9556829333305359
    },
    "pair_chains_iptm": {
        "0": {
            "0": 0.957972526550293,
            "1": 0.6771696209907532
        },
        "1": {
            "0": 0.9648004770278931,
            "1": 0.9556829333305359
        }
    }
}