{
    "confidence_score": 0.9420671463012695,
    "ptm": 0.9667146801948547,
    "iptm": 0.921034574508667,
    "ligand_iptm": 0.921034574508667,
    "protein_iptm": 0.0,
    "complex_plddt": 0.9473253488540649,
    "complex_iplddt": 0.8864785432815552,
    "complex_pde": 0.3653147220611572,
    "complex_ipde": 0.9591104984283447,
    "chains_ptm": {
        "0": 0.9685008525848389,
        "1": 0.9787799119949341
    },
    "pair_chains_iptm": {
        "0": {
            "0": 0.9685008525848389,
            "1": 0.5147970914840698
        },
        "1": {
            "0": 0.921034574508667,
            "1": 0.9787799119949341
        }
    }
}