{
    "confidence_score": 0.9537326693534851,
    "ptm": 0.9659875631332397,
    "iptm": 0.9827919006347656,
    "ligand_iptm": 0.9827919006347656,
    "protein_iptm": 0.0,
    "complex_plddt": 0.946467936038971,
    "complex_iplddt": 0.9357426762580872,
    "complex_pde": 0.35962384939193726,
    "complex_ipde": 0.46006345748901367,
    "chains_ptm": {
        "0": 0.9652132987976074,
        "1": 0.9483312964439392
    },
    "pair_chains_iptm": {
        "0": {
            "0": 0.9652132987976074,
            "1": 0.6527690887451172
        },
        "1": {
            "0": 0.9827919006347656,
            "1": 0.9483312964439392
        }
    }
}