{
    "confidence_score": 0.9584359526634216,
    "ptm": 0.9561567902565002,
    "iptm": 0.9674757122993469,
    "ligand_iptm": 0.9674757122993469,
    "protein_iptm": 0.0,
    "complex_plddt": 0.9561759829521179,
    "complex_iplddt": 0.9088854789733887,
    "complex_pde": 0.40837758779525757,
    "complex_ipde": 0.5954763889312744,
    "chains_ptm": {
        "0": 0.955549955368042,
        "1": 0.9626727104187012
    },
    "pair_chains_iptm": {
        "0": {
            "0": 0.955549955368042,
            "1": 0.6768256425857544
        },
        "1": {
            "0": 0.9674757122993469,
            "1": 0.9626727104187012
        }
    }
}