{
    "confidence_score": 0.9488150477409363,
    "ptm": 0.9637172222137451,
    "iptm": 0.9572777152061462,
    "ligand_iptm": 0.9572777152061462,
    "protein_iptm": 0.0,
    "complex_plddt": 0.9466994404792786,
    "complex_iplddt": 0.9184185266494751,
    "complex_pde": 0.3786787688732147,
    "complex_ipde": 0.6930698752403259,
    "chains_ptm": {
        "0": 0.9641004204750061,
        "1": 0.9877749085426331
    },
    "pair_chains_iptm": {
        "0": {
            "0": 0.9641004204750061,
            "1": 0.6595010161399841
        },
        "1": {
            "0": 0.9572777152061462,
            "1": 0.9877749085426331
        }
    }
}