{
    "confidence_score": 0.9545761346817017,
    "ptm": 0.9639308452606201,
    "iptm": 0.941072404384613,
    "ligand_iptm": 0.941072404384613,
    "protein_iptm": 0.0,
    "complex_plddt": 0.9579520225524902,
    "complex_iplddt": 0.9301868081092834,
    "complex_pde": 0.38341039419174194,
    "complex_ipde": 1.0167850255966187,
    "chains_ptm": {
        "0": 0.964813768863678,
        "1": 0.9897460341453552
    },
    "pair_chains_iptm": {
        "0": {
            "0": 0.964813768863678,
            "1": 0.6126187443733215
        },
        "1": {
            "0": 0.941072404384613,
            "1": 0.9897460341453552
        }
    }
}