seed,sample,ranking_score
1,0,0.8698925213884796
1,1,0.8842040203782844
1,2,0.8561965654887012
1,3,0.8746115235405625
1,4,0.8670872630918514
