{
    "confidence_score": 0.9411258697509766,
    "ptm": 0.9543582797050476,
    "iptm": 0.9565601348876953,
    "ligand_iptm": 0.9565601348876953,
    "protein_iptm": 0.0,
    "complex_plddt": 0.9372672438621521,
    "complex_iplddt": 0.9196081161499023,
    "complex_pde": 0.42059236764907837,
    "complex_ipde": 0.7114706635475159,
    "chains_ptm": {
        "0": 0.9545831680297852,
        "1": 0.9196901321411133
    },
    "pair_chains_iptm": {
        "0": {
            "0": 0.9545831680297852,
            "1": 0.5882960557937622
        },
        "1": {
            "0": 0.9565601348876953,
            "1": 0.9196901321411133
        }
    }
}