seed,sample,ranking_score
1,0,0.7936649025102083
1,1,0.8179592084299662
1,2,0.8143946588765346
1,3,0.7868412294170108
1,4,0.7901161433783249
