seed,sample,ranking_score
1,0,0.9536539267654387
1,1,0.9781914397780062
1,2,0.9756642731708697
1,3,0.9544555800039567
1,4,0.9590424189025588
