seed,sample,ranking_score
1,0,0.8690117638271119
1,1,0.8825324614551395
1,2,0.8880476030142478
1,3,0.8650120033981213
1,4,0.8834065939451634
