seed,sample,ranking_score
1,0,0.824300344438947
1,1,0.8092482019092055
1,2,0.8164682802989193
1,3,0.8101244150259237
1,4,0.7647455926186935
