seed,sample,ranking_score
1,0,0.8352643026248902
1,1,0.8184171774472132
1,2,0.8592552820233572
1,3,0.8285096634870476
1,4,0.8452615116177115
