{
    "confidence_score": 0.9328368306159973,
    "ptm": 0.9399495124816895,
    "iptm": 0.915261447429657,
    "ligand_iptm": 0.915261447429657,
    "protein_iptm": 0.0,
    "complex_plddt": 0.93723064661026,
    "complex_iplddt": 0.8298446536064148,
    "complex_pde": 0.4946310222148895,
    "complex_ipde": 1.0422574281692505,
    "chains_ptm": {
        "0": 0.9416424632072449,
        "1": 0.9264951348304749
    },
    "pair_chains_iptm": {
        "0": {
            "0": 0.9416424632072449,
            "1": 0.5023805499076843
        },
        "1": {
            "0": 0.915261447429657,
            "1": 0.9264951348304749
        }
    }
}