seed,sample,ranking_score
44,0,0.5864898892208581
44,1,0.579982338497515
44,2,0.5377903882373846
44,3,0.5905279342355881
44,4,0.5545727280004918
9,0,0.5651512126091469
9,1,0.5477643477457818
9,2,0.5648744518514522
9,3,0.6382510182935558
9,4,0.5626409489449955
80,0,0.5567097021721766
80,1,0.555428075572426
80,2,0.5817749646147801
80,3,0.6037638215641945
80,4,0.579294201457012
