seed,sample,ranking_score
1,0,0.6273535481332104
1,1,0.6071237284049458
1,2,0.6589372787796718
1,3,0.6360338445251462
1,4,0.6342343234519275
