seed,sample,ranking_score
1,0,0.8091420739758063
1,1,0.8091432855776732
1,2,0.8356369767182261
1,3,0.8158529507602708
1,4,0.8197349591572944
