{
    "confidence_score": 0.9269723892211914,
    "ptm": 0.9582560062408447,
    "iptm": 0.955950140953064,
    "ligand_iptm": 0.955950140953064,
    "protein_iptm": 0.0,
    "complex_plddt": 0.9197279214859009,
    "complex_iplddt": 0.8114733695983887,
    "complex_pde": 0.40336623787879944,
    "complex_ipde": 0.6875398755073547,
    "chains_ptm": {
        "0": 0.9584373235702515,
        "1": 0.9103821516036987
    },
    "pair_chains_iptm": {
        "0": {
            "0": 0.9584373235702515,
            "1": 0.5122087001800537
        },
        "1": {
            "0": 0.955950140953064,
            "1": 0.9103821516036987
        }
    }
}