{
    "confidence_score": 0.9305780529975891,
    "ptm": 0.9351345896720886,
    "iptm": 0.8947367668151855,
    "ligand_iptm": 0.8947367668151855,
    "protein_iptm": 0.0,
    "complex_plddt": 0.9395383596420288,
    "complex_iplddt": 0.8639635443687439,
    "complex_pde": 0.5210027694702148,
    "complex_ipde": 1.2656670808792114,
    "chains_ptm": {
        "0": 0.9374735355377197,
        "1": 0.9519718289375305
    },
    "pair_chains_iptm": {
        "0": {
            "0": 0.9374735355377197,
            "1": 0.45420020818710327
        },
        "1": {
            "0": 0.8947367668151855,
            "1": 0.9519718289375305
        }
    }
}