{
    "confidence_score": 0.9216468930244446,
    "ptm": 0.962376058101654,
    "iptm": 0.8019835948944092,
    "ligand_iptm": 0.8019835948944092,
    "protein_iptm": 0.0,
    "complex_plddt": 0.951562762260437,
    "complex_iplddt": 0.8756956458091736,
    "complex_pde": 0.47748494148254395,
    "complex_ipde": 2.620515823364258,
    "chains_ptm": {
        "0": 0.9688306450843811,
        "1": 0.9426020979881287
    },
    "pair_chains_iptm": {
        "0": {
            "0": 0.9688306450843811,
            "1": 0.3269708454608917
        },
        "1": {
            "0": 0.8019835948944092,
            "1": 0.9426020979881287
        }
    }
}