seed,sample,ranking_score
1,0,0.8261470680166325
1,1,0.8251151458729045
1,2,0.8431605241953846
1,3,0.809381253872904
1,4,0.830584937723826
