seed,sample,ranking_score
1,0,0.9399658889253883
1,1,0.9606388344746584
1,2,0.9609642523742397
1,3,0.9416345807129047
1,4,0.8563069165191123
