seed,sample,ranking_score
1,0,0.9380582209168777
1,1,0.951054301054441
1,2,0.9532599592485291
1,3,0.9451809553564319
1,4,0.9400752818371492
