seed,sample,ranking_score
1,0,0.8492252967015245
1,1,0.8506768816507034
1,2,0.893719417605192
1,3,0.879821750298563
1,4,0.8676039857098173
