{
    "confidence_score": 0.9351224899291992,
    "ptm": 0.93673175573349,
    "iptm": 0.9127899408340454,
    "ligand_iptm": 0.9127899408340454,
    "protein_iptm": 0.0,
    "complex_plddt": 0.9407055974006653,
    "complex_iplddt": 0.896011471748352,
    "complex_pde": 0.507906436920166,
    "complex_ipde": 1.0878087282180786,
    "chains_ptm": {
        "0": 0.9383005499839783,
        "1": 0.9108111262321472
    },
    "pair_chains_iptm": {
        "0": {
            "0": 0.9383005499839783,
            "1": 0.49652621150016785
        },
        "1": {
            "0": 0.9127899408340454,
            "1": 0.9108111262321472
        }
    }
}