{
    "confidence_score": 0.9367513060569763,
    "ptm": 0.9573456645011902,
    "iptm": 0.9692558646202087,
    "ligand_iptm": 0.9692558646202087,
    "protein_iptm": 0.0,
    "complex_plddt": 0.9286251664161682,
    "complex_iplddt": 0.8748749494552612,
    "complex_pde": 0.39834827184677124,
    "complex_ipde": 0.5872640013694763,
    "chains_ptm": {
        "0": 0.9564621448516846,
        "1": 0.9623589515686035
    },
    "pair_chains_iptm": {
        "0": {
            "0": 0.9564621448516846,
            "1": 0.7216564416885376
        },
        "1": {
            "0": 0.9692558646202087,
            "1": 0.9623589515686035
        }
    }
}