seed,sample,ranking_score
1,0,0.9096594344955402
1,1,0.9235351233305421
1,2,0.9228865666489251
1,3,0.8464657732514977
1,4,0.888779949745625
