seed,sample,ranking_score
1,0,0.9572424232266005
1,1,0.9612278938996291
1,2,0.9747575269081835
1,3,0.9588896525057866
1,4,0.9482644472175707
