seed,sample,ranking_score
1,0,0.8922526943748943
1,1,0.841143603918355
1,2,0.8965329497200744
1,3,0.8855721665185801
1,4,0.8432214737720409
