{
    "confidence_score": 0.9402195811271667,
    "ptm": 0.9651157259941101,
    "iptm": 0.9636580348014832,
    "ligand_iptm": 0.9636580348014832,
    "protein_iptm": 0.0,
    "complex_plddt": 0.9343599677085876,
    "complex_iplddt": 0.8989582657814026,
    "complex_pde": 0.3773060739040375,
    "complex_ipde": 0.6078583002090454,
    "chains_ptm": {
        "0": 0.9654630422592163,
        "1": 0.9573061466217041
    },
    "pair_chains_iptm": {
        "0": {
            "0": 0.9654630422592163,
            "1": 0.7059436440467834
        },
        "1": {
            "0": 0.9636580348014832,
            "1": 0.9573061466217041
        }
    }
}