seed,sample,ranking_score
1,0,0.8890614871996556
1,1,0.8875565792988588
1,2,0.9182253060818573
1,3,0.886009733142562
1,4,0.8972523128200826
