seed,sample,ranking_score
1,0,0.8614638272783284
1,1,0.8730521777630481
1,2,0.8735788125156996
1,3,0.8623326137352274
1,4,0.8617658740193287
