seed,sample,ranking_score
1,0,0.9385399423944178
1,1,0.9451007778529666
1,2,0.9610830882984326
1,3,0.9413563004780252
1,4,0.942871116545075
