seed,sample,ranking_score
1,0,0.6126785549601542
1,1,0.6334156860582864
1,2,0.6197180642706537
1,3,0.5913838106972249
1,4,0.6206832936626958
