seed,sample,ranking_score
1,0,0.9090514879417636
1,1,0.9141599698690137
1,2,0.9316623148838998
1,3,0.9101706385253333
1,4,0.9187223511896913
