seed,sample,ranking_score
1,0,0.812860461231911
1,1,0.8022763554128542
1,2,0.8065281504727742
1,3,0.8003660400442808
1,4,0.7955682756885528
