{
    "confidence_score": 0.9464611411094666,
    "ptm": 0.9471441507339478,
    "iptm": 0.9263532161712646,
    "ligand_iptm": 0.9263532161712646,
    "protein_iptm": 0.0,
    "complex_plddt": 0.9514881372451782,
    "complex_iplddt": 0.9023388028144836,
    "complex_pde": 0.464167982339859,
    "complex_ipde": 0.9259656071662903,
    "chains_ptm": {
        "0": 0.9482861161231995,
        "1": 0.9415791630744934
    },
    "pair_chains_iptm": {
        "0": {
            "0": 0.9482861161231995,
            "1": 0.5327386856079102
        },
        "1": {
            "0": 0.9263532161712646,
            "1": 0.9415791630744934
        }
    }
}