{
    "confidence_score": 0.9446728825569153,
    "ptm": 0.9449302554130554,
    "iptm": 0.9510635733604431,
    "ligand_iptm": 0.9510635733604431,
    "protein_iptm": 0.0,
    "complex_plddt": 0.9430751800537109,
    "complex_iplddt": 0.9051722884178162,
    "complex_pde": 0.47638869285583496,
    "complex_ipde": 0.7822554111480713,
    "chains_ptm": {
        "0": 0.944580078125,
        "1": 0.9344021081924438
    },
    "pair_chains_iptm": {
        "0": {
            "0": 0.944580078125,
            "1": 0.6000732779502869
        },
        "1": {
            "0": 0.9510635733604431,
            "1": 0.9344021081924438
        }
    }
}