{
    "confidence_score": 0.9572013020515442,
    "ptm": 0.940872073173523,
    "iptm": 0.9883315563201904,
    "ligand_iptm": 0.9883315563201904,
    "protein_iptm": 0.0,
    "complex_plddt": 0.9494187235832214,
    "complex_iplddt": 0.9482688903808594,
    "complex_pde": 0.45587480068206787,
    "complex_ipde": 0.45460063219070435,
    "chains_ptm": {
        "0": 0.9387906193733215,
        "1": 0.9890310168266296
    },
    "pair_chains_iptm": {
        "0": {
            "0": 0.9387906193733215,
            "1": 0.7806749939918518
        },
        "1": {
            "0": 0.9883315563201904,
            "1": 0.9890310168266296
        }
    }
}