{
    "confidence_score": 0.9256173968315125,
    "ptm": 0.961079478263855,
    "iptm": 0.9615887403488159,
    "ligand_iptm": 0.9615887403488159,
    "protein_iptm": 0.0,
    "complex_plddt": 0.9166246056556702,
    "complex_iplddt": 0.8034888505935669,
    "complex_pde": 0.39375460147857666,
    "complex_ipde": 0.6496794819831848,
    "chains_ptm": {
        "0": 0.9611673951148987,
        "1": 0.9049054980278015
    },
    "pair_chains_iptm": {
        "0": {
            "0": 0.9611673951148987,
            "1": 0.5265921354293823
        },
        "1": {
            "0": 0.9615887403488159,
            "1": 0.9049054980278015
        }
    }
}