{
    "confidence_score": 0.9441203474998474,
    "ptm": 0.969784140586853,
    "iptm": 0.9422382712364197,
    "ligand_iptm": 0.9422382712364197,
    "protein_iptm": 0.0,
    "complex_plddt": 0.9445908665657043,
    "complex_iplddt": 0.9228964447975159,
    "complex_pde": 0.37706565856933594,
    "complex_ipde": 0.8632304072380066,
    "chains_ptm": {
        "0": 0.9713754653930664,
        "1": 0.9427328109741211
    },
    "pair_chains_iptm": {
        "0": {
            "0": 0.9713754653930664,
            "1": 0.5234143137931824
        },
        "1": {
            "0": 0.9422382712364197,
            "1": 0.9427328109741211
        }
    }
}