{
    "confidence_score": 0.9460717439651489,
    "ptm": 0.9598960280418396,
    "iptm": 0.9697507619857788,
    "ligand_iptm": 0.9697507619857788,
    "protein_iptm": 0.0,
    "complex_plddt": 0.9401519298553467,
    "complex_iplddt": 0.873666524887085,
    "complex_pde": 0.38203728199005127,
    "complex_ipde": 0.5757274627685547,
    "chains_ptm": {
        "0": 0.9591689109802246,
        "1": 0.9723005890846252
    },
    "pair_chains_iptm": {
        "0": {
            "0": 0.9591689109802246,
            "1": 0.7137042880058289
        },
        "1": {
            "0": 0.9697507619857788,
            "1": 0.9723005890846252
        }
    }
}