{
    "confidence_score": 0.9449638724327087,
    "ptm": 0.9407519102096558,
    "iptm": 0.9561911821365356,
    "ligand_iptm": 0.9561911821365356,
    "protein_iptm": 0.0,
    "complex_plddt": 0.9421570301055908,
    "complex_iplddt": 0.8933991193771362,
    "complex_pde": 0.4730096161365509,
    "complex_ipde": 0.7132591009140015,
    "chains_ptm": {
        "0": 0.9400981664657593,
        "1": 0.9131187796592712
    },
    "pair_chains_iptm": {
        "0": {
            "0": 0.9400981664657593,
            "1": 0.461786687374115
        },
        "1": {
            "0": 0.9561911821365356,
            "1": 0.9131187796592712
        }
    }
}