seed,sample,ranking_score
1,0,0.8856672149761339
1,1,0.900260444894993
1,2,0.8863249654873473
1,3,0.8818022433701287
1,4,0.8743806851351448
