{
    "confidence_score": 0.9499913454055786,
    "ptm": 0.9566417932510376,
    "iptm": 0.9270258545875549,
    "ligand_iptm": 0.9270258545875549,
    "protein_iptm": 0.0,
    "complex_plddt": 0.9557326436042786,
    "complex_iplddt": 0.8976010680198669,
    "complex_pde": 0.42834872007369995,
    "complex_ipde": 0.9556629657745361,
    "chains_ptm": {
        "0": 0.9584612250328064,
        "1": 0.9327221512794495
    },
    "pair_chains_iptm": {
        "0": {
            "0": 0.9584612250328064,
            "1": 0.48774412274360657
        },
        "1": {
            "0": 0.9270258545875549,
            "1": 0.9327221512794495
        }
    }
}