seed,sample,ranking_score
1,0,0.828122750956372
1,1,0.8430137332194644
1,2,0.8464176832449227
1,3,0.7762383008843803
1,4,0.7864994346088438
