seed,sample,ranking_score
1,0,0.8267381605736719
1,1,0.8072866781961098
1,2,0.8078469656689523
1,3,0.7892170255000037
1,4,0.8401132944911616
