{
    "confidence_score": 0.9522647261619568,
    "ptm": 0.9402220249176025,
    "iptm": 0.9261612892150879,
    "ligand_iptm": 0.9261612892150879,
    "protein_iptm": 0.0,
    "complex_plddt": 0.9587905406951904,
    "complex_iplddt": 0.9082235097885132,
    "complex_pde": 0.4692356586456299,
    "complex_ipde": 0.9109036922454834,
    "chains_ptm": {
        "0": 0.9409695267677307,
        "1": 0.9540829062461853
    },
    "pair_chains_iptm": {
        "0": {
            "0": 0.9409695267677307,
            "1": 0.4927590489387512
        },
        "1": {
            "0": 0.9261612892150879,
            "1": 0.9540829062461853
        }
    }
}