seed,sample,ranking_score
1,0,0.9052937521484701
1,1,0.897514260940906
1,2,0.9237954576891096
1,3,0.8848548199376438
1,4,0.9078824603281975
