{
    "confidence_score": 0.9360785484313965,
    "ptm": 0.9541867971420288,
    "iptm": 0.909557044506073,
    "ligand_iptm": 0.909557044506073,
    "protein_iptm": 0.0,
    "complex_plddt": 0.9427089691162109,
    "complex_iplddt": 0.8586364388465881,
    "complex_pde": 0.44021496176719666,
    "complex_ipde": 1.040738582611084,
    "chains_ptm": {
        "0": 0.9564715027809143,
        "1": 0.9426870942115784
    },
    "pair_chains_iptm": {
        "0": {
            "0": 0.9564715027809143,
            "1": 0.5133183598518372
        },
        "1": {
            "0": 0.909557044506073,
            "1": 0.9426870942115784
        }
    }
}