seed,sample,ranking_score
1,0,0.8317864449345491
1,1,0.816214028557621
1,2,0.8148197359080007
1,3,0.7889188536973722
1,4,0.8279982532982124
