{
    "confidence_score": 0.9531282782554626,
    "ptm": 0.9631342887878418,
    "iptm": 0.9643047451972961,
    "ligand_iptm": 0.9643047451972961,
    "protein_iptm": 0.0,
    "complex_plddt": 0.9503340721130371,
    "complex_iplddt": 0.9131121635437012,
    "complex_pde": 0.37365099787712097,
    "complex_ipde": 0.6009539365768433,
    "chains_ptm": {
        "0": 0.9631891250610352,
        "1": 0.9645403623580933
    },
    "pair_chains_iptm": {
        "0": {
            "0": 0.9631891250610352,
            "1": 0.571050226688385
        },
        "1": {
            "0": 0.9643047451972961,
            "1": 0.9645403623580933
        }
    }
}