seed,sample,ranking_score
1,0,0.8803641222837397
1,1,0.8679069966403634
1,2,0.8918613541762224
1,3,0.8755023454661066
1,4,0.878065454919275
