{
    "confidence_score": 0.9525546431541443,
    "ptm": 0.9620497822761536,
    "iptm": 0.983306348323822,
    "ligand_iptm": 0.983306348323822,
    "protein_iptm": 0.0,
    "complex_plddt": 0.9448667168617249,
    "complex_iplddt": 0.9390413761138916,
    "complex_pde": 0.3652570843696594,
    "complex_ipde": 0.4436053931713104,
    "chains_ptm": {
        "0": 0.9610334038734436,
        "1": 0.9485284686088562
    },
    "pair_chains_iptm": {
        "0": {
            "0": 0.9610334038734436,
            "1": 0.6486620306968689
        },
        "1": {
            "0": 0.983306348323822,
            "1": 0.9485284686088562
        }
    }
}