{
    "confidence_score": 0.9565114378929138,
    "ptm": 0.9563784003257751,
    "iptm": 0.9627086520195007,
    "ligand_iptm": 0.9627086520195007,
    "protein_iptm": 0.0,
    "complex_plddt": 0.9549621343612671,
    "complex_iplddt": 0.9305470585823059,
    "complex_pde": 0.39933186769485474,
    "complex_ipde": 0.6274276971817017,
    "chains_ptm": {
        "0": 0.9560618996620178,
        "1": 0.9717825651168823
    },
    "pair_chains_iptm": {
        "0": {
            "0": 0.9560618996620178,
            "1": 0.6715287566184998
        },
        "1": {
            "0": 0.9627086520195007,
            "1": 0.9717825651168823
        }
    }
}