{
    "confidence_score": 0.9467870593070984,
    "ptm": 0.9636445045471191,
    "iptm": 0.9797803163528442,
    "ligand_iptm": 0.9797803163528442,
    "protein_iptm": 0.0,
    "complex_plddt": 0.9385387301445007,
    "complex_iplddt": 0.9063085913658142,
    "complex_pde": 0.373343288898468,
    "complex_ipde": 0.4876052141189575,
    "chains_ptm": {
        "0": 0.9622620344161987,
        "1": 0.9631828665733337
    },
    "pair_chains_iptm": {
        "0": {
            "0": 0.9622620344161987,
            "1": 0.7680227756500244
        },
        "1": {
            "0": 0.9797803163528442,
            "1": 0.9631828665733337
        }
    }
}