{
    "confidence_score": 0.944595992565155,
    "ptm": 0.959464967250824,
    "iptm": 0.8778505921363831,
    "ligand_iptm": 0.8778505921363831,
    "protein_iptm": 0.0,
    "complex_plddt": 0.9612823724746704,
    "complex_iplddt": 0.9209657907485962,
    "complex_pde": 0.43642759323120117,
    "complex_ipde": 1.485293984413147,
    "chains_ptm": {
        "0": 0.9644567370414734,
        "1": 0.9393685460090637
    },
    "pair_chains_iptm": {
        "0": {
            "0": 0.9644567370414734,
            "1": 0.3497404158115387
        },
        "1": {
            "0": 0.8778505921363831,
            "1": 0.9393685460090637
        }
    }
}