{
    "confidence_score": 0.9332330822944641,
    "ptm": 0.9430353045463562,
    "iptm": 0.955583930015564,
    "ligand_iptm": 0.955583930015564,
    "protein_iptm": 0.0,
    "complex_plddt": 0.9276453852653503,
    "complex_iplddt": 0.8655208349227905,
    "complex_pde": 0.4904380440711975,
    "complex_ipde": 0.7591114640235901,
    "chains_ptm": {
        "0": 0.94218510389328,
        "1": 0.8766765594482422
    },
    "pair_chains_iptm": {
        "0": {
            "0": 0.94218510389328,
            "1": 0.5834541320800781
        },
        "1": {
            "0": 0.955583930015564,
            "1": 0.8766765594482422
        }
    }
}