seed,sample,ranking_score
1,0,0.7929219554380477
1,1,0.7986870369954067
1,2,0.7807894035770935
1,3,0.7834361003289525
1,4,0.8532284351229705
