{
    "confidence_score": 0.9663753509521484,
    "ptm": 0.9651005864143372,
    "iptm": 0.9568182229995728,
    "ligand_iptm": 0.9568182229995728,
    "protein_iptm": 0.0,
    "complex_plddt": 0.9687646627426147,
    "complex_iplddt": 0.9413701295852661,
    "complex_pde": 0.363111287355423,
    "complex_ipde": 0.6305949091911316,
    "chains_ptm": {
        "0": 0.9655892848968506,
        "1": 0.9602834582328796
    },
    "pair_chains_iptm": {
        "0": {
            "0": 0.9655892848968506,
            "1": 0.6024172902107239
        },
        "1": {
            "0": 0.9568182229995728,
            "1": 0.9602834582328796
        }
    }
}