{
    "confidence_score": 0.9513607025146484,
    "ptm": 0.9688310027122498,
    "iptm": 0.9588645100593567,
    "ligand_iptm": 0.9588645100593567,
    "protein_iptm": 0.0,
    "complex_plddt": 0.9494847655296326,
    "complex_iplddt": 0.903687596321106,
    "complex_pde": 0.35355880856513977,
    "complex_ipde": 0.6671693325042725,
    "chains_ptm": {
        "0": 0.969175398349762,
        "1": 0.9775468111038208
    },
    "pair_chains_iptm": {
        "0": {
            "0": 0.969175398349762,
            "1": 0.6136608719825745
        },
        "1": {
            "0": 0.9588645100593567,
            "1": 0.9775468111038208
        }
    }
}