seed,sample,ranking_score
1,0,0.8537052742030385
1,1,0.8227956536682247
1,2,0.8323865069648215
1,3,0.8319692188936049
1,4,0.8280271016113819
