seed,sample,ranking_score
44,0,0.8435147755444397
44,1,0.8561206372459605
44,2,0.8075527617988834
44,3,0.8121274264144303
44,4,0.8063462975841528
9,0,0.7951843828404945
9,1,0.8051482330870061
9,2,0.8055283023059618
9,3,0.8436310985883662
9,4,0.7950562232411829
80,0,0.7920986313328339
80,1,0.82457813842305
80,2,0.8240782430507119
80,3,0.8183401762575803
80,4,0.8398043120299247
