seed,sample,ranking_score
1,0,0.7910733379634016
1,1,0.8676007822584764
1,2,0.850530635654704
1,3,0.8598013893660466
1,4,0.8608789411976231
