seed,sample,ranking_score
1,0,0.8281288704674707
1,1,0.8568766629912734
1,2,0.8494780071179999
1,3,0.842537420901976
1,4,0.8265540679382256
