{
    "confidence_score": 0.9296385049819946,
    "ptm": 0.9629904627799988,
    "iptm": 0.9652841091156006,
    "ligand_iptm": 0.9652841091156006,
    "protein_iptm": 0.0,
    "complex_plddt": 0.920727014541626,
    "complex_iplddt": 0.8112079501152039,
    "complex_pde": 0.3791030943393707,
    "complex_ipde": 0.6048151850700378,
    "chains_ptm": {
        "0": 0.9632012248039246,
        "1": 0.9096571803092957
    },
    "pair_chains_iptm": {
        "0": {
            "0": 0.9632012248039246,
            "1": 0.6298595070838928
        },
        "1": {
            "0": 0.9652841091156006,
            "1": 0.9096571803092957
        }
    }
}