seed,sample,ranking_score
1,0,0.9173857954942927
1,1,0.9288560134021248
1,2,0.9355445978497058
1,3,0.9121760035094433
1,4,0.9147893722120656
