seed,sample,ranking_score
44,0,0.9871806906819459
44,1,0.990487318691557
44,2,0.9659212788930636
44,3,0.9754213303262028
44,4,0.9761815882475848
9,0,0.9623318357221095
9,1,0.9641846681143921
9,2,0.9636862047283359
9,3,0.9660292219246871
9,4,0.964287865128216
80,0,0.9616608403434164
80,1,0.9681767665282499
80,2,0.960964947212346
80,3,0.9626545709724894
80,4,0.9618177540145629
