seed,sample,ranking_score
1,0,0.8405720832455087
1,1,0.8368239043208131
1,2,0.865280587176453
1,3,0.8521155424418214
1,4,0.8601197437766396
