{
    "confidence_score": 0.9447102546691895,
    "ptm": 0.9589836001396179,
    "iptm": 0.9149630069732666,
    "ligand_iptm": 0.9149630069732666,
    "protein_iptm": 0.0,
    "complex_plddt": 0.9521470665931702,
    "complex_iplddt": 0.8986198306083679,
    "complex_pde": 0.4188607633113861,
    "complex_ipde": 1.1555159091949463,
    "chains_ptm": {
        "0": 0.9610205888748169,
        "1": 0.9266164302825928
    },
    "pair_chains_iptm": {
        "0": {
            "0": 0.9610205888748169,
            "1": 0.47244012355804443
        },
        "1": {
            "0": 0.9149630069732666,
            "1": 0.9266164302825928
        }
    }
}