{
    "confidence_score": 0.9342039227485657,
    "ptm": 0.9567990303039551,
    "iptm": 0.9348422884941101,
    "ligand_iptm": 0.9348422884941101,
    "protein_iptm": 0.0,
    "complex_plddt": 0.9340443015098572,
    "complex_iplddt": 0.8688867092132568,
    "complex_pde": 0.4150269031524658,
    "complex_ipde": 0.8177127838134766,
    "chains_ptm": {
        "0": 0.9581564664840698,
        "1": 0.9283515810966492
    },
    "pair_chains_iptm": {
        "0": {
            "0": 0.9581564664840698,
            "1": 0.48953402042388916
        },
        "1": {
            "0": 0.9348422884941101,
            "1": 0.9283515810966492
        }
    }
}