{
    "confidence_score": 0.9294306039810181,
    "ptm": 0.9635411500930786,
    "iptm": 0.874862551689148,
    "ligand_iptm": 0.874862551689148,
    "protein_iptm": 0.0,
    "complex_plddt": 0.9430725574493408,
    "complex_iplddt": 0.8548085689544678,
    "complex_pde": 0.42534497380256653,
    "complex_ipde": 1.409732460975647,
    "chains_ptm": {
        "0": 0.9687181115150452,
        "1": 0.9289584755897522
    },
    "pair_chains_iptm": {
        "0": {
            "0": 0.9687181115150452,
            "1": 0.410367488861084
        },
        "1": {
            "0": 0.874862551689148,
            "1": 0.9289584755897522
        }
    }
}