{
    "confidence_score": 0.9390234351158142,
    "ptm": 0.9630951285362244,
    "iptm": 0.9522475600242615,
    "ligand_iptm": 0.9522475600242615,
    "protein_iptm": 0.0,
    "complex_plddt": 0.9357174038887024,
    "complex_iplddt": 0.9246117472648621,
    "complex_pde": 0.3877204656600952,
    "complex_ipde": 0.683295488357544,
    "chains_ptm": {
        "0": 0.9643290042877197,
        "1": 0.8904671669006348
    },
    "pair_chains_iptm": {
        "0": {
            "0": 0.9643290042877197,
            "1": 0.5881310105323792
        },
        "1": {
            "0": 0.9522475600242615,
            "1": 0.8904671669006348
        }
    }
}