seed,sample,ranking_score
1,0,0.8123245483166152
1,1,0.8283701701959006
1,2,0.8044428847861755
1,3,0.8052125697131328
1,4,0.8092665347353434
