{
    "confidence_score": 0.9639677405357361,
    "ptm": 0.9458560943603516,
    "iptm": 0.9589899182319641,
    "ligand_iptm": 0.9589899182319641,
    "protein_iptm": 0.0,
    "complex_plddt": 0.9652121067047119,
    "complex_iplddt": 0.9553611278533936,
    "complex_pde": 0.45045411586761475,
    "complex_ipde": 0.7003694176673889,
    "chains_ptm": {
        "0": 0.9449810981750488,
        "1": 0.9293186664581299
    },
    "pair_chains_iptm": {
        "0": {
            "0": 0.9449810981750488,
            "1": 0.537226140499115
        },
        "1": {
            "0": 0.9589899182319641,
            "1": 0.9293186664581299
        }
    }
}