seed,sample,ranking_score
1,0,0.8568441352346217
1,1,0.8777262292960079
1,2,0.9427821895342263
1,3,0.9238634095334398
1,4,0.8802124014381502
