seed,sample,ranking_score
1,0,0.8622656234741681
1,1,0.8507351978576606
1,2,0.8721603907123671
1,3,0.8583378074477862
1,4,0.8614774292077171
