seed,sample,ranking_score
1,0,0.8661538642309435
1,1,0.8626023588783355
1,2,0.8948268353880544
1,3,0.868751288937063
1,4,0.877721071853885
