seed,sample,ranking_score
1,0,0.8082595312128735
1,1,0.8093846234643693
1,2,0.8349608626412052
1,3,0.8139876098478604
1,4,0.8197304303239625
