{
    "confidence_score": 0.9451588988304138,
    "ptm": 0.9616470336914062,
    "iptm": 0.9515379071235657,
    "ligand_iptm": 0.9515379071235657,
    "protein_iptm": 0.0,
    "complex_plddt": 0.9435640573501587,
    "complex_iplddt": 0.9236684441566467,
    "complex_pde": 0.405538946390152,
    "complex_ipde": 0.7112804055213928,
    "chains_ptm": {
        "0": 0.9629689455032349,
        "1": 0.9057049751281738
    },
    "pair_chains_iptm": {
        "0": {
            "0": 0.9629689455032349,
            "1": 0.6194103360176086
        },
        "1": {
            "0": 0.9515379071235657,
            "1": 0.9057049751281738
        }
    }
}