seed,sample,ranking_score
1,0,0.8383606300846411
1,1,0.8548115124229945
1,2,0.8614465398111045
1,3,0.8899317796835124
1,4,0.8510294913063842
