seed,sample,ranking_score
1,0,0.8175649994428364
1,1,0.816777534620176
1,2,0.8280122605131542
1,3,0.8073197949012741
1,4,0.8271668689489423
