{
    "confidence_score": 0.952880859375,
    "ptm": 0.9422284364700317,
    "iptm": 0.931227445602417,
    "ligand_iptm": 0.931227445602417,
    "protein_iptm": 0.0,
    "complex_plddt": 0.958294153213501,
    "complex_iplddt": 0.9040454626083374,
    "complex_pde": 0.477979838848114,
    "complex_ipde": 0.9054158926010132,
    "chains_ptm": {
        "0": 0.9429214000701904,
        "1": 0.9414361119270325
    },
    "pair_chains_iptm": {
        "0": {
            "0": 0.9429214000701904,
            "1": 0.45235300064086914
        },
        "1": {
            "0": 0.931227445602417,
            "1": 0.9414361119270325
        }
    }
}