{
    "confidence_score": 0.9349338412284851,
    "ptm": 0.9402691721916199,
    "iptm": 0.8637712001800537,
    "ligand_iptm": 0.8637712001800537,
    "protein_iptm": 0.0,
    "complex_plddt": 0.9527245759963989,
    "complex_iplddt": 0.8738425374031067,
    "complex_pde": 0.5119093060493469,
    "complex_ipde": 1.671528697013855,
    "chains_ptm": {
        "0": 0.943449079990387,
        "1": 0.9264755845069885
    },
    "pair_chains_iptm": {
        "0": {
            "0": 0.943449079990387,
            "1": 0.3574458658695221
        },
        "1": {
            "0": 0.8637712001800537,
            "1": 0.9264755845069885
        }
    }
}