{
    "confidence_score": 0.9534196853637695,
    "ptm": 0.9601557850837708,
    "iptm": 0.9710853099822998,
    "ligand_iptm": 0.9710853099822998,
    "protein_iptm": 0.0,
    "complex_plddt": 0.949003279209137,
    "complex_iplddt": 0.918476939201355,
    "complex_pde": 0.38706642389297485,
    "complex_ipde": 0.5662626624107361,
    "chains_ptm": {
        "0": 0.959419846534729,
        "1": 0.9589789509773254
    },
    "pair_chains_iptm": {
        "0": {
            "0": 0.959419846534729,
            "1": 0.6843901872634888
        },
        "1": {
            "0": 0.9710853099822998,
            "1": 0.9589789509773254
        }
    }
}