seed,sample,ranking_score
1,0,0.9322703900211045
1,1,0.9453886899054716
1,2,0.9432411274055663
1,3,0.927669009996452
1,4,0.9205984515634008
