{
    "confidence_score": 0.9403562545776367,
    "ptm": 0.9439421892166138,
    "iptm": 0.9494358897209167,
    "ligand_iptm": 0.9494358897209167,
    "protein_iptm": 0.0,
    "complex_plddt": 0.9380863308906555,
    "complex_iplddt": 0.9114574193954468,
    "complex_pde": 0.4810480773448944,
    "complex_ipde": 0.8356202244758606,
    "chains_ptm": {
        "0": 0.9435922503471375,
        "1": 0.8579273223876953
    },
    "pair_chains_iptm": {
        "0": {
            "0": 0.9435922503471375,
            "1": 0.5667028427124023
        },
        "1": {
            "0": 0.9494358897209167,
            "1": 0.8579273223876953
        }
    }
}