{
    "confidence_score": 0.9643452763557434,
    "ptm": 0.9455208778381348,
    "iptm": 0.9607105255126953,
    "ligand_iptm": 0.9607105255126953,
    "protein_iptm": 0.0,
    "complex_plddt": 0.9652539491653442,
    "complex_iplddt": 0.9475471377372742,
    "complex_pde": 0.451154500246048,
    "complex_ipde": 0.7372036576271057,
    "chains_ptm": {
        "0": 0.9448789954185486,
        "1": 0.9676591157913208
    },
    "pair_chains_iptm": {
        "0": {
            "0": 0.9448789954185486,
            "1": 0.6382306218147278
        },
        "1": {
            "0": 0.9607105255126953,
            "1": 0.9676591157913208
        }
    }
}