seed,sample,ranking_score
1,0,0.8478304281352647
1,1,0.8531056680156679
1,2,0.8630235877758138
1,3,0.8464165939843121
1,4,0.8435169829862267
