{
    "confidence_score": 0.9489390254020691,
    "ptm": 0.966079831123352,
    "iptm": 0.9626303911209106,
    "ligand_iptm": 0.9626303911209106,
    "protein_iptm": 0.0,
    "complex_plddt": 0.9455161690711975,
    "complex_iplddt": 0.9128502607345581,
    "complex_pde": 0.38207095861434937,
    "complex_ipde": 0.585559070110321,
    "chains_ptm": {
        "0": 0.9664785861968994,
        "1": 0.8848972916603088
    },
    "pair_chains_iptm": {
        "0": {
            "0": 0.9664785861968994,
            "1": 0.6445520520210266
        },
        "1": {
            "0": 0.9626303911209106,
            "1": 0.8848972916603088
        }
    }
}