seed,sample,ranking_score
1,0,0.8485196375428583
1,1,0.8224455460793699
1,2,0.8560077214268512
1,3,0.8515736604262283
1,4,0.8354113396654957
