seed,sample,ranking_score
1,0,0.8207240089550327
1,1,0.8093631664501635
1,2,0.8371453654166626
1,3,0.8273150068899155
1,4,0.8511271748953014
