{
    "confidence_score": 0.9546565413475037,
    "ptm": 0.9590062499046326,
    "iptm": 0.9401155114173889,
    "ligand_iptm": 0.9401155114173889,
    "protein_iptm": 0.0,
    "complex_plddt": 0.9582917094230652,
    "complex_iplddt": 0.9383901953697205,
    "complex_pde": 0.4043412208557129,
    "complex_ipde": 0.8328561782836914,
    "chains_ptm": {
        "0": 0.9599695801734924,
        "1": 0.9337323307991028
    },
    "pair_chains_iptm": {
        "0": {
            "0": 0.9599695801734924,
            "1": 0.4660848081111908
        },
        "1": {
            "0": 0.9401155114173889,
            "1": 0.9337323307991028
        }
    }
}