seed,sample,ranking_score
44,0,0.8493269261768296
44,1,0.8472843187263204
44,2,0.8309946337175095
44,3,0.8560671700305791
44,4,0.8380939157915831
9,0,0.8245625722878797
9,1,0.8322913264128334
9,2,0.8461538700860479
9,3,0.8343712866857407
9,4,0.8403811355537665
80,0,0.8284183495465299
80,1,0.8408154784746089
80,2,0.8235905538052977
80,3,0.836102156434623
80,4,0.8550890446723913
