seed,sample,ranking_score
44,0,0.9256229600138377
44,1,0.9244080095597378
44,2,0.8852189741511582
44,3,0.9200191864117744
44,4,0.9130017192073872
9,0,0.8747444705745302
9,1,0.8998945920175225
9,2,0.9076692744233095
9,3,0.9103409994227168
9,4,0.8815907969773025
80,0,0.9043467122744047
80,1,0.9168932599111774
80,2,0.8818039076167344
80,3,0.8942717550385534
80,4,0.9040746423043599
