seed,sample,ranking_score
1,0,0.9230655351210157
1,1,0.9459086695084188
1,2,0.943613521710798
1,3,0.9263297104384057
1,4,0.9352797290798663
