seed,sample,ranking_score
1,0,0.9203684525221085
1,1,0.9314071856165957
1,2,0.933318634443042
1,3,0.9232059389030149
1,4,0.8575634109707524
