{
    "confidence_score": 0.9267365336418152,
    "ptm": 0.9589073061943054,
    "iptm": 0.9262122511863708,
    "ligand_iptm": 0.9262122511863708,
    "protein_iptm": 0.0,
    "complex_plddt": 0.926867663860321,
    "complex_iplddt": 0.8437879681587219,
    "complex_pde": 0.4084828495979309,
    "complex_ipde": 0.8658719658851624,
    "chains_ptm": {
        "0": 0.9612547755241394,
        "1": 0.9380590915679932
    },
    "pair_chains_iptm": {
        "0": {
            "0": 0.9612547755241394,
            "1": 0.550875186920166
        },
        "1": {
            "0": 0.9262122511863708,
            "1": 0.9380590915679932
        }
    }
}