{
    "confidence_score": 0.9498042464256287,
    "ptm": 0.9694271683692932,
    "iptm": 0.9810122847557068,
    "ligand_iptm": 0.9810122847557068,
    "protein_iptm": 0.0,
    "complex_plddt": 0.9420021772384644,
    "complex_iplddt": 0.9174783825874329,
    "complex_pde": 0.3478500247001648,
    "complex_ipde": 0.47203806042671204,
    "chains_ptm": {
        "0": 0.968472421169281,
        "1": 0.9650489091873169
    },
    "pair_chains_iptm": {
        "0": {
            "0": 0.968472421169281,
            "1": 0.7836625576019287
        },
        "1": {
            "0": 0.9810122847557068,
            "1": 0.9650489091873169
        }
    }
}