seed,sample,ranking_score
1,0,0.8711695444323573
1,1,0.8790467789572644
1,2,0.9030368963629403
1,3,0.8841650928391048
1,4,0.87149221995564
