seed,sample,ranking_score
1,0,0.8386216241671927
1,1,0.8319278949695178
1,2,0.8241952668176966
1,3,0.8211395868624852
1,4,0.804936803813782
