seed,sample,ranking_score
1,0,0.7461100028730436
1,1,0.7601144016218485
1,2,0.743358676131214
1,3,0.6960361106381509
1,4,0.7432689805563248
