seed,sample,ranking_score
1,0,0.5990799834084215
1,1,0.6561800603251415
1,2,0.6358166110351068
1,3,0.6332426560804726
1,4,0.6163435498623796
