seed,sample,ranking_score
1,0,0.8922458961022548
1,1,0.8930441514656917
1,2,0.9104317225815911
1,3,0.8635236351901364
1,4,0.8959247818805098
