{
    "confidence_score": 0.9373928904533386,
    "ptm": 0.9470433592796326,
    "iptm": 0.8898822069168091,
    "ligand_iptm": 0.8898822069168091,
    "protein_iptm": 0.0,
    "complex_plddt": 0.9492705464363098,
    "complex_iplddt": 0.9154891967773438,
    "complex_pde": 0.49039047956466675,
    "complex_ipde": 1.691401720046997,
    "chains_ptm": {
        "0": 0.9492796063423157,
        "1": 0.9302411675453186
    },
    "pair_chains_iptm": {
        "0": {
            "0": 0.9492796063423157,
            "1": 0.341628760099411
        },
        "1": {
            "0": 0.8898822069168091,
            "1": 0.9302411675453186
        }
    }
}