{
    "confidence_score": 0.9424708485603333,
    "ptm": 0.9353880286216736,
    "iptm": 0.9175859093666077,
    "ligand_iptm": 0.9175859093666077,
    "protein_iptm": 0.0,
    "complex_plddt": 0.9486920833587646,
    "complex_iplddt": 0.9054042100906372,
    "complex_pde": 0.5107959508895874,
    "complex_ipde": 1.0655070543289185,
    "chains_ptm": {
        "0": 0.9362918138504028,
        "1": 0.9671049118041992
    },
    "pair_chains_iptm": {
        "0": {
            "0": 0.9362918138504028,
            "1": 0.5301145315170288
        },
        "1": {
            "0": 0.9175859093666077,
            "1": 0.9671049118041992
        }
    }
}