{
    "confidence_score": 0.9541794061660767,
    "ptm": 0.9652726650238037,
    "iptm": 0.9318113327026367,
    "ligand_iptm": 0.9318113327026367,
    "protein_iptm": 0.0,
    "complex_plddt": 0.9597713947296143,
    "complex_iplddt": 0.9202993512153625,
    "complex_pde": 0.38409560918807983,
    "complex_ipde": 0.8718825578689575,
    "chains_ptm": {
        "0": 0.967332124710083,
        "1": 0.9598811864852905
    },
    "pair_chains_iptm": {
        "0": {
            "0": 0.967332124710083,
            "1": 0.526608407497406
        },
        "1": {
            "0": 0.9318113327026367,
            "1": 0.9598811864852905
        }
    }
}