seed,sample,ranking_score
1,0,0.9147980875199846
1,1,0.9263349461246775
1,2,0.9202393036616139
1,3,0.9101963628411911
1,4,0.9155955135068761
