seed,sample,ranking_score
1,0,0.696826739578517
1,1,0.7017406870307912
1,2,0.7567467184650672
1,3,0.7052693051508796
1,4,0.7118049165941512
