seed,sample,ranking_score
1,0,0.831967502993349
1,1,0.8159042783420026
1,2,0.8148871820163606
1,3,0.7906546324015801
1,4,0.8284212007588172
