{
    "confidence_score": 0.948291003704071,
    "ptm": 0.9471200704574585,
    "iptm": 0.9588260054588318,
    "ligand_iptm": 0.9588260054588318,
    "protein_iptm": 0.0,
    "complex_plddt": 0.9456573128700256,
    "complex_iplddt": 0.916193962097168,
    "complex_pde": 0.4467662274837494,
    "complex_ipde": 0.7049158215522766,
    "chains_ptm": {
        "0": 0.9462486505508423,
        "1": 0.9578827023506165
    },
    "pair_chains_iptm": {
        "0": {
            "0": 0.9462486505508423,
            "1": 0.6427560448646545
        },
        "1": {
            "0": 0.9588260054588318,
            "1": 0.9578827023506165
        }
    }
}