seed,sample,ranking_score
1,0,0.8237449049790978
1,1,0.8444971849881665
1,2,0.8357728288948171
1,3,0.8548924651839723
1,4,0.8367702327402907
