seed,sample,ranking_score
1,0,0.9124286625642493
1,1,0.9361755134872626
1,2,0.9323446793244435
1,3,0.9170192393504834
1,4,0.9155748999936788
