seed,sample,ranking_score
1,0,0.8110232834151607
1,1,0.8317289912901195
1,2,0.8120860887387787
1,3,0.7920852804088923
1,4,0.8085446533734391
