seed,sample,ranking_score
1,0,0.7865635636571183
1,1,0.7695403821726753
1,2,0.7877991940930025
1,3,0.7901998806578496
1,4,0.8021828235485362
