seed,sample,ranking_score
1,0,0.8991522910089427
1,1,0.9132614857062423
1,2,0.9130219356930702
1,3,0.89216985755903
1,4,0.8982267828184003
