{
    "confidence_score": 0.9312486052513123,
    "ptm": 0.955960750579834,
    "iptm": 0.9425442814826965,
    "ligand_iptm": 0.9425442814826965,
    "protein_iptm": 0.0,
    "complex_plddt": 0.9284246563911438,
    "complex_iplddt": 0.8792173862457275,
    "complex_pde": 0.41882818937301636,
    "complex_ipde": 0.8545151948928833,
    "chains_ptm": {
        "0": 0.9569311738014221,
        "1": 0.9572084546089172
    },
    "pair_chains_iptm": {
        "0": {
            "0": 0.9569311738014221,
            "1": 0.558914840221405
        },
        "1": {
            "0": 0.9425442814826965,
            "1": 0.9572084546089172
        }
    }
}