{
    "confidence_score": 0.9285068511962891,
    "ptm": 0.9395748972892761,
    "iptm": 0.9387820363044739,
    "ligand_iptm": 0.9387820363044739,
    "protein_iptm": 0.0,
    "complex_plddt": 0.925938069820404,
    "complex_iplddt": 0.8362947106361389,
    "complex_pde": 0.4926007390022278,
    "complex_ipde": 0.8304052352905273,
    "chains_ptm": {
        "0": 0.9399503469467163,
        "1": 0.9245286583900452
    },
    "pair_chains_iptm": {
        "0": {
            "0": 0.9399503469467163,
            "1": 0.5614637732505798
        },
        "1": {
            "0": 0.9387820363044739,
            "1": 0.9245286583900452
        }
    }
}