{
    "confidence_score": 0.9449760317802429,
    "ptm": 0.96240234375,
    "iptm": 0.9527801275253296,
    "ligand_iptm": 0.9527801275253296,
    "protein_iptm": 0.0,
    "complex_plddt": 0.9430250525474548,
    "complex_iplddt": 0.9049245715141296,
    "complex_pde": 0.40043675899505615,
    "complex_ipde": 0.7225046157836914,
    "chains_ptm": {
        "0": 0.9633106589317322,
        "1": 0.9119476079940796
    },
    "pair_chains_iptm": {
        "0": {
            "0": 0.9633106589317322,
            "1": 0.6378140449523926
        },
        "1": {
            "0": 0.9527801275253296,
            "1": 0.9119476079940796
        }
    }
}