{
    "confidence_score": 0.9630506634712219,
    "ptm": 0.9723783731460571,
    "iptm": 0.9691578149795532,
    "ligand_iptm": 0.9691578149795532,
    "protein_iptm": 0.0,
    "complex_plddt": 0.9615238904953003,
    "complex_iplddt": 0.9404106736183167,
    "complex_pde": 0.3373773992061615,
    "complex_ipde": 0.5840123891830444,
    "chains_ptm": {
        "0": 0.9726197719573975,
        "1": 0.9395074844360352
    },
    "pair_chains_iptm": {
        "0": {
            "0": 0.9726197719573975,
            "1": 0.5202222466468811
        },
        "1": {
            "0": 0.9691578149795532,
            "1": 0.9395074844360352
        }
    }
}