{
    "confidence_score": 0.9561784863471985,
    "ptm": 0.9681841135025024,
    "iptm": 0.9628515243530273,
    "ligand_iptm": 0.9628515243530273,
    "protein_iptm": 0.0,
    "complex_plddt": 0.9545102119445801,
    "complex_iplddt": 0.9322372674942017,
    "complex_pde": 0.36343076825141907,
    "complex_ipde": 0.6132237315177917,
    "chains_ptm": {
        "0": 0.9685463905334473,
        "1": 0.9408561587333679
    },
    "pair_chains_iptm": {
        "0": {
            "0": 0.9685463905334473,
            "1": 0.6335015892982483
        },
        "1": {
            "0": 0.9628515243530273,
            "1": 0.9408561587333679
        }
    }
}