seed,sample,ranking_score
1,0,0.9495423428006129
1,1,0.9385460352707056
1,2,0.9720189394767441
1,3,0.9495547251982132
1,4,0.9598119565529267
