{
    "confidence_score": 0.9506956338882446,
    "ptm": 0.9611245393753052,
    "iptm": 0.9718149304389954,
    "ligand_iptm": 0.9718149304389954,
    "protein_iptm": 0.0,
    "complex_plddt": 0.945415735244751,
    "complex_iplddt": 0.9035350680351257,
    "complex_pde": 0.38183727860450745,
    "complex_ipde": 0.5623095631599426,
    "chains_ptm": {
        "0": 0.9605398178100586,
        "1": 0.9704679846763611
    },
    "pair_chains_iptm": {
        "0": {
            "0": 0.9605398178100586,
            "1": 0.695387065410614
        },
        "1": {
            "0": 0.9718149304389954,
            "1": 0.9704679846763611
        }
    }
}