{
    "confidence_score": 0.9609609842300415,
    "ptm": 0.9596947431564331,
    "iptm": 0.9853063821792603,
    "ligand_iptm": 0.9853063821792603,
    "protein_iptm": 0.0,
    "complex_plddt": 0.954874575138092,
    "complex_iplddt": 0.9505968689918518,
    "complex_pde": 0.3814420700073242,
    "complex_ipde": 0.45671308040618896,
    "chains_ptm": {
        "0": 0.9585773348808289,
        "1": 0.9345444440841675
    },
    "pair_chains_iptm": {
        "0": {
            "0": 0.9585773348808289,
            "1": 0.6019716262817383
        },
        "1": {
            "0": 0.9853063821792603,
            "1": 0.9345444440841675
        }
    }
}