seed,sample,ranking_score
1,0,0.7437204945104372
1,1,0.8020571726593063
1,2,0.792130901392801
1,3,0.7810721509042853
1,4,0.8096077767405935
