seed,sample,ranking_score
1,0,0.9021137995262288
1,1,0.9153158121276856
1,2,0.9229626893095767
1,3,0.8824420451950235
1,4,0.9182134765553106
