{
    "confidence_score": 0.9363617300987244,
    "ptm": 0.9329342842102051,
    "iptm": 0.9015784859657288,
    "ligand_iptm": 0.9015784859657288,
    "protein_iptm": 0.0,
    "complex_plddt": 0.9450575113296509,
    "complex_iplddt": 0.920283317565918,
    "complex_pde": 0.5292783379554749,
    "complex_ipde": 1.297276496887207,
    "chains_ptm": {
        "0": 0.9343140125274658,
        "1": 0.9798402190208435
    },
    "pair_chains_iptm": {
        "0": {
            "0": 0.9343140125274658,
            "1": 0.4492681324481964
        },
        "1": {
            "0": 0.9015784859657288,
            "1": 0.9798402190208435
        }
    }
}