seed,sample,ranking_score
1,0,0.8504639945094356
1,1,0.8650287457398923
1,2,0.8807462999770712
1,3,0.8638942130575323
1,4,0.8600551611949228
