seed,sample,ranking_score
1,0,0.9279396728514577
1,1,0.9268363153488526
1,2,0.9355073968200108
1,3,0.9266577654158283
1,4,0.9273496237433381
