{
    "confidence_score": 0.9363056421279907,
    "ptm": 0.9702547192573547,
    "iptm": 0.882144570350647,
    "ligand_iptm": 0.882144570350647,
    "protein_iptm": 0.0,
    "complex_plddt": 0.9498458504676819,
    "complex_iplddt": 0.9126713275909424,
    "complex_pde": 0.3972753584384918,
    "complex_ipde": 1.7272064685821533,
    "chains_ptm": {
        "0": 0.9736623764038086,
        "1": 0.9284682869911194
    },
    "pair_chains_iptm": {
        "0": {
            "0": 0.9736623764038086,
            "1": 0.3621419072151184
        },
        "1": {
            "0": 0.882144570350647,
            "1": 0.9284682869911194
        }
    }
}