seed,sample,ranking_score
1,0,0.8286663529454426
1,1,0.8251117299215251
1,2,0.8283620037847315
1,3,0.8243258548035916
1,4,0.8142250105030086
