{
    "confidence_score": 0.9160007834434509,
    "ptm": 0.9483401775360107,
    "iptm": 0.8957400918006897,
    "ligand_iptm": 0.8957400918006897,
    "protein_iptm": 0.0,
    "complex_plddt": 0.9210658669471741,
    "complex_iplddt": 0.8564369678497314,
    "complex_pde": 0.483691543340683,
    "complex_ipde": 1.1472842693328857,
    "chains_ptm": {
        "0": 0.9527350664138794,
        "1": 0.9174044728279114
    },
    "pair_chains_iptm": {
        "0": {
            "0": 0.9527350664138794,
            "1": 0.5673274397850037
        },
        "1": {
            "0": 0.8957400918006897,
            "1": 0.9174044728279114
        }
    }
}