{
    "confidence_score": 0.9417549967765808,
    "ptm": 0.9645956158638,
    "iptm": 0.9653707146644592,
    "ligand_iptm": 0.9653707146644592,
    "protein_iptm": 0.0,
    "complex_plddt": 0.9358510971069336,
    "complex_iplddt": 0.8777837157249451,
    "complex_pde": 0.37800171971321106,
    "complex_ipde": 0.6058123707771301,
    "chains_ptm": {
        "0": 0.964602530002594,
        "1": 0.9192830324172974
    },
    "pair_chains_iptm": {
        "0": {
            "0": 0.964602530002594,
            "1": 0.6306803226470947
        },
        "1": {
            "0": 0.9653707146644592,
            "1": 0.9192830324172974
        }
    }
}