{
    "confidence_score": 0.924487292766571,
    "ptm": 0.9623329639434814,
    "iptm": 0.9559507369995117,
    "ligand_iptm": 0.9559507369995117,
    "protein_iptm": 0.0,
    "complex_plddt": 0.9166214466094971,
    "complex_iplddt": 0.810018002986908,
    "complex_pde": 0.38977959752082825,
    "complex_ipde": 0.6824046969413757,
    "chains_ptm": {
        "0": 0.9628121852874756,
        "1": 0.9112030863761902
    },
    "pair_chains_iptm": {
        "0": {
            "0": 0.9628121852874756,
            "1": 0.5260365009307861
        },
        "1": {
            "0": 0.9559507369995117,
            "1": 0.9112030863761902
        }
    }
}