{
    "confidence_score": 0.9450316429138184,
    "ptm": 0.9570421576499939,
    "iptm": 0.9598107933998108,
    "ligand_iptm": 0.9598107933998108,
    "protein_iptm": 0.0,
    "complex_plddt": 0.9413368105888367,
    "complex_iplddt": 0.9118508696556091,
    "complex_pde": 0.39969953894615173,
    "complex_ipde": 0.6480351686477661,
    "chains_ptm": {
        "0": 0.9569979310035706,
        "1": 0.9736108183860779
    },
    "pair_chains_iptm": {
        "0": {
            "0": 0.9569979310035706,
            "1": 0.6448725461959839
        },
        "1": {
            "0": 0.9598107933998108,
            "1": 0.9736108183860779
        }
    }
}