{
    "confidence_score": 0.9369364976882935,
    "ptm": 0.9443740844726562,
    "iptm": 0.9033809900283813,
    "ligand_iptm": 0.9033809900283813,
    "protein_iptm": 0.0,
    "complex_plddt": 0.9453253149986267,
    "complex_iplddt": 0.9314993023872375,
    "complex_pde": 0.4884318709373474,
    "complex_ipde": 1.229365348815918,
    "chains_ptm": {
        "0": 0.9463328123092651,
        "1": 0.9338462352752686
    },
    "pair_chains_iptm": {
        "0": {
            "0": 0.9463328123092651,
            "1": 0.4285474121570587
        },
        "1": {
            "0": 0.9033809900283813,
            "1": 0.9338462352752686
        }
    }
}