{
    "confidence_score": 0.9486870765686035,
    "ptm": 0.9539698362350464,
    "iptm": 0.907927930355072,
    "ligand_iptm": 0.907927930355072,
    "protein_iptm": 0.0,
    "complex_plddt": 0.95887690782547,
    "complex_iplddt": 0.9134968519210815,
    "complex_pde": 0.44660672545433044,
    "complex_ipde": 1.1745086908340454,
    "chains_ptm": {
        "0": 0.9568198323249817,
        "1": 0.9289684295654297
    },
    "pair_chains_iptm": {
        "0": {
            "0": 0.9568198323249817,
            "1": 0.4944106936454773
        },
        "1": {
            "0": 0.907927930355072,
            "1": 0.9289684295654297
        }
    }
}