seed,sample,ranking_score
1,0,0.5919498511256389
1,1,0.6251394132065731
1,2,0.557128173990845
1,3,0.5713121872334351
1,4,0.5553786960360999
