{
    "confidence_score": 0.9406504034996033,
    "ptm": 0.9527384638786316,
    "iptm": 0.9637531638145447,
    "ligand_iptm": 0.9637531638145447,
    "protein_iptm": 0.0,
    "complex_plddt": 0.9348747134208679,
    "complex_iplddt": 0.8909124732017517,
    "complex_pde": 0.4389258325099945,
    "complex_ipde": 0.6709412336349487,
    "chains_ptm": {
        "0": 0.951901912689209,
        "1": 0.9093798995018005
    },
    "pair_chains_iptm": {
        "0": {
            "0": 0.951901912689209,
            "1": 0.6027695536613464
        },
        "1": {
            "0": 0.9637531638145447,
            "1": 0.9093798995018005
        }
    }
}