seed,sample,ranking_score
1,0,0.6475217683250356
1,1,0.5020604266253905
1,2,0.5815877129124647
1,3,0.598172399128354
1,4,0.5555122425138043
