seed,sample,ranking_score
44,0,0.962115588044842
44,1,0.9635249581816482
44,2,0.937939876587018
44,3,0.9504919736147269
44,4,0.947884014819855
9,0,0.936302149343752
9,1,0.940653950574277
9,2,0.9398668011617893
9,3,0.9409599245749527
9,4,0.9354317850416359
80,0,0.9394893923319805
80,1,0.9467283500676282
80,2,0.9379879596348437
80,3,0.9387841340610253
80,4,0.9369826665363887
