{
    "confidence_score": 0.9423931241035461,
    "ptm": 0.9448081254959106,
    "iptm": 0.9432003498077393,
    "ligand_iptm": 0.9432003498077393,
    "protein_iptm": 0.0,
    "complex_plddt": 0.9421912431716919,
    "complex_iplddt": 0.8818566799163818,
    "complex_pde": 0.4594891369342804,
    "complex_ipde": 0.783004641532898,
    "chains_ptm": {
        "0": 0.9451224207878113,
        "1": 0.9328442811965942
    },
    "pair_chains_iptm": {
        "0": {
            "0": 0.9451224207878113,
            "1": 0.5793100595474243
        },
        "1": {
            "0": 0.9432003498077393,
            "1": 0.9328442811965942
        }
    }
}