{
    "confidence_score": 0.9388887286186218,
    "ptm": 0.9636602401733398,
    "iptm": 0.9041582942008972,
    "ligand_iptm": 0.9041582942008972,
    "protein_iptm": 0.0,
    "complex_plddt": 0.9475713968276978,
    "complex_iplddt": 0.930092990398407,
    "complex_pde": 0.4032517671585083,
    "complex_ipde": 1.1352900266647339,
    "chains_ptm": {
        "0": 0.9669362306594849,
        "1": 0.9222503900527954
    },
    "pair_chains_iptm": {
        "0": {
            "0": 0.9669362306594849,
            "1": 0.4192032516002655
        },
        "1": {
            "0": 0.9041582942008972,
            "1": 0.9222503900527954
        }
    }
}