{
    "confidence_score": 0.9401142001152039,
    "ptm": 0.9643283486366272,
    "iptm": 0.966227114200592,
    "ligand_iptm": 0.966227114200592,
    "protein_iptm": 0.0,
    "complex_plddt": 0.9335860013961792,
    "complex_iplddt": 0.902557909488678,
    "complex_pde": 0.3930695652961731,
    "complex_ipde": 0.6232095956802368,
    "chains_ptm": {
        "0": 0.9643193483352661,
        "1": 0.9378041625022888
    },
    "pair_chains_iptm": {
        "0": {
            "0": 0.9643193483352661,
            "1": 0.7071091532707214
        },
        "1": {
            "0": 0.966227114200592,
            "1": 0.9378041625022888
        }
    }
}