seed,sample,ranking_score
1,0,0.9561445131948167
1,1,0.9747309041756809
1,2,0.9727842661917065
1,3,0.9552107074706637
1,4,0.9584798732426604
