seed,sample,ranking_score
1,0,0.8377657296715579
1,1,0.8689018900309737
1,2,0.8631558799511728
1,3,0.842793826349211
1,4,0.8645277873442176
