{
    "confidence_score": 0.9359847903251648,
    "ptm": 0.9615985751152039,
    "iptm": 0.9312801957130432,
    "ligand_iptm": 0.9312801957130432,
    "protein_iptm": 0.0,
    "complex_plddt": 0.9371609687805176,
    "complex_iplddt": 0.8763677477836609,
    "complex_pde": 0.40370237827301025,
    "complex_ipde": 0.9248590469360352,
    "chains_ptm": {
        "0": 0.9635100364685059,
        "1": 0.9516071081161499
    },
    "pair_chains_iptm": {
        "0": {
            "0": 0.9635100364685059,
            "1": 0.5260389447212219
        },
        "1": {
            "0": 0.9312801957130432,
            "1": 0.9516071081161499
        }
    }
}