seed,sample,ranking_score
44,0,0.9467821333886951
44,1,0.934202986349132
44,2,0.9222337092531361
44,3,0.9379407533943063
44,4,0.9325113290915601
9,0,0.9232490583151844
9,1,0.913667753402569
9,2,0.9241696445787726
9,3,0.8910835180138448
9,4,0.9256319927433256
80,0,0.9255168458389303
80,1,0.8999288555450389
80,2,0.9138189057679728
80,3,0.9254091300084022
80,4,0.9261465970308904
