seed,sample,ranking_score
1,0,0.8647249077821781
1,1,0.8635382990980897
1,2,0.8666170661379077
1,3,0.8717493900062198
1,4,0.883551187865228
