{
    "confidence_score": 0.9440739750862122,
    "ptm": 0.9727874398231506,
    "iptm": 0.9316675066947937,
    "ligand_iptm": 0.9316675066947937,
    "protein_iptm": 0.0,
    "complex_plddt": 0.9471755623817444,
    "complex_iplddt": 0.9283276796340942,
    "complex_pde": 0.3567671775817871,
    "complex_ipde": 0.8922832012176514,
    "chains_ptm": {
        "0": 0.9748897552490234,
        "1": 0.9385389089584351
    },
    "pair_chains_iptm": {
        "0": {
            "0": 0.9748897552490234,
            "1": 0.502741813659668
        },
        "1": {
            "0": 0.9316675066947937,
            "1": 0.9385389089584351
        }
    }
}