{
    "confidence_score": 0.9489211440086365,
    "ptm": 0.9497472047805786,
    "iptm": 0.9518653154373169,
    "ligand_iptm": 0.9518653154373169,
    "protein_iptm": 0.0,
    "complex_plddt": 0.9481850266456604,
    "complex_iplddt": 0.9227839112281799,
    "complex_pde": 0.4356987476348877,
    "complex_ipde": 0.7251001596450806,
    "chains_ptm": {
        "0": 0.9498339891433716,
        "1": 0.9165162444114685
    },
    "pair_chains_iptm": {
        "0": {
            "0": 0.9498339891433716,
            "1": 0.47771164774894714
        },
        "1": {
            "0": 0.9518653154373169,
            "1": 0.9165162444114685
        }
    }
}