{
    "confidence_score": 0.9279940724372864,
    "ptm": 0.9369915723800659,
    "iptm": 0.8842081427574158,
    "ligand_iptm": 0.8842081427574158,
    "protein_iptm": 0.0,
    "complex_plddt": 0.9389405846595764,
    "complex_iplddt": 0.8755866289138794,
    "complex_pde": 0.5355674624443054,
    "complex_ipde": 1.3300259113311768,
    "chains_ptm": {
        "0": 0.9404260516166687,
        "1": 0.9023095965385437
    },
    "pair_chains_iptm": {
        "0": {
            "0": 0.9404260516166687,
            "1": 0.40944620966911316
        },
        "1": {
            "0": 0.8842081427574158,
            "1": 0.9023095965385437
        }
    }
}