{
    "confidence_score": 0.9416238069534302,
    "ptm": 0.9535893201828003,
    "iptm": 0.9707872271537781,
    "ligand_iptm": 0.9707872271537781,
    "protein_iptm": 0.0,
    "complex_plddt": 0.9343329668045044,
    "complex_iplddt": 0.9251841306686401,
    "complex_pde": 0.4202015697956085,
    "complex_ipde": 0.5777065753936768,
    "chains_ptm": {
        "0": 0.9519399404525757,
        "1": 0.8963994979858398
    },
    "pair_chains_iptm": {
        "0": {
            "0": 0.9519399404525757,
            "1": 0.5965126156806946
        },
        "1": {
            "0": 0.9707872271537781,
            "1": 0.8963994979858398
        }
    }
}