{
    "confidence_score": 0.948155403137207,
    "ptm": 0.9571291208267212,
    "iptm": 0.9630541205406189,
    "ligand_iptm": 0.9630541205406189,
    "protein_iptm": 0.0,
    "complex_plddt": 0.9444307684898376,
    "complex_iplddt": 0.9119583964347839,
    "complex_pde": 0.4049679636955261,
    "complex_ipde": 0.6263408064842224,
    "chains_ptm": {
        "0": 0.9568056464195251,
        "1": 0.9496230483055115
    },
    "pair_chains_iptm": {
        "0": {
            "0": 0.9568056464195251,
            "1": 0.6392157673835754
        },
        "1": {
            "0": 0.9630541205406189,
            "1": 0.9496230483055115
        }
    }
}