{
    "confidence_score": 0.9631759524345398,
    "ptm": 0.9438663125038147,
    "iptm": 0.9835010766983032,
    "ligand_iptm": 0.9835010766983032,
    "protein_iptm": 0.0,
    "complex_plddt": 0.9580946564674377,
    "complex_iplddt": 0.9571778774261475,
    "complex_pde": 0.4432942271232605,
    "complex_ipde": 0.5552480220794678,
    "chains_ptm": {
        "0": 0.9423813819885254,
        "1": 0.9723040461540222
    },
    "pair_chains_iptm": {
        "0": {
            "0": 0.9423813819885254,
            "1": 0.7591992020606995
        },
        "1": {
            "0": 0.9835010766983032,
            "1": 0.9723040461540222
        }
    }
}