{
    "confidence_score": 0.9487674832344055,
    "ptm": 0.9478972554206848,
    "iptm": 0.966888964176178,
    "ligand_iptm": 0.966888964176178,
    "protein_iptm": 0.0,
    "complex_plddt": 0.9442370533943176,
    "complex_iplddt": 0.9139551520347595,
    "complex_pde": 0.4400131106376648,
    "complex_ipde": 0.6779924631118774,
    "chains_ptm": {
        "0": 0.947270929813385,
        "1": 0.980053722858429
    },
    "pair_chains_iptm": {
        "0": {
            "0": 0.947270929813385,
            "1": 0.6521840691566467
        },
        "1": {
            "0": 0.966888964176178,
            "1": 0.980053722858429
        }
    }
}