{
    "confidence_score": 0.9489948153495789,
    "ptm": 0.9421378970146179,
    "iptm": 0.9695610404014587,
    "ligand_iptm": 0.9695610404014587,
    "protein_iptm": 0.0,
    "complex_plddt": 0.9438533186912537,
    "complex_iplddt": 0.9277378916740417,
    "complex_pde": 0.468071848154068,
    "complex_ipde": 0.6421706080436707,
    "chains_ptm": {
        "0": 0.9394702315330505,
        "1": 0.9495552778244019
    },
    "pair_chains_iptm": {
        "0": {
            "0": 0.9394702315330505,
            "1": 0.7140260338783264
        },
        "1": {
            "0": 0.9695610404014587,
            "1": 0.9495552778244019
        }
    }
}