seed,sample,ranking_score
1,0,0.7839590386524674
1,1,0.7892919219089731
1,2,0.7836762555558999
1,3,0.7415685183413259
1,4,0.7760644792998329
