seed,sample,ranking_score
1,0,0.8387138126922197
1,1,0.8366979504524623
1,2,0.8248014057297282
1,3,0.8228994024815188
1,4,0.8040896201569944
