seed,sample,ranking_score
1,0,0.837112076181196
1,1,0.8315863073488702
1,2,0.8293208765717831
1,3,0.8358137610093878
1,4,0.820346005355038
