seed,sample,ranking_score
1,0,0.8287474971995623
1,1,0.844755772618105
1,2,0.8456451792478586
1,3,0.8386255649051255
1,4,0.8427594626775994
