{
    "confidence_score": 0.9219280481338501,
    "ptm": 0.9577349424362183,
    "iptm": 0.8240986466407776,
    "ligand_iptm": 0.8240986466407776,
    "protein_iptm": 0.0,
    "complex_plddt": 0.9463853240013123,
    "complex_iplddt": 0.8589475750923157,
    "complex_pde": 0.48144736886024475,
    "complex_ipde": 2.3959848880767822,
    "chains_ptm": {
        "0": 0.9632760286331177,
        "1": 0.9644728899002075
    },
    "pair_chains_iptm": {
        "0": {
            "0": 0.9632760286331177,
            "1": 0.34058061242103577
        },
        "1": {
            "0": 0.8240986466407776,
            "1": 0.9644728899002075
        }
    }
}