seed,sample,ranking_score
1,0,0.8614752387953806
1,1,0.8733659070297557
1,2,0.8921905519084663
1,3,0.8791480796147584
1,4,0.8818422418342198
