{
    "confidence_score": 0.9374541640281677,
    "ptm": 0.9624045491218567,
    "iptm": 0.9235121607780457,
    "ligand_iptm": 0.9235121607780457,
    "protein_iptm": 0.0,
    "complex_plddt": 0.9409396648406982,
    "complex_iplddt": 0.9138566851615906,
    "complex_pde": 0.39631539583206177,
    "complex_ipde": 1.067164421081543,
    "chains_ptm": {
        "0": 0.96419358253479,
        "1": 0.9826705455780029
    },
    "pair_chains_iptm": {
        "0": {
            "0": 0.96419358253479,
            "1": 0.4944615364074707
        },
        "1": {
            "0": 0.9235121607780457,
            "1": 0.9826705455780029
        }
    }
}