seed,sample,ranking_score
44,0,0.8791968149319084
44,1,0.8827638380019514
44,2,0.8985993414416543
44,3,0.9008178756838727
44,4,0.9009134652334766
9,0,0.8844799818910406
9,1,0.894299516463503
9,2,0.8836197421660787
9,3,0.8897057855763136
9,4,0.8921337500841052
80,0,0.8507469826259673
80,1,0.8912769469500117
80,2,0.8902376370867319
80,3,0.8936800449187238
80,4,0.8902216435193675
