{
    "confidence_score": 0.9303709268569946,
    "ptm": 0.9656128287315369,
    "iptm": 0.9666931629180908,
    "ligand_iptm": 0.9666931629180908,
    "protein_iptm": 0.0,
    "complex_plddt": 0.9212902784347534,
    "complex_iplddt": 0.8175753951072693,
    "complex_pde": 0.3727084994316101,
    "complex_ipde": 0.6099904179573059,
    "chains_ptm": {
        "0": 0.9659397602081299,
        "1": 0.9178887605667114
    },
    "pair_chains_iptm": {
        "0": {
            "0": 0.9659397602081299,
            "1": 0.6574470400810242
        },
        "1": {
            "0": 0.9666931629180908,
            "1": 0.9178887605667114
        }
    }
}