seed,sample,ranking_score
1,0,0.8594155200172834
1,1,0.8507779828755578
1,2,0.8679358319212439
1,3,0.8226710006170965
1,4,0.8429740155066473
