seed,sample,ranking_score
1,0,0.6023123257439296
1,1,0.4984786561296057
1,2,0.531386586131165
1,3,0.5629783574099433
1,4,0.5002467427852493
