seed,sample,ranking_score
1,0,0.9399738867207882
1,1,0.9634017666395912
1,2,0.964155855427295
1,3,0.9401491757583725
1,4,0.9490607211974632
