{
    "confidence_score": 0.9236533045768738,
    "ptm": 0.9604344367980957,
    "iptm": 0.8033856153488159,
    "ligand_iptm": 0.8033856153488159,
    "protein_iptm": 0.0,
    "complex_plddt": 0.953720211982727,
    "complex_iplddt": 0.8837474584579468,
    "complex_pde": 0.4891737103462219,
    "complex_ipde": 2.6820220947265625,
    "chains_ptm": {
        "0": 0.9667778015136719,
        "1": 0.9624521136283875
    },
    "pair_chains_iptm": {
        "0": {
            "0": 0.9667778015136719,
            "1": 0.316220223903656
        },
        "1": {
            "0": 0.8033856153488159,
            "1": 0.9624521136283875
        }
    }
}