{
    "confidence_score": 0.9440493583679199,
    "ptm": 0.9718001484870911,
    "iptm": 0.8809865117073059,
    "ligand_iptm": 0.8809865117073059,
    "protein_iptm": 0.0,
    "complex_plddt": 0.9598150849342346,
    "complex_iplddt": 0.9203903079032898,
    "complex_pde": 0.3889753520488739,
    "complex_ipde": 1.7720942497253418,
    "chains_ptm": {
        "0": 0.9753015041351318,
        "1": 0.9298020005226135
    },
    "pair_chains_iptm": {
        "0": {
            "0": 0.9753015041351318,
            "1": 0.3616800606250763
        },
        "1": {
            "0": 0.8809865117073059,
            "1": 0.9298020005226135
        }
    }
}