seed,sample,ranking_score
1,0,0.8884864341062616
1,1,0.8803807435447416
1,2,0.9078164239683227
1,3,0.887213291672074
1,4,0.8889825210912604
