{
    "confidence_score": 0.9414964914321899,
    "ptm": 0.9568166136741638,
    "iptm": 0.9015942811965942,
    "ligand_iptm": 0.9015942811965942,
    "protein_iptm": 0.0,
    "complex_plddt": 0.9514720439910889,
    "complex_iplddt": 0.9012762308120728,
    "complex_pde": 0.4410044252872467,
    "complex_ipde": 1.528861165046692,
    "chains_ptm": {
        "0": 0.95878005027771,
        "1": 0.9891963005065918
    },
    "pair_chains_iptm": {
        "0": {
            "0": 0.95878005027771,
            "1": 0.54665207862854
        },
        "1": {
            "0": 0.9015942811965942,
            "1": 0.9891963005065918
        }
    }
}