{
    "confidence_score": 0.9575144052505493,
    "ptm": 0.9628291130065918,
    "iptm": 0.9660254120826721,
    "ligand_iptm": 0.9660254120826721,
    "protein_iptm": 0.0,
    "complex_plddt": 0.9553865790367126,
    "complex_iplddt": 0.9306880235671997,
    "complex_pde": 0.3764933943748474,
    "complex_ipde": 0.593629777431488,
    "chains_ptm": {
        "0": 0.9626956582069397,
        "1": 0.9717141389846802
    },
    "pair_chains_iptm": {
        "0": {
            "0": 0.9626956582069397,
            "1": 0.6876042485237122
        },
        "1": {
            "0": 0.9660254120826721,
            "1": 0.9717141389846802
        }
    }
}