seed,sample,ranking_score
1,0,0.9059385368673045
1,1,0.9036192327890494
1,2,0.9278867304214262
1,3,0.9064216756492048
1,4,0.9111990659641296
