seed,sample,ranking_score
1,0,0.7921139030916255
1,1,0.8142545361859427
1,2,0.8460018104670225
1,3,0.8416384603366153
1,4,0.8080160963971024
