{
    "confidence_score": 0.9395629167556763,
    "ptm": 0.9409126043319702,
    "iptm": 0.957996666431427,
    "ligand_iptm": 0.957996666431427,
    "protein_iptm": 0.0,
    "complex_plddt": 0.9349544644355774,
    "complex_iplddt": 0.8772552013397217,
    "complex_pde": 0.48126712441444397,
    "complex_ipde": 0.7344755530357361,
    "chains_ptm": {
        "0": 0.9399105906486511,
        "1": 0.9069167375564575
    },
    "pair_chains_iptm": {
        "0": {
            "0": 0.9399105906486511,
            "1": 0.5310357809066772
        },
        "1": {
            "0": 0.957996666431427,
            "1": 0.9069167375564575
        }
    }
}