{
    "confidence_score": 0.9595729112625122,
    "ptm": 0.9534596800804138,
    "iptm": 0.9461325407028198,
    "ligand_iptm": 0.9461325407028198,
    "protein_iptm": 0.0,
    "complex_plddt": 0.9629329442977905,
    "complex_iplddt": 0.9099655747413635,
    "complex_pde": 0.42397600412368774,
    "complex_ipde": 0.7616775631904602,
    "chains_ptm": {
        "0": 0.9539589881896973,
        "1": 0.9536941647529602
    },
    "pair_chains_iptm": {
        "0": {
            "0": 0.9539589881896973,
            "1": 0.5329976081848145
        },
        "1": {
            "0": 0.9461325407028198,
            "1": 0.9536941647529602
        }
    }
}