{
    "confidence_score": 0.952975869178772,
    "ptm": 0.9654864072799683,
    "iptm": 0.948410153388977,
    "ligand_iptm": 0.948410153388977,
    "protein_iptm": 0.0,
    "complex_plddt": 0.9541172385215759,
    "complex_iplddt": 0.9066194295883179,
    "complex_pde": 0.3714783489704132,
    "complex_ipde": 0.7015292048454285,
    "chains_ptm": {
        "0": 0.9665055274963379,
        "1": 0.9482198357582092
    },
    "pair_chains_iptm": {
        "0": {
            "0": 0.9665055274963379,
            "1": 0.5119078159332275
        },
        "1": {
            "0": 0.948410153388977,
            "1": 0.9482198357582092
        }
    }
}