{
    "confidence_score": 0.9345561861991882,
    "ptm": 0.9482777714729309,
    "iptm": 0.956935465335846,
    "ligand_iptm": 0.956935465335846,
    "protein_iptm": 0.0,
    "complex_plddt": 0.9289613366127014,
    "complex_iplddt": 0.8748123049736023,
    "complex_pde": 0.45750322937965393,
    "complex_ipde": 0.7512080073356628,
    "chains_ptm": {
        "0": 0.9477739930152893,
        "1": 0.9515600204467773
    },
    "pair_chains_iptm": {
        "0": {
            "0": 0.9477739930152893,
            "1": 0.6596848368644714
        },
        "1": {
            "0": 0.956935465335846,
            "1": 0.9515600204467773
        }
    }
}