{
    "confidence_score": 0.92181795835495,
    "ptm": 0.9399288892745972,
    "iptm": 0.9496631622314453,
    "ligand_iptm": 0.9496631622314453,
    "protein_iptm": 0.0,
    "complex_plddt": 0.9148567318916321,
    "complex_iplddt": 0.8649725317955017,
    "complex_pde": 0.5023680329322815,
    "complex_ipde": 0.8365017175674438,
    "chains_ptm": {
        "0": 0.9391302466392517,
        "1": 0.8967620134353638
    },
    "pair_chains_iptm": {
        "0": {
            "0": 0.9391302466392517,
            "1": 0.5319285988807678
        },
        "1": {
            "0": 0.9496631622314453,
            "1": 0.8967620134353638
        }
    }
}