seed,sample,ranking_score
1,0,0.8386867077828953
1,1,0.8601420639561992
1,2,0.8586577192992367
1,3,0.8441004802395058
1,4,0.8397528903568752
