{
    "confidence_score": 0.9445063471794128,
    "ptm": 0.9447982311248779,
    "iptm": 0.9309667348861694,
    "ligand_iptm": 0.9309667348861694,
    "protein_iptm": 0.0,
    "complex_plddt": 0.9478912353515625,
    "complex_iplddt": 0.9145587682723999,
    "complex_pde": 0.46986061334609985,
    "complex_ipde": 0.865872323513031,
    "chains_ptm": {
        "0": 0.9455063343048096,
        "1": 0.9156588912010193
    },
    "pair_chains_iptm": {
        "0": {
            "0": 0.9455063343048096,
            "1": 0.4918995499610901
        },
        "1": {
            "0": 0.9309667348861694,
            "1": 0.9156588912010193
        }
    }
}