{
    "confidence_score": 0.9508883357048035,
    "ptm": 0.954459011554718,
    "iptm": 0.9728151559829712,
    "ligand_iptm": 0.9728151559829712,
    "protein_iptm": 0.0,
    "complex_plddt": 0.9454066753387451,
    "complex_iplddt": 0.930822491645813,
    "complex_pde": 0.40308335423469543,
    "complex_ipde": 0.5955468416213989,
    "chains_ptm": {
        "0": 0.9530665874481201,
        "1": 0.9761307835578918
    },
    "pair_chains_iptm": {
        "0": {
            "0": 0.9530665874481201,
            "1": 0.7569061517715454
        },
        "1": {
            "0": 0.9728151559829712,
            "1": 0.9761307835578918
        }
    }
}