seed,sample,ranking_score
1,0,0.9388514032331049
1,1,0.960232693407999
1,2,0.9603292321067133
1,3,0.9561863362188975
1,4,0.95286505768789
