seed,sample,ranking_score
44,0,0.8337040040915001
44,1,0.8161168069148846
44,2,0.7989465222640615
44,3,0.8137775235044924
44,4,0.7957604979422023
9,0,0.7886872587821052
9,1,0.7977945388004729
9,2,0.7864500361446614
9,3,0.8037257661129987
9,4,0.7795080609406528
80,0,0.8040442536666904
80,1,0.7943244076126745
80,2,0.7974731942203045
80,3,0.791446650257848
80,4,0.830444889220472
