{
    "confidence_score": 0.935934841632843,
    "ptm": 0.9553468227386475,
    "iptm": 0.9486233592033386,
    "ligand_iptm": 0.9486233592033386,
    "protein_iptm": 0.0,
    "complex_plddt": 0.9327627420425415,
    "complex_iplddt": 0.920574426651001,
    "complex_pde": 0.42193496227264404,
    "complex_ipde": 0.7400043606758118,
    "chains_ptm": {
        "0": 0.9562744498252869,
        "1": 0.8820042014122009
    },
    "pair_chains_iptm": {
        "0": {
            "0": 0.9562744498252869,
            "1": 0.564825177192688
        },
        "1": {
            "0": 0.9486233592033386,
            "1": 0.8820042014122009
        }
    }
}