seed,sample,ranking_score
1,0,0.638642599976458
1,1,0.6564002122382009
1,2,0.6695295447740478
1,3,0.6512063693720153
1,4,0.6459041387257394
