{
    "confidence_score": 0.9516888856887817,
    "ptm": 0.9641643762588501,
    "iptm": 0.9392301440238953,
    "ligand_iptm": 0.9392301440238953,
    "protein_iptm": 0.0,
    "complex_plddt": 0.9548035860061646,
    "complex_iplddt": 0.9131790399551392,
    "complex_pde": 0.3789122998714447,
    "complex_ipde": 0.8806681632995605,
    "chains_ptm": {
        "0": 0.9653840065002441,
        "1": 0.9521879553794861
    },
    "pair_chains_iptm": {
        "0": {
            "0": 0.9653840065002441,
            "1": 0.4514369070529938
        },
        "1": {
            "0": 0.9392301440238953,
            "1": 0.9521879553794861
        }
    }
}