{
    "confidence_score": 0.9402491450309753,
    "ptm": 0.9476635456085205,
    "iptm": 0.917746365070343,
    "ligand_iptm": 0.917746365070343,
    "protein_iptm": 0.0,
    "complex_plddt": 0.9458748698234558,
    "complex_iplddt": 0.9166193604469299,
    "complex_pde": 0.4732154905796051,
    "complex_ipde": 1.357309341430664,
    "chains_ptm": {
        "0": 0.9491182565689087,
        "1": 0.9854717254638672
    },
    "pair_chains_iptm": {
        "0": {
            "0": 0.9491182565689087,
            "1": 0.5509741306304932
        },
        "1": {
            "0": 0.917746365070343,
            "1": 0.9854717254638672
        }
    }
}