{
    "confidence_score": 0.9400227665901184,
    "ptm": 0.9529000520706177,
    "iptm": 0.9619247317314148,
    "ligand_iptm": 0.9619247317314148,
    "protein_iptm": 0.0,
    "complex_plddt": 0.9345473051071167,
    "complex_iplddt": 0.8675092458724976,
    "complex_pde": 0.43296709656715393,
    "complex_ipde": 0.683763325214386,
    "chains_ptm": {
        "0": 0.9526525735855103,
        "1": 0.9653245210647583
    },
    "pair_chains_iptm": {
        "0": {
            "0": 0.9526525735855103,
            "1": 0.7019581198692322
        },
        "1": {
            "0": 0.9619247317314148,
            "1": 0.9653245210647583
        }
    }
}