seed,sample,ranking_score
1,0,0.63122595067647
1,1,0.7066553746486703
1,2,0.5937908001697358
1,3,0.5998892275662258
1,4,0.6418288719753082
