{
    "confidence_score": 0.9515307545661926,
    "ptm": 0.9480701684951782,
    "iptm": 0.9712430238723755,
    "ligand_iptm": 0.9712430238723755,
    "protein_iptm": 0.0,
    "complex_plddt": 0.9466027021408081,
    "complex_iplddt": 0.9284560084342957,
    "complex_pde": 0.43807652592658997,
    "complex_ipde": 0.5962153077125549,
    "chains_ptm": {
        "0": 0.9463244676589966,
        "1": 0.9523019790649414
    },
    "pair_chains_iptm": {
        "0": {
            "0": 0.9463244676589966,
            "1": 0.673469603061676
        },
        "1": {
            "0": 0.9712430238723755,
            "1": 0.9523019790649414
        }
    }
}