seed,sample,ranking_score
1,0,0.8693229024054888
1,1,0.9038382930729075
1,2,0.8968412255103656
1,3,0.8845947680626839
1,4,0.899191395105688
