seed,sample,ranking_score
1,0,0.787582536339842
1,1,0.7915199656313578
1,2,0.7851814778686489
1,3,0.7740334167808224
1,4,0.7753631468172816
