{
    "confidence_score": 0.9409205317497253,
    "ptm": 0.9424852132797241,
    "iptm": 0.9114215970039368,
    "ligand_iptm": 0.9114215970039368,
    "protein_iptm": 0.0,
    "complex_plddt": 0.9482952952384949,
    "complex_iplddt": 0.9238442182540894,
    "complex_pde": 0.500210702419281,
    "complex_ipde": 1.3996623754501343,
    "chains_ptm": {
        "0": 0.9436824917793274,
        "1": 0.9823692440986633
    },
    "pair_chains_iptm": {
        "0": {
            "0": 0.9436824917793274,
            "1": 0.530129611492157
        },
        "1": {
            "0": 0.9114215970039368,
            "1": 0.9823692440986633
        }
    }
}