seed,sample,ranking_score
1,0,0.7708030358089409
1,1,0.7538571803229293
1,2,0.7891954975278885
1,3,0.7750661477375229
1,4,0.7755705611263577
