seed,sample,ranking_score
1,0,0.8275971610828523
1,1,0.8349406103894432
1,2,0.8282243915566114
1,3,0.8486099023521347
1,4,0.8449664524821238
