{
    "confidence_score": 0.9233196377754211,
    "ptm": 0.9596694707870483,
    "iptm": 0.9584344625473022,
    "ligand_iptm": 0.9584344625473022,
    "protein_iptm": 0.0,
    "complex_plddt": 0.9145408868789673,
    "complex_iplddt": 0.8533684015274048,
    "complex_pde": 0.40873363614082336,
    "complex_ipde": 0.6924411654472351,
    "chains_ptm": {
        "0": 0.959922194480896,
        "1": 0.9135222434997559
    },
    "pair_chains_iptm": {
        "0": {
            "0": 0.959922194480896,
            "1": 0.6190485954284668
        },
        "1": {
            "0": 0.9584344625473022,
            "1": 0.9135222434997559
        }
    }
}