seed,sample,ranking_score
1,0,0.6546700877716266
1,1,0.6889989161513798
1,2,0.6771219692374661
1,3,0.6764056585796733
1,4,0.6815365051004679
