{
    "confidence_score": 0.9532329440116882,
    "ptm": 0.9669374823570251,
    "iptm": 0.9832665324211121,
    "ligand_iptm": 0.9832665324211121,
    "protein_iptm": 0.0,
    "complex_plddt": 0.945724606513977,
    "complex_iplddt": 0.9353018403053284,
    "complex_pde": 0.3534114360809326,
    "complex_ipde": 0.449646919965744,
    "chains_ptm": {
        "0": 0.9661725759506226,
        "1": 0.9482731223106384
    },
    "pair_chains_iptm": {
        "0": {
            "0": 0.9661725759506226,
            "1": 0.6574307084083557
        },
        "1": {
            "0": 0.9832665324211121,
            "1": 0.9482731223106384
        }
    }
}