{
    "confidence_score": 0.9586027264595032,
    "ptm": 0.9524711966514587,
    "iptm": 0.9563990831375122,
    "ligand_iptm": 0.9563990831375122,
    "protein_iptm": 0.0,
    "complex_plddt": 0.9591535925865173,
    "complex_iplddt": 0.9377622604370117,
    "complex_pde": 0.4167152941226959,
    "complex_ipde": 0.7188969850540161,
    "chains_ptm": {
        "0": 0.9522834420204163,
        "1": 0.9381116628646851
    },
    "pair_chains_iptm": {
        "0": {
            "0": 0.9522834420204163,
            "1": 0.5186530351638794
        },
        "1": {
            "0": 0.9563990831375122,
            "1": 0.9381116628646851
        }
    }
}