seed,sample,ranking_score
1,0,0.8492382165967137
1,1,0.8634276859625019
1,2,0.8926107925643748
1,3,0.8749760600114337
1,4,0.8664946551320285
