seed,sample,ranking_score
1,0,0.8903707376280395
1,1,0.8870077521299816
1,2,0.9182443692442028
1,3,0.8875945125783107
1,4,0.8974873081514163
