{
    "confidence_score": 0.9624428153038025,
    "ptm": 0.9687799215316772,
    "iptm": 0.9684320688247681,
    "ligand_iptm": 0.9684320688247681,
    "protein_iptm": 0.0,
    "complex_plddt": 0.9609454870223999,
    "complex_iplddt": 0.9435890913009644,
    "complex_pde": 0.3518598675727844,
    "complex_ipde": 0.6052709817886353,
    "chains_ptm": {
        "0": 0.9688767790794373,
        "1": 0.9387341737747192
    },
    "pair_chains_iptm": {
        "0": {
            "0": 0.9688767790794373,
            "1": 0.5022041201591492
        },
        "1": {
            "0": 0.9684320688247681,
            "1": 0.9387341737747192
        }
    }
}