{
    "confidence_score": 0.9465257525444031,
    "ptm": 0.9588419198989868,
    "iptm": 0.9457572102546692,
    "ligand_iptm": 0.9457572102546692,
    "protein_iptm": 0.0,
    "complex_plddt": 0.9467179179191589,
    "complex_iplddt": 0.906295657157898,
    "complex_pde": 0.4016728699207306,
    "complex_ipde": 0.7203510403633118,
    "chains_ptm": {
        "0": 0.9596297144889832,
        "1": 0.9428989887237549
    },
    "pair_chains_iptm": {
        "0": {
            "0": 0.9596297144889832,
            "1": 0.4884568154811859
        },
        "1": {
            "0": 0.9457572102546692,
            "1": 0.9428989887237549
        }
    }
}