{
    "confidence_score": 0.9329428672790527,
    "ptm": 0.9363588690757751,
    "iptm": 0.9118050336837769,
    "ligand_iptm": 0.9118050336837769,
    "protein_iptm": 0.0,
    "complex_plddt": 0.9382272958755493,
    "complex_iplddt": 0.8785128593444824,
    "complex_pde": 0.517877459526062,
    "complex_ipde": 1.2073688507080078,
    "chains_ptm": {
        "0": 0.9380161762237549,
        "1": 0.9481105804443359
    },
    "pair_chains_iptm": {
        "0": {
            "0": 0.9380161762237549,
            "1": 0.4786360263824463
        },
        "1": {
            "0": 0.9118050336837769,
            "1": 0.9481105804443359
        }
    }
}