seed,sample,ranking_score
1,0,0.8594458501182908
1,1,0.8510418998057978
1,2,0.8686083702110233
1,3,0.843252411603626
1,4,0.8592522122773968
