{
    "confidence_score": 0.9423086047172546,
    "ptm": 0.9558925628662109,
    "iptm": 0.928112804889679,
    "ligand_iptm": 0.928112804889679,
    "protein_iptm": 0.0,
    "complex_plddt": 0.945857584476471,
    "complex_iplddt": 0.8837624788284302,
    "complex_pde": 0.41358697414398193,
    "complex_ipde": 0.8735412955284119,
    "chains_ptm": {
        "0": 0.9579830169677734,
        "1": 0.9534429311752319
    },
    "pair_chains_iptm": {
        "0": {
            "0": 0.9579830169677734,
            "1": 0.511400580406189
        },
        "1": {
            "0": 0.928112804889679,
            "1": 0.9534429311752319
        }
    }
}