{
    "confidence_score": 0.9406976699829102,
    "ptm": 0.9551013708114624,
    "iptm": 0.97145676612854,
    "ligand_iptm": 0.97145676612854,
    "protein_iptm": 0.0,
    "complex_plddt": 0.9330078959465027,
    "complex_iplddt": 0.8966023921966553,
    "complex_pde": 0.40198707580566406,
    "complex_ipde": 0.5578029751777649,
    "chains_ptm": {
        "0": 0.9537057876586914,
        "1": 0.9609401822090149
    },
    "pair_chains_iptm": {
        "0": {
            "0": 0.9537057876586914,
            "1": 0.7209667563438416
        },
        "1": {
            "0": 0.97145676612854,
            "1": 0.9609401822090149
        }
    }
}