{
    "confidence_score": 0.9465734362602234,
    "ptm": 0.9409137964248657,
    "iptm": 0.955061137676239,
    "ligand_iptm": 0.955061137676239,
    "protein_iptm": 0.0,
    "complex_plddt": 0.9444515109062195,
    "complex_iplddt": 0.9184871912002563,
    "complex_pde": 0.47919192910194397,
    "complex_ipde": 0.7331721782684326,
    "chains_ptm": {
        "0": 0.9398653507232666,
        "1": 0.94781094789505
    },
    "pair_chains_iptm": {
        "0": {
            "0": 0.9398653507232666,
            "1": 0.6298279166221619
        },
        "1": {
            "0": 0.955061137676239,
            "1": 0.94781094789505
        }
    }
}