{
    "confidence_score": 0.9438942074775696,
    "ptm": 0.9557399749755859,
    "iptm": 0.962279736995697,
    "ligand_iptm": 0.962279736995697,
    "protein_iptm": 0.0,
    "complex_plddt": 0.9392977952957153,
    "complex_iplddt": 0.9159750938415527,
    "complex_pde": 0.4077775776386261,
    "complex_ipde": 0.6231257319450378,
    "chains_ptm": {
        "0": 0.9554024934768677,
        "1": 0.9572385549545288
    },
    "pair_chains_iptm": {
        "0": {
            "0": 0.9554024934768677,
            "1": 0.627929151058197
        },
        "1": {
            "0": 0.962279736995697,
            "1": 0.9572385549545288
        }
    }
}