{
    "confidence_score": 0.9111061096191406,
    "ptm": 0.9624624252319336,
    "iptm": 0.9360777139663696,
    "ligand_iptm": 0.9360777139663696,
    "protein_iptm": 0.0,
    "complex_plddt": 0.9048632383346558,
    "complex_iplddt": 0.7568323612213135,
    "complex_pde": 0.426757276058197,
    "complex_ipde": 0.8227699995040894,
    "chains_ptm": {
        "0": 0.9653041362762451,
        "1": 0.8799207210540771
    },
    "pair_chains_iptm": {
        "0": {
            "0": 0.9653041362762451,
            "1": 0.5331646203994751
        },
        "1": {
            "0": 0.9360777139663696,
            "1": 0.8799207210540771
        }
    }
}