{
    "confidence_score": 0.9364284873008728,
    "ptm": 0.968259871006012,
    "iptm": 0.9544162750244141,
    "ligand_iptm": 0.9544162750244141,
    "protein_iptm": 0.0,
    "complex_plddt": 0.9319314360618591,
    "complex_iplddt": 0.8758295774459839,
    "complex_pde": 0.36554333567619324,
    "complex_ipde": 0.6851676106452942,
    "chains_ptm": {
        "0": 0.969183087348938,
        "1": 0.881380558013916
    },
    "pair_chains_iptm": {
        "0": {
            "0": 0.969183087348938,
            "1": 0.518552839756012
        },
        "1": {
            "0": 0.9544162750244141,
            "1": 0.881380558013916
        }
    }
}