{
    "confidence_score": 0.9462798237800598,
    "ptm": 0.9603675007820129,
    "iptm": 0.9743594527244568,
    "ligand_iptm": 0.9743594527244568,
    "protein_iptm": 0.0,
    "complex_plddt": 0.9392598867416382,
    "complex_iplddt": 0.9193861484527588,
    "complex_pde": 0.38495972752571106,
    "complex_ipde": 0.5113269090652466,
    "chains_ptm": {
        "0": 0.9594411849975586,
        "1": 0.9382636547088623
    },
    "pair_chains_iptm": {
        "0": {
            "0": 0.9594411849975586,
            "1": 0.6970354318618774
        },
        "1": {
            "0": 0.9743594527244568,
            "1": 0.9382636547088623
        }
    }
}