seed,sample,ranking_score
1,0,0.7961817821964899
1,1,0.7634755969773172
1,2,0.7863458815671539
1,3,0.7916277205741774
1,4,0.7621769203541444
