{
    "confidence_score": 0.9538891911506653,
    "ptm": 0.946632444858551,
    "iptm": 0.9554204344749451,
    "ligand_iptm": 0.9554204344749451,
    "protein_iptm": 0.0,
    "complex_plddt": 0.953506350517273,
    "complex_iplddt": 0.912449300289154,
    "complex_pde": 0.4408017694950104,
    "complex_ipde": 0.7081180810928345,
    "chains_ptm": {
        "0": 0.9461466073989868,
        "1": 0.9711712002754211
    },
    "pair_chains_iptm": {
        "0": {
            "0": 0.9461466073989868,
            "1": 0.6481927633285522
        },
        "1": {
            "0": 0.9554204344749451,
            "1": 0.9711712002754211
        }
    }
}