seed,sample,ranking_score
1,0,0.9435075283111856
1,1,0.9549162693704074
1,2,0.949108310133905
1,3,0.9435152162197165
1,4,0.9448806406703806
