{
    "confidence_score": 0.9338666796684265,
    "ptm": 0.940854549407959,
    "iptm": 0.9550047516822815,
    "ligand_iptm": 0.9550047516822815,
    "protein_iptm": 0.0,
    "complex_plddt": 0.9285821318626404,
    "complex_iplddt": 0.848071813583374,
    "complex_pde": 0.48262786865234375,
    "complex_ipde": 0.7595386505126953,
    "chains_ptm": {
        "0": 0.9396471381187439,
        "1": 0.9479994177818298
    },
    "pair_chains_iptm": {
        "0": {
            "0": 0.9396471381187439,
            "1": 0.6690573692321777
        },
        "1": {
            "0": 0.9550047516822815,
            "1": 0.9479994177818298
        }
    }
}