{
    "confidence_score": 0.9480862617492676,
    "ptm": 0.9620795249938965,
    "iptm": 0.9637650847434998,
    "ligand_iptm": 0.9637650847434998,
    "protein_iptm": 0.0,
    "complex_plddt": 0.9441666007041931,
    "complex_iplddt": 0.9189584255218506,
    "complex_pde": 0.39025309681892395,
    "complex_ipde": 0.6082460284233093,
    "chains_ptm": {
        "0": 0.9620566368103027,
        "1": 0.9169623851776123
    },
    "pair_chains_iptm": {
        "0": {
            "0": 0.9620566368103027,
            "1": 0.6031331419944763
        },
        "1": {
            "0": 0.9637650847434998,
            "1": 0.9169623851776123
        }
    }
}