seed,sample,ranking_score
1,0,0.605076087524002
1,1,0.6182578357501965
1,2,0.5715958127947411
1,3,0.5758528418958404
1,4,0.5708828718917
