seed,sample,ranking_score
1,0,0.7790593519155783
1,1,0.7790514489765601
1,2,0.8075279161014954
1,3,0.7832266811479347
1,4,0.7857256214053541
