{
    "confidence_score": 0.9416233897209167,
    "ptm": 0.9447759985923767,
    "iptm": 0.9566076993942261,
    "ligand_iptm": 0.9566076993942261,
    "protein_iptm": 0.0,
    "complex_plddt": 0.9378772974014282,
    "complex_iplddt": 0.9201271533966064,
    "complex_pde": 0.4784814119338989,
    "complex_ipde": 0.7963337898254395,
    "chains_ptm": {
        "0": 0.9440770149230957,
        "1": 0.9444116950035095
    },
    "pair_chains_iptm": {
        "0": {
            "0": 0.9440770149230957,
            "1": 0.6776219010353088
        },
        "1": {
            "0": 0.9566076993942261,
            "1": 0.9444116950035095
        }
    }
}