{
    "confidence_score": 0.9374503493309021,
    "ptm": 0.9642611145973206,
    "iptm": 0.9525567889213562,
    "ligand_iptm": 0.9525567889213562,
    "protein_iptm": 0.0,
    "complex_plddt": 0.9336737394332886,
    "complex_iplddt": 0.8720641732215881,
    "complex_pde": 0.39118432998657227,
    "complex_ipde": 0.6769886016845703,
    "chains_ptm": {
        "0": 0.9655157327651978,
        "1": 0.9321398138999939
    },
    "pair_chains_iptm": {
        "0": {
            "0": 0.9655157327651978,
            "1": 0.6161938309669495
        },
        "1": {
            "0": 0.9525567889213562,
            "1": 0.9321398138999939
        }
    }
}