seed,sample,ranking_score
1,0,0.8043552490347285
1,1,0.8231062412250345
1,2,0.8130124562536554
1,3,0.8026739464768027
1,4,0.7752864688336504
