{
    "confidence_score": 0.9445897936820984,
    "ptm": 0.9622385501861572,
    "iptm": 0.9757090210914612,
    "ligand_iptm": 0.9757090210914612,
    "protein_iptm": 0.0,
    "complex_plddt": 0.9368100166320801,
    "complex_iplddt": 0.9281688332557678,
    "complex_pde": 0.3828621506690979,
    "complex_ipde": 0.5117112994194031,
    "chains_ptm": {
        "0": 0.9609407186508179,
        "1": 0.9026892781257629
    },
    "pair_chains_iptm": {
        "0": {
            "0": 0.9609407186508179,
            "1": 0.6865741610527039
        },
        "1": {
            "0": 0.9757090210914612,
            "1": 0.9026892781257629
        }
    }
}