{
    "confidence_score": 0.9496928453445435,
    "ptm": 0.9488418698310852,
    "iptm": 0.9628221988677979,
    "ligand_iptm": 0.9628221988677979,
    "protein_iptm": 0.0,
    "complex_plddt": 0.9464104771614075,
    "complex_iplddt": 0.9252994060516357,
    "complex_pde": 0.44025343656539917,
    "complex_ipde": 0.6812868714332581,
    "chains_ptm": {
        "0": 0.9477518200874329,
        "1": 0.9547472596168518
    },
    "pair_chains_iptm": {
        "0": {
            "0": 0.9477518200874329,
            "1": 0.7041613459587097
        },
        "1": {
            "0": 0.9628221988677979,
            "1": 0.9547472596168518
        }
    }
}