seed,sample,ranking_score
1,0,0.8983261500716149
1,1,0.9027554594663265
1,2,0.9155933289988563
1,3,0.9075154760724917
1,4,0.8905218361380951
