{
    "confidence_score": 0.9374746680259705,
    "ptm": 0.9413175582885742,
    "iptm": 0.8923414349555969,
    "ligand_iptm": 0.8923414349555969,
    "protein_iptm": 0.0,
    "complex_plddt": 0.9487579464912415,
    "complex_iplddt": 0.8890741467475891,
    "complex_pde": 0.5089630484580994,
    "complex_ipde": 1.2636083364486694,
    "chains_ptm": {
        "0": 0.9443263411521912,
        "1": 0.9370299577713013
    },
    "pair_chains_iptm": {
        "0": {
            "0": 0.9443263411521912,
            "1": 0.47315865755081177
        },
        "1": {
            "0": 0.8923414349555969,
            "1": 0.9370299577713013
        }
    }
}