seed,sample,ranking_score
1,0,0.8001761813713659
1,1,0.8340806365106349
1,2,0.8194278181066494
1,3,0.7747463612828991
1,4,0.8239523808711278
