seed,sample,ranking_score
1,0,0.8954506173682607
1,1,0.9027447088540843
1,2,0.9157020464778295
1,3,0.8703444010889044
1,4,0.8899134338496633
