seed,sample,ranking_score
1,0,0.871904900545612
1,1,0.8878506926787161
1,2,0.9094773795992773
1,3,0.8746381702617225
1,4,0.8894564146951724
