{
    "confidence_score": 0.9366860389709473,
    "ptm": 0.9681744575500488,
    "iptm": 0.9198461771011353,
    "ligand_iptm": 0.9198461771011353,
    "protein_iptm": 0.0,
    "complex_plddt": 0.9408959746360779,
    "complex_iplddt": 0.8588930368423462,
    "complex_pde": 0.3640609681606293,
    "complex_ipde": 0.9480771422386169,
    "chains_ptm": {
        "0": 0.9703537821769714,
        "1": 0.9827330112457275
    },
    "pair_chains_iptm": {
        "0": {
            "0": 0.9703537821769714,
            "1": 0.5607918500900269
        },
        "1": {
            "0": 0.9198461771011353,
            "1": 0.9827330112457275
        }
    }
}