seed,sample,ranking_score
1,0,0.826074207257684
1,1,0.8034075748755958
1,2,0.8470490606403355
1,3,0.8220734129269036
1,4,0.7951364388639064
