{
    "confidence_score": 0.9339658617973328,
    "ptm": 0.964339554309845,
    "iptm": 0.9513098001480103,
    "ligand_iptm": 0.9513098001480103,
    "protein_iptm": 0.0,
    "complex_plddt": 0.929629921913147,
    "complex_iplddt": 0.8350178599357605,
    "complex_pde": 0.3901768624782562,
    "complex_ipde": 0.6955294609069824,
    "chains_ptm": {
        "0": 0.9657894968986511,
        "1": 0.9422659873962402
    },
    "pair_chains_iptm": {
        "0": {
            "0": 0.9657894968986511,
            "1": 0.6042616963386536
        },
        "1": {
            "0": 0.9513098001480103,
            "1": 0.9422659873962402
        }
    }
}