{
    "confidence_score": 0.9616468548774719,
    "ptm": 0.9631268382072449,
    "iptm": 0.962289035320282,
    "ligand_iptm": 0.962289035320282,
    "protein_iptm": 0.0,
    "complex_plddt": 0.9614863395690918,
    "complex_iplddt": 0.9245097637176514,
    "complex_pde": 0.3701828420162201,
    "complex_ipde": 0.6041982173919678,
    "chains_ptm": {
        "0": 0.9632742404937744,
        "1": 0.9696984887123108
    },
    "pair_chains_iptm": {
        "0": {
            "0": 0.9632742404937744,
            "1": 0.6319206953048706
        },
        "1": {
            "0": 0.962289035320282,
            "1": 0.9696984887123108
        }
    }
}