seed,sample,ranking_score
44,0,0.8413050655145963
44,1,0.8310588973288054
44,2,0.8258647901267705
44,3,0.8227313455221585
44,4,0.8140946708606649
9,0,0.8001776426917633
9,1,0.8132802071845341
9,2,0.8356159394298223
9,3,0.8160212076701279
9,4,0.8225509824037314
80,0,0.825284089146116
80,1,0.8256862933768253
80,2,0.7936529108932326
80,3,0.8042968777348672
80,4,0.8079619776727393
