{
    "confidence_score": 0.9450761675834656,
    "ptm": 0.9460252523422241,
    "iptm": 0.868144154548645,
    "ligand_iptm": 0.868144154548645,
    "protein_iptm": 0.0,
    "complex_plddt": 0.9643092155456543,
    "complex_iplddt": 0.9271126389503479,
    "complex_pde": 0.4821419417858124,
    "complex_ipde": 1.6298757791519165,
    "chains_ptm": {
        "0": 0.9488900303840637,
        "1": 0.9615443348884583
    },
    "pair_chains_iptm": {
        "0": {
            "0": 0.9488900303840637,
            "1": 0.363150417804718
        },
        "1": {
            "0": 0.868144154548645,
            "1": 0.9615443348884583
        }
    }
}