{
    "confidence_score": 0.9507258534431458,
    "ptm": 0.9626209139823914,
    "iptm": 0.9469558000564575,
    "ligand_iptm": 0.9469558000564575,
    "protein_iptm": 0.0,
    "complex_plddt": 0.951668381690979,
    "complex_iplddt": 0.9316562414169312,
    "complex_pde": 0.3780008554458618,
    "complex_ipde": 0.7351126074790955,
    "chains_ptm": {
        "0": 0.9635534882545471,
        "1": 0.9332234859466553
    },
    "pair_chains_iptm": {
        "0": {
            "0": 0.9635534882545471,
            "1": 0.48421362042427063
        },
        "1": {
            "0": 0.9469558000564575,
            "1": 0.9332234859466553
        }
    }
}