seed,sample,ranking_score
1,0,0.6263028776128124
1,1,0.682409927569603
1,2,0.6300561493443757
1,3,0.6478731783956891
1,4,0.6175762967970402
