{
    "confidence_score": 0.9310911297798157,
    "ptm": 0.9426451325416565,
    "iptm": 0.922982931137085,
    "ligand_iptm": 0.922982931137085,
    "protein_iptm": 0.0,
    "complex_plddt": 0.9331181645393372,
    "complex_iplddt": 0.8829560279846191,
    "complex_pde": 0.4925229549407959,
    "complex_ipde": 1.000241994857788,
    "chains_ptm": {
        "0": 0.9439655542373657,
        "1": 0.8759387731552124
    },
    "pair_chains_iptm": {
        "0": {
            "0": 0.9439655542373657,
            "1": 0.4152204692363739
        },
        "1": {
            "0": 0.922982931137085,
            "1": 0.8759387731552124
        }
    }
}