{
    "confidence_score": 0.9433490633964539,
    "ptm": 0.9674286842346191,
    "iptm": 0.9110924601554871,
    "ligand_iptm": 0.9110924601554871,
    "protein_iptm": 0.0,
    "complex_plddt": 0.9514132142066956,
    "complex_iplddt": 0.9174561500549316,
    "complex_pde": 0.39412370324134827,
    "complex_ipde": 1.3373695611953735,
    "chains_ptm": {
        "0": 0.9697494506835938,
        "1": 0.9862130880355835
    },
    "pair_chains_iptm": {
        "0": {
            "0": 0.9697494506835938,
            "1": 0.5633448958396912
        },
        "1": {
            "0": 0.9110924601554871,
            "1": 0.9862130880355835
        }
    }
}