seed,sample,ranking_score
44,0,0.8641644224660423
44,1,0.8742017193862033
44,2,0.8351571706370319
44,3,0.8389891781148892
44,4,0.8517743763856368
9,0,0.8016334312377978
9,1,0.8229941480680347
9,2,0.8405017817741891
9,3,0.8399342958382165
9,4,0.836575937880871
80,0,0.8371250801632495
80,1,0.8502164127824577
80,2,0.8312597514582314
80,3,0.8393517698291734
80,4,0.8482357132905887
