seed,sample,ranking_score
1,0,0.8588586403020672
1,1,0.850264117262734
1,2,0.8694898680130647
1,3,0.8221970796367163
1,4,0.8429717575100326
