seed,sample,ranking_score
1,0,0.6953805859101955
1,1,0.7200767850306737
1,2,0.7081325592990028
1,3,0.6938024999670114
1,4,0.69231573980151
