seed,sample,ranking_score
44,0,0.9580278961751333
44,1,0.9586195498030645
44,2,0.9436928214830776
44,3,0.9578234522991385
44,4,0.9461193195290556
9,0,0.9325209865592946
9,1,0.944691953640813
9,2,0.9474750166092873
9,3,0.8678498564038474
9,4,0.9450188867815975
80,0,0.9453574055913956
80,1,0.9414569227460127
80,2,0.9313136395658268
80,3,0.9408775950875947
80,4,0.9349910532605538
