seed,sample,ranking_score
44,0,0.9057091584821937
44,1,0.9094806005843209
44,2,0.8814054542907725
44,3,0.8869166878001358
44,4,0.8937332183626656
9,0,0.8779230798052896
9,1,0.8797040904620541
9,2,0.8725200261071855
9,3,0.8787991279826074
9,4,0.8782881490759996
80,0,0.8792485845428236
80,1,0.8758637726662492
80,2,0.8769933797219596
80,3,0.8750552841255138
80,4,0.8690657485185288
