{
    "confidence_score": 0.9586324095726013,
    "ptm": 0.9638339877128601,
    "iptm": 0.9680011868476868,
    "ligand_iptm": 0.9680011868476868,
    "protein_iptm": 0.0,
    "complex_plddt": 0.9562901258468628,
    "complex_iplddt": 0.9350799918174744,
    "complex_pde": 0.3799613416194916,
    "complex_ipde": 0.5942620038986206,
    "chains_ptm": {
        "0": 0.9636434316635132,
        "1": 0.8962224721908569
    },
    "pair_chains_iptm": {
        "0": {
            "0": 0.9636434316635132,
            "1": 0.5686681866645813
        },
        "1": {
            "0": 0.9680011868476868,
            "1": 0.8962224721908569
        }
    }
}