{
    "confidence_score": 0.947028636932373,
    "ptm": 0.9605598449707031,
    "iptm": 0.9622724056243896,
    "ligand_iptm": 0.9622724056243896,
    "protein_iptm": 0.0,
    "complex_plddt": 0.9432176947593689,
    "complex_iplddt": 0.8776795268058777,
    "complex_pde": 0.3918345868587494,
    "complex_ipde": 0.6498642563819885,
    "chains_ptm": {
        "0": 0.9605790972709656,
        "1": 0.9544360637664795
    },
    "pair_chains_iptm": {
        "0": {
            "0": 0.9605790972709656,
            "1": 0.6520007848739624
        },
        "1": {
            "0": 0.9622724056243896,
            "1": 0.9544360637664795
        }
    }
}