{
    "confidence_score": 0.9490460753440857,
    "ptm": 0.9495453238487244,
    "iptm": 0.9594570398330688,
    "ligand_iptm": 0.9594570398330688,
    "protein_iptm": 0.0,
    "complex_plddt": 0.9464433193206787,
    "complex_iplddt": 0.9275259971618652,
    "complex_pde": 0.4439499080181122,
    "complex_ipde": 0.7084075212478638,
    "chains_ptm": {
        "0": 0.9487708806991577,
        "1": 0.9447405338287354
    },
    "pair_chains_iptm": {
        "0": {
            "0": 0.9487708806991577,
            "1": 0.7027078866958618
        },
        "1": {
            "0": 0.9594570398330688,
            "1": 0.9447405338287354
        }
    }
}