seed,sample,ranking_score
1,0,0.9014540866365021
1,1,0.9263663666039965
1,2,0.9143369853346397
1,3,0.909525161075313
1,4,0.9097372842827985
