{
    "confidence_score": 0.9593815207481384,
    "ptm": 0.9669699668884277,
    "iptm": 0.9695875644683838,
    "ligand_iptm": 0.9695875644683838,
    "protein_iptm": 0.0,
    "complex_plddt": 0.9568300247192383,
    "complex_iplddt": 0.9498156905174255,
    "complex_pde": 0.3643072843551636,
    "complex_ipde": 0.635827362537384,
    "chains_ptm": {
        "0": 0.967023491859436,
        "1": 0.9606972336769104
    },
    "pair_chains_iptm": {
        "0": {
            "0": 0.967023491859436,
            "1": 0.5816335678100586
        },
        "1": {
            "0": 0.9695875644683838,
            "1": 0.9606972336769104
        }
    }
}