{
    "confidence_score": 0.957875669002533,
    "ptm": 0.9475530385971069,
    "iptm": 0.9569228887557983,
    "ligand_iptm": 0.9569228887557983,
    "protein_iptm": 0.0,
    "complex_plddt": 0.9581138491630554,
    "complex_iplddt": 0.9346463084220886,
    "complex_pde": 0.435656875371933,
    "complex_ipde": 0.7462086081504822,
    "chains_ptm": {
        "0": 0.9472484588623047,
        "1": 0.9822454452514648
    },
    "pair_chains_iptm": {
        "0": {
            "0": 0.9472484588623047,
            "1": 0.6496897339820862
        },
        "1": {
            "0": 0.9569228887557983,
            "1": 0.9822454452514648
        }
    }
}