{
    "confidence_score": 0.9598594903945923,
    "ptm": 0.9572734236717224,
    "iptm": 0.9666743278503418,
    "ligand_iptm": 0.9666743278503418,
    "protein_iptm": 0.0,
    "complex_plddt": 0.9581556916236877,
    "complex_iplddt": 0.9503313899040222,
    "complex_pde": 0.394681841135025,
    "complex_ipde": 0.584536612033844,
    "chains_ptm": {
        "0": 0.9567217826843262,
        "1": 0.9625243544578552
    },
    "pair_chains_iptm": {
        "0": {
            "0": 0.9567217826843262,
            "1": 0.6406200528144836
        },
        "1": {
            "0": 0.9666743278503418,
            "1": 0.9625243544578552
        }
    }
}