seed,sample,ranking_score
1,0,0.827391699864662
1,1,0.8276425469153298
1,2,0.9034581253599117
1,3,0.873827919766599
1,4,0.895946378884819
