{
    "confidence_score": 0.9577550888061523,
    "ptm": 0.9625055193901062,
    "iptm": 0.9681199193000793,
    "ligand_iptm": 0.9681199193000793,
    "protein_iptm": 0.0,
    "complex_plddt": 0.955163836479187,
    "complex_iplddt": 0.9329297542572021,
    "complex_pde": 0.3734893202781677,
    "complex_ipde": 0.584649384021759,
    "chains_ptm": {
        "0": 0.9623417258262634,
        "1": 0.9561945796012878
    },
    "pair_chains_iptm": {
        "0": {
            "0": 0.9623417258262634,
            "1": 0.6178231835365295
        },
        "1": {
            "0": 0.9681199193000793,
            "1": 0.9561945796012878
        }
    }
}