{
    "confidence_score": 0.9431806802749634,
    "ptm": 0.9549348950386047,
    "iptm": 0.9701806306838989,
    "ligand_iptm": 0.9701806306838989,
    "protein_iptm": 0.0,
    "complex_plddt": 0.9364306926727295,
    "complex_iplddt": 0.9124462604522705,
    "complex_pde": 0.4248679280281067,
    "complex_ipde": 0.5828911662101746,
    "chains_ptm": {
        "0": 0.9539591670036316,
        "1": 0.9279698729515076
    },
    "pair_chains_iptm": {
        "0": {
            "0": 0.9539591670036316,
            "1": 0.6455978155136108
        },
        "1": {
            "0": 0.9701806306838989,
            "1": 0.9279698729515076
        }
    }
}