{
    "confidence_score": 0.95122891664505,
    "ptm": 0.9589883089065552,
    "iptm": 0.9714016318321228,
    "ligand_iptm": 0.9714016318321228,
    "protein_iptm": 0.0,
    "complex_plddt": 0.9461857080459595,
    "complex_iplddt": 0.9118185639381409,
    "complex_pde": 0.3877456784248352,
    "complex_ipde": 0.5917772054672241,
    "chains_ptm": {
        "0": 0.9585832953453064,
        "1": 0.9809016585350037
    },
    "pair_chains_iptm": {
        "0": {
            "0": 0.9585832953453064,
            "1": 0.6761714816093445
        },
        "1": {
            "0": 0.9714016318321228,
            "1": 0.9809016585350037
        }
    }
}