{
    "confidence_score": 0.9504752159118652,
    "ptm": 0.9585755467414856,
    "iptm": 0.9732068777084351,
    "ligand_iptm": 0.9732068777084351,
    "protein_iptm": 0.0,
    "complex_plddt": 0.9447923302650452,
    "complex_iplddt": 0.9042990803718567,
    "complex_pde": 0.3877847194671631,
    "complex_ipde": 0.5468754172325134,
    "chains_ptm": {
        "0": 0.9578874111175537,
        "1": 0.9386600852012634
    },
    "pair_chains_iptm": {
        "0": {
            "0": 0.9578874111175537,
            "1": 0.5795176029205322
        },
        "1": {
            "0": 0.9732068777084351,
            "1": 0.9386600852012634
        }
    }
}