{
    "confidence_score": 0.941364586353302,
    "ptm": 0.9662882685661316,
    "iptm": 0.9007399082183838,
    "ligand_iptm": 0.9007399082183838,
    "protein_iptm": 0.0,
    "complex_plddt": 0.9515207409858704,
    "complex_iplddt": 0.8991959691047668,
    "complex_pde": 0.39999017119407654,
    "complex_ipde": 1.2356358766555786,
    "chains_ptm": {
        "0": 0.969302237033844,
        "1": 0.9226888418197632
    },
    "pair_chains_iptm": {
        "0": {
            "0": 0.969302237033844,
            "1": 0.44822177290916443
        },
        "1": {
            "0": 0.9007399082183838,
            "1": 0.9226888418197632
        }
    }
}