seed,sample,ranking_score
1,0,0.7973938458044697
1,1,0.7909609974638337
1,2,0.7873839800732367
1,3,0.7910175174721452
1,4,0.7668069349963362
