seed,sample,ranking_score
1,0,0.825802049775003
1,1,0.7467767650702416
1,2,0.8258581817508758
1,3,0.8168297861118413
1,4,0.7446312176912966
