{
    "confidence_score": 0.9324010014533997,
    "ptm": 0.9589589834213257,
    "iptm": 0.9585066437721252,
    "ligand_iptm": 0.9585066437721252,
    "protein_iptm": 0.0,
    "complex_plddt": 0.9258745908737183,
    "complex_iplddt": 0.8445096015930176,
    "complex_pde": 0.39331379532814026,
    "complex_ipde": 0.6175808310508728,
    "chains_ptm": {
        "0": 0.959064781665802,
        "1": 0.9443202614784241
    },
    "pair_chains_iptm": {
        "0": {
            "0": 0.959064781665802,
            "1": 0.6825044751167297
        },
        "1": {
            "0": 0.9585066437721252,
            "1": 0.9443202614784241
        }
    }
}