seed,sample,ranking_score
44,0,0.8952437206142404
44,1,0.9048981725266485
44,2,0.8672676407932689
44,3,0.8813600703125856
44,4,0.8741657240681997
9,0,0.8542981558658689
9,1,0.865659769859243
9,2,0.8762811911890873
9,3,0.8694592149360773
9,4,0.8795489689025063
80,0,0.8786095284043162
80,1,0.8916518855606467
80,2,0.8661236882625917
80,3,0.8577757573609989
80,4,0.8685194096628621
