{
    "confidence_score": 0.9496146440505981,
    "ptm": 0.9554181694984436,
    "iptm": 0.9651016592979431,
    "ligand_iptm": 0.9651016592979431,
    "protein_iptm": 0.0,
    "complex_plddt": 0.9457428455352783,
    "complex_iplddt": 0.9287136197090149,
    "complex_pde": 0.42497268319129944,
    "complex_ipde": 0.6472616791725159,
    "chains_ptm": {
        "0": 0.9547438621520996,
        "1": 0.9300837516784668
    },
    "pair_chains_iptm": {
        "0": {
            "0": 0.9547438621520996,
            "1": 0.6544187664985657
        },
        "1": {
            "0": 0.9651016592979431,
            "1": 0.9300837516784668
        }
    }
}