seed,sample,ranking_score
1,0,0.7098758620876617
1,1,0.660867071920542
1,2,0.6291004825594251
1,3,0.6887516034300065
1,4,0.6594372079667888
