seed,sample,ranking_score
44,0,0.7815568690931278
44,1,0.8056382921655243
44,2,0.7849349368070689
44,3,0.8157415785672393
44,4,0.8025823543070494
9,0,0.783673217322556
9,1,0.7927889949090294
9,2,0.7498199909093373
9,3,0.7858895143830193
9,4,0.7749040462198367
80,0,0.7925203772925495
80,1,0.7662287857846507
80,2,0.7511176979174503
80,3,0.7694979398303692
80,4,0.7589311943314986
