seed,sample,ranking_score
44,0,0.8836986200807481
44,1,0.8818061559570829
44,2,0.873317212159884
44,3,0.8526169566277272
44,4,0.8603883655023675
9,0,0.8454676203692603
9,1,0.8510387491457612
9,2,0.8456509238913962
9,3,0.8677824256081075
9,4,0.8582400321238113
80,0,0.8115079616159574
80,1,0.877608590072512
80,2,0.8496274426071867
80,3,0.8475719065079336
80,4,0.847609543149367
