seed,sample,ranking_score
1,0,0.8114847045748248
1,1,0.8988151560840991
1,2,0.8989192573639777
1,3,0.8892738806320784
1,4,0.8977327577431641
