seed,sample,ranking_score
1,0,0.8526694979139932
1,1,0.8685885855955785
1,2,0.8602084196470263
1,3,0.8696430960962598
1,4,0.8575162311464346
