seed,sample,ranking_score
44,0,0.7540100711915132
44,1,0.79423691833581
44,2,0.7331995711645213
44,3,0.7659070056018359
44,4,0.7750884039689032
9,0,0.6937400158882003
9,1,0.7256420538800474
9,2,0.7368429418910256
9,3,0.7058389449819674
9,4,0.7048269095565193
80,0,0.7313396071592232
80,1,0.7427552334244244
80,2,0.6700826799096249
80,3,0.7528740840338155
80,4,0.6895565371160293
