{
    "confidence_score": 0.9520360231399536,
    "ptm": 0.9565272927284241,
    "iptm": 0.9745356440544128,
    "ligand_iptm": 0.9745356440544128,
    "protein_iptm": 0.0,
    "complex_plddt": 0.9464111328125,
    "complex_iplddt": 0.9278824329376221,
    "complex_pde": 0.39861786365509033,
    "complex_ipde": 0.5432482361793518,
    "chains_ptm": {
        "0": 0.9556741118431091,
        "1": 0.9823434352874756
    },
    "pair_chains_iptm": {
        "0": {
            "0": 0.9556741118431091,
            "1": 0.7203457951545715
        },
        "1": {
            "0": 0.9745356440544128,
            "1": 0.9823434352874756
        }
    }
}