seed,sample,ranking_score
1,0,0.8209169540963841
1,1,0.8325247048069514
1,2,0.8017998856527637
1,3,0.8196154959588583
1,4,0.829436583631097
