seed,sample,ranking_score
1,0,0.7646683105600448
1,1,0.7553712076650152
1,2,0.45283983440514863
1,3,0.7777468872173464
1,4,0.7551447775311116
