seed,sample,ranking_score
1,0,0.8459922206696097
1,1,0.8778281311850733
1,2,0.8622121664653921
1,3,0.8645537075434186
1,4,0.8597995825628979
