{
    "confidence_score": 0.9501463770866394,
    "ptm": 0.9557655453681946,
    "iptm": 0.9667744040489197,
    "ligand_iptm": 0.9667744040489197,
    "protein_iptm": 0.0,
    "complex_plddt": 0.9459894299507141,
    "complex_iplddt": 0.9182050824165344,
    "complex_pde": 0.40037277340888977,
    "complex_ipde": 0.6043427586555481,
    "chains_ptm": {
        "0": 0.9549709558486938,
        "1": 0.9642946720123291
    },
    "pair_chains_iptm": {
        "0": {
            "0": 0.9549709558486938,
            "1": 0.6981374621391296
        },
        "1": {
            "0": 0.9667744040489197,
            "1": 0.9642946720123291
        }
    }
}