{
    "confidence_score": 0.955869197845459,
    "ptm": 0.9414982199668884,
    "iptm": 0.9492406845092773,
    "ligand_iptm": 0.9492406845092773,
    "protein_iptm": 0.0,
    "complex_plddt": 0.9575263261795044,
    "complex_iplddt": 0.9419711232185364,
    "complex_pde": 0.47651222348213196,
    "complex_ipde": 0.8457627892494202,
    "chains_ptm": {
        "0": 0.941369354724884,
        "1": 0.9512630701065063
    },
    "pair_chains_iptm": {
        "0": {
            "0": 0.941369354724884,
            "1": 0.5515297055244446
        },
        "1": {
            "0": 0.9492406845092773,
            "1": 0.9512630701065063
        }
    }
}