{
    "confidence_score": 0.9654253125190735,
    "ptm": 0.9591519236564636,
    "iptm": 0.980485737323761,
    "ligand_iptm": 0.980485737323761,
    "protein_iptm": 0.0,
    "complex_plddt": 0.9616601467132568,
    "complex_iplddt": 0.9564151763916016,
    "complex_pde": 0.38426950573921204,
    "complex_ipde": 0.5246486663818359,
    "chains_ptm": {
        "0": 0.9578043222427368,
        "1": 0.9806533455848694
    },
    "pair_chains_iptm": {
        "0": {
            "0": 0.9578043222427368,
            "1": 0.7859732508659363
        },
        "1": {
            "0": 0.980485737323761,
            "1": 0.9806533455848694
        }
    }
}