{
    "confidence_score": 0.9436445236206055,
    "ptm": 0.9448751211166382,
    "iptm": 0.9460363388061523,
    "ligand_iptm": 0.9460363388061523,
    "protein_iptm": 0.0,
    "complex_plddt": 0.9430466294288635,
    "complex_iplddt": 0.916476309299469,
    "complex_pde": 0.46335357427597046,
    "complex_ipde": 0.7759312391281128,
    "chains_ptm": {
        "0": 0.9449605345726013,
        "1": 0.9421221613883972
    },
    "pair_chains_iptm": {
        "0": {
            "0": 0.9449605345726013,
            "1": 0.5311886668205261
        },
        "1": {
            "0": 0.9460363388061523,
            "1": 0.9421221613883972
        }
    }
}