seed,sample,ranking_score
1,0,0.9532333558867188
1,1,0.977605051625953
1,2,0.9738420585724454
1,3,0.9525687658349147
1,4,0.9634555216812343
