seed,sample,ranking_score
44,0,0.9141467455514042
44,1,0.9167300364329739
44,2,0.8797085748366638
44,3,0.8938547947588589
44,4,0.8847401731848568
9,0,0.8793732044394427
9,1,0.8792795205018155
9,2,0.8752186582383434
9,3,0.8836314075224269
9,4,0.8774977349036599
80,0,0.8828947697836431
80,1,0.897151581490465
80,2,0.8815427866369903
80,3,0.8816749307573343
80,4,0.8807686659337556
