seed,sample,ranking_score
1,0,0.8405359495696006
1,1,0.8378780300300015
1,2,0.8631291775272258
1,3,0.8514967494323105
1,4,0.8592388016179573
