seed,sample,ranking_score
1,0,0.9534071966964138
1,1,0.9777851351405412
1,2,0.9742135814102248
1,3,0.9527227020784446
1,4,0.9669210889032128
