{
    "confidence_score": 0.946193516254425,
    "ptm": 0.966690719127655,
    "iptm": 0.9694985151290894,
    "ligand_iptm": 0.9694985151290894,
    "protein_iptm": 0.0,
    "complex_plddt": 0.9403672218322754,
    "complex_iplddt": 0.9130532741546631,
    "complex_pde": 0.3689935803413391,
    "complex_ipde": 0.5624765753746033,
    "chains_ptm": {
        "0": 0.9665360450744629,
        "1": 0.9513393640518188
    },
    "pair_chains_iptm": {
        "0": {
            "0": 0.9665360450744629,
            "1": 0.6866287589073181
        },
        "1": {
            "0": 0.9694985151290894,
            "1": 0.9513393640518188
        }
    }
}