seed,sample,ranking_score
44,0,0.8148187615082451
44,1,0.8305135850220168
44,2,0.8117284136576998
44,3,0.8056593387385239
44,4,0.7997609534611698
9,0,0.7832901711844645
9,1,0.7770632091842758
9,2,0.8087216348953163
9,3,0.7934406427209307
9,4,0.8004630593151467
80,0,0.8137175276122479
80,1,0.8279717257282517
80,2,0.8205371447319361
80,3,0.811767350781507
80,4,0.8380763833483262
