{
    "confidence_score": 0.9612972140312195,
    "ptm": 0.9660148024559021,
    "iptm": 0.9905034899711609,
    "ligand_iptm": 0.9905034899711609,
    "protein_iptm": 0.0,
    "complex_plddt": 0.9539956450462341,
    "complex_iplddt": 0.950293242931366,
    "complex_pde": 0.3529576063156128,
    "complex_ipde": 0.37262797355651855,
    "chains_ptm": {
        "0": 0.9649478793144226,
        "1": 0.9904868602752686
    },
    "pair_chains_iptm": {
        "0": {
            "0": 0.9649478793144226,
            "1": 0.8203772902488708
        },
        "1": {
            "0": 0.9905034899711609,
            "1": 0.9904868602752686
        }
    }
}