seed,sample,ranking_score
1,0,0.8121563593228722
1,1,0.8086905691137444
1,2,0.7940268252464824
1,3,0.8090465560075939
1,4,0.8173264561461409
