{
    "confidence_score": 0.9468880891799927,
    "ptm": 0.9486510157585144,
    "iptm": 0.936802089214325,
    "ligand_iptm": 0.936802089214325,
    "protein_iptm": 0.0,
    "complex_plddt": 0.9494096040725708,
    "complex_iplddt": 0.9324161410331726,
    "complex_pde": 0.4466104507446289,
    "complex_ipde": 0.8667914271354675,
    "chains_ptm": {
        "0": 0.9493342638015747,
        "1": 0.9314409494400024
    },
    "pair_chains_iptm": {
        "0": {
            "0": 0.9493342638015747,
            "1": 0.45388445258140564
        },
        "1": {
            "0": 0.936802089214325,
            "1": 0.9314409494400024
        }
    }
}