seed,sample,ranking_score
1,0,0.8161095322688805
1,1,0.8167272359427463
1,2,0.8180458730422668
1,3,0.8004946402156007
1,4,0.827121820718315
