seed,sample,ranking_score
1,0,0.7520230646912192
1,1,0.8362127816583436
1,2,0.754020278945019
1,3,0.7494876403951536
1,4,0.7595781337804394
