seed,sample,ranking_score
1,0,0.8327829720738119
1,1,0.8652040617034481
1,2,0.8482505922592745
1,3,0.8471226733869728
1,4,0.8380279976934204
