{
    "confidence_score": 0.9488142132759094,
    "ptm": 0.9579140543937683,
    "iptm": 0.977968692779541,
    "ligand_iptm": 0.977968692779541,
    "protein_iptm": 0.0,
    "complex_plddt": 0.9415256381034851,
    "complex_iplddt": 0.9369962811470032,
    "complex_pde": 0.39728736877441406,
    "complex_ipde": 0.49886026978492737,
    "chains_ptm": {
        "0": 0.9560030102729797,
        "1": 0.9052189588546753
    },
    "pair_chains_iptm": {
        "0": {
            "0": 0.9560030102729797,
            "1": 0.682115375995636
        },
        "1": {
            "0": 0.977968692779541,
            "1": 0.9052189588546753
        }
    }
}