{
    "confidence_score": 0.938936710357666,
    "ptm": 0.9611659646034241,
    "iptm": 0.9336205720901489,
    "ligand_iptm": 0.9336205720901489,
    "protein_iptm": 0.0,
    "complex_plddt": 0.9402657747268677,
    "complex_iplddt": 0.9051100015640259,
    "complex_pde": 0.4048750400543213,
    "complex_ipde": 0.8776949644088745,
    "chains_ptm": {
        "0": 0.9630758166313171,
        "1": 0.9260331392288208
    },
    "pair_chains_iptm": {
        "0": {
            "0": 0.9630758166313171,
            "1": 0.5150192379951477
        },
        "1": {
            "0": 0.9336205720901489,
            "1": 0.9260331392288208
        }
    }
}