seed,sample,ranking_score
1,0,0.9142070540625076
1,1,0.9235046968987489
1,2,0.943708844334224
1,3,0.9147741340012868
1,4,0.9173707993525827
