seed,sample,ranking_score
1,0,0.7073032159557052
1,1,0.727869757606895
1,2,0.741594658366287
1,3,0.7366109465044015
1,4,0.7225064870443308
