{
    "confidence_score": 0.9297052621841431,
    "ptm": 0.9644683003425598,
    "iptm": 0.841848611831665,
    "ligand_iptm": 0.841848611831665,
    "protein_iptm": 0.0,
    "complex_plddt": 0.9516693949699402,
    "complex_iplddt": 0.8785264492034912,
    "complex_pde": 0.44849714636802673,
    "complex_ipde": 2.1777868270874023,
    "chains_ptm": {
        "0": 0.9693755507469177,
        "1": 0.9628691673278809
    },
    "pair_chains_iptm": {
        "0": {
            "0": 0.9693755507469177,
            "1": 0.37354859709739685
        },
        "1": {
            "0": 0.841848611831665,
            "1": 0.9628691673278809
        }
    }
}