{
    "confidence_score": 0.9534103274345398,
    "ptm": 0.9635935425758362,
    "iptm": 0.9544819593429565,
    "ligand_iptm": 0.9544819593429565,
    "protein_iptm": 0.0,
    "complex_plddt": 0.9531424045562744,
    "complex_iplddt": 0.9025935530662537,
    "complex_pde": 0.382565975189209,
    "complex_ipde": 0.6603624224662781,
    "chains_ptm": {
        "0": 0.9642292261123657,
        "1": 0.9501023888587952
    },
    "pair_chains_iptm": {
        "0": {
            "0": 0.9642292261123657,
            "1": 0.6105714440345764
        },
        "1": {
            "0": 0.9544819593429565,
            "1": 0.9501023888587952
        }
    }
}