{
    "confidence_score": 0.9567017555236816,
    "ptm": 0.9628490209579468,
    "iptm": 0.9644325375556946,
    "ligand_iptm": 0.9644325375556946,
    "protein_iptm": 0.0,
    "complex_plddt": 0.9547690749168396,
    "complex_iplddt": 0.9377551674842834,
    "complex_pde": 0.3798307776451111,
    "complex_ipde": 0.6327934861183167,
    "chains_ptm": {
        "0": 0.962976336479187,
        "1": 0.967197835445404
    },
    "pair_chains_iptm": {
        "0": {
            "0": 0.962976336479187,
            "1": 0.6480714678764343
        },
        "1": {
            "0": 0.9644325375556946,
            "1": 0.967197835445404
        }
    }
}