seed,sample,ranking_score
1,0,0.8206877343466948
1,1,0.8047779753724242
1,2,0.8018633598012251
1,3,0.782342713249738
1,4,0.8307042831674116
