seed,sample,ranking_score
44,0,0.9328607598956685
44,1,0.9334188125582037
44,2,0.9136857661645583
44,3,0.9121175061704643
44,4,0.9204015625432492
9,0,0.9061061149976088
9,1,0.9087034055173774
9,2,0.9091773116699668
9,3,0.9106437291148555
9,4,0.9116238959944227
80,0,0.9128563514482411
80,1,0.9132613628334706
80,2,0.9067754599322364
80,3,0.9064062107214145
80,4,0.9062379670914383
