seed,sample,ranking_score
1,0,0.795707110967014
1,1,0.7736634027264669
1,2,0.8180150282076362
1,3,0.795648245624112
1,4,0.7794235850980659
