{
    "confidence_score": 0.9408909678459167,
    "ptm": 0.960822582244873,
    "iptm": 0.9630618691444397,
    "ligand_iptm": 0.9630618691444397,
    "protein_iptm": 0.0,
    "complex_plddt": 0.9353482723236084,
    "complex_iplddt": 0.8674293160438538,
    "complex_pde": 0.38474375009536743,
    "complex_ipde": 0.590158998966217,
    "chains_ptm": {
        "0": 0.960737943649292,
        "1": 0.9358068108558655
    },
    "pair_chains_iptm": {
        "0": {
            "0": 0.960737943649292,
            "1": 0.6197834014892578
        },
        "1": {
            "0": 0.9630618691444397,
            "1": 0.9358068108558655
        }
    }
}