{
    "confidence_score": 0.9344232678413391,
    "ptm": 0.9516766667366028,
    "iptm": 0.8923225998878479,
    "ligand_iptm": 0.8923225998878479,
    "protein_iptm": 0.0,
    "complex_plddt": 0.9449483752250671,
    "complex_iplddt": 0.8941061496734619,
    "complex_pde": 0.4536876976490021,
    "complex_ipde": 1.2712769508361816,
    "chains_ptm": {
        "0": 0.95529705286026,
        "1": 0.9251679182052612
    },
    "pair_chains_iptm": {
        "0": {
            "0": 0.95529705286026,
            "1": 0.4381806552410126
        },
        "1": {
            "0": 0.8923225998878479,
            "1": 0.9251679182052612
        }
    }
}