{
    "confidence_score": 0.963770866394043,
    "ptm": 0.9545109272003174,
    "iptm": 0.9826469421386719,
    "ligand_iptm": 0.9826469421386719,
    "protein_iptm": 0.0,
    "complex_plddt": 0.9590519070625305,
    "complex_iplddt": 0.9487478733062744,
    "complex_pde": 0.3924556076526642,
    "complex_ipde": 0.46503984928131104,
    "chains_ptm": {
        "0": 0.952623188495636,
        "1": 0.9581632614135742
    },
    "pair_chains_iptm": {
        "0": {
            "0": 0.952623188495636,
            "1": 0.7571950554847717
        },
        "1": {
            "0": 0.9826469421386719,
            "1": 0.9581632614135742
        }
    }
}