{
    "confidence_score": 0.9306979179382324,
    "ptm": 0.9652246832847595,
    "iptm": 0.9780635237693787,
    "ligand_iptm": 0.9780635237693787,
    "protein_iptm": 0.0,
    "complex_plddt": 0.9188565611839294,
    "complex_iplddt": 0.8238366842269897,
    "complex_pde": 0.36122846603393555,
    "complex_ipde": 0.4746013581752777,
    "chains_ptm": {
        "0": 0.9643121361732483,
        "1": 0.9645418524742126
    },
    "pair_chains_iptm": {
        "0": {
            "0": 0.9643121361732483,
            "1": 0.7348552942276001
        },
        "1": {
            "0": 0.9780635237693787,
            "1": 0.9645418524742126
        }
    }
}