seed,sample,ranking_score
44,0,0.8118233714471579
44,1,0.8144042372036966
44,2,0.8253126697263609
44,3,0.8375091599463739
44,4,0.8317804989893233
9,0,0.8262309231174185
9,1,0.8326776608417469
9,2,0.82236527932798
9,3,0.8310081411811433
9,4,0.8308180543432712
80,0,0.8106739661406646
80,1,0.8221185254422083
80,2,0.8111919346266705
80,3,0.8288500146986229
80,4,0.8391115805550869
