{
    "confidence_score": 0.9457794427871704,
    "ptm": 0.9419193267822266,
    "iptm": 0.9358940720558167,
    "ligand_iptm": 0.9358940720558167,
    "protein_iptm": 0.0,
    "complex_plddt": 0.9482507109642029,
    "complex_iplddt": 0.9149236083030701,
    "complex_pde": 0.46960175037384033,
    "complex_ipde": 0.8286188244819641,
    "chains_ptm": {
        "0": 0.9422403573989868,
        "1": 0.9202165603637695
    },
    "pair_chains_iptm": {
        "0": {
            "0": 0.9422403573989868,
            "1": 0.5172343254089355
        },
        "1": {
            "0": 0.9358940720558167,
            "1": 0.9202165603637695
        }
    }
}