seed,sample,ranking_score
1,0,0.7368617169963234
1,1,0.7805694839653894
1,2,0.8046150769554546
1,3,0.7508513900737352
1,4,0.7916811108130283
