{
    "confidence_score": 0.937364399433136,
    "ptm": 0.9560568928718567,
    "iptm": 0.9564024209976196,
    "ligand_iptm": 0.9564024209976196,
    "protein_iptm": 0.0,
    "complex_plddt": 0.9326049089431763,
    "complex_iplddt": 0.8752637505531311,
    "complex_pde": 0.40728411078453064,
    "complex_ipde": 0.6741304993629456,
    "chains_ptm": {
        "0": 0.9561927914619446,
        "1": 0.9536820650100708
    },
    "pair_chains_iptm": {
        "0": {
            "0": 0.9561927914619446,
            "1": 0.6023152470588684
        },
        "1": {
            "0": 0.9564024209976196,
            "1": 0.9536820650100708
        }
    }
}