{
    "confidence_score": 0.9425151944160461,
    "ptm": 0.9604279398918152,
    "iptm": 0.972362756729126,
    "ligand_iptm": 0.972362756729126,
    "protein_iptm": 0.0,
    "complex_plddt": 0.9350532293319702,
    "complex_iplddt": 0.9009656310081482,
    "complex_pde": 0.38281652331352234,
    "complex_ipde": 0.5550986528396606,
    "chains_ptm": {
        "0": 0.9594946503639221,
        "1": 0.9644864797592163
    },
    "pair_chains_iptm": {
        "0": {
            "0": 0.9594946503639221,
            "1": 0.7468424439430237
        },
        "1": {
            "0": 0.972362756729126,
            "1": 0.9644864797592163
        }
    }
}