seed,sample,ranking_score
1,0,0.6501684464082483
1,1,0.6640261180186693
1,2,0.6101745038695157
1,3,0.609748553440483
1,4,0.5924419943645187
