seed,sample,ranking_score
1,0,0.8967750957414397
1,1,0.894063454887196
1,2,0.9149331240846897
1,3,0.8969601086228437
1,4,0.9029333667047551
