seed,sample,ranking_score
1,0,0.8138913827606448
1,1,0.8188996491013143
1,2,0.8349888206663243
1,3,0.8170559423506126
1,4,0.8197711696887416
