seed,sample,ranking_score
1,0,0.5862568085040513
1,1,0.6601175701794001
1,2,0.6010740859939798
1,3,0.621464252992378
1,4,0.5803204879133479
