{
    "confidence_score": 0.9509645700454712,
    "ptm": 0.9612031579017639,
    "iptm": 0.971503734588623,
    "ligand_iptm": 0.971503734588623,
    "protein_iptm": 0.0,
    "complex_plddt": 0.9458297491073608,
    "complex_iplddt": 0.9314724206924438,
    "complex_pde": 0.38335368037223816,
    "complex_ipde": 0.5589727759361267,
    "chains_ptm": {
        "0": 0.9605624079704285,
        "1": 0.9001084566116333
    },
    "pair_chains_iptm": {
        "0": {
            "0": 0.9605624079704285,
            "1": 0.5729241371154785
        },
        "1": {
            "0": 0.971503734588623,
            "1": 0.9001084566116333
        }
    }
}