seed,sample,ranking_score
1,0,0.8452240343278549
1,1,0.8808266160299982
1,2,0.8564135991083667
1,3,0.8347277316164986
1,4,0.8345205096752757
