seed,sample,ranking_score
1,0,0.8070593757891439
1,1,0.8138115392859333
1,2,0.8193712085804921
1,3,0.8008526592709669
1,4,0.8107082311221742
