seed,sample,ranking_score
1,0,0.8764408302118647
1,1,0.8975855599045299
1,2,0.9042544769131288
1,3,0.880148282011919
1,4,0.8973951334182688
