{
    "confidence_score": 0.9419196248054504,
    "ptm": 0.9569206833839417,
    "iptm": 0.9364656805992126,
    "ligand_iptm": 0.9364656805992126,
    "protein_iptm": 0.0,
    "complex_plddt": 0.9432831406593323,
    "complex_iplddt": 0.9129105806350708,
    "complex_pde": 0.41347697377204895,
    "complex_ipde": 1.048919439315796,
    "chains_ptm": {
        "0": 0.9577222466468811,
        "1": 0.9887162446975708
    },
    "pair_chains_iptm": {
        "0": {
            "0": 0.9577222466468811,
            "1": 0.5947569608688354
        },
        "1": {
            "0": 0.9364656805992126,
            "1": 0.9887162446975708
        }
    }
}