seed,sample,ranking_score
44,0,0.8191088175906552
44,1,0.81021220435716
44,2,0.7660915375973122
44,3,0.8054614464775058
44,4,0.8001815086479739
9,0,0.7801296550691703
9,1,0.7988137384230104
9,2,0.8218462272572187
9,3,0.7780972549702226
9,4,0.7721874261965502
80,0,0.7922187034553765
80,1,0.8384093162919668
80,2,0.77886913387677
80,3,0.7801274507895652
80,4,0.8426583539917715
