{
    "confidence_score": 0.9280776381492615,
    "ptm": 0.9406921863555908,
    "iptm": 0.925765872001648,
    "ligand_iptm": 0.925765872001648,
    "protein_iptm": 0.0,
    "complex_plddt": 0.9286555647850037,
    "complex_iplddt": 0.8802782297134399,
    "complex_pde": 0.49950650334358215,
    "complex_ipde": 0.9764121174812317,
    "chains_ptm": {
        "0": 0.9420146346092224,
        "1": 0.9084041714668274
    },
    "pair_chains_iptm": {
        "0": {
            "0": 0.9420146346092224,
            "1": 0.5417087078094482
        },
        "1": {
            "0": 0.925765872001648,
            "1": 0.9084041714668274
        }
    }
}