seed,sample,ranking_score
1,0,0.6378524447826355
1,1,0.6072252557806828
1,2,0.6690733103956508
1,3,0.6507385391875024
1,4,0.6464653151249413
