{
    "confidence_score": 0.9498359560966492,
    "ptm": 0.9484158754348755,
    "iptm": 0.9267283082008362,
    "ligand_iptm": 0.9267283082008362,
    "protein_iptm": 0.0,
    "complex_plddt": 0.95561283826828,
    "complex_iplddt": 0.9322612881660461,
    "complex_pde": 0.46250811219215393,
    "complex_ipde": 0.9230185151100159,
    "chains_ptm": {
        "0": 0.9498222470283508,
        "1": 0.9529962539672852
    },
    "pair_chains_iptm": {
        "0": {
            "0": 0.9498222470283508,
            "1": 0.5747272968292236
        },
        "1": {
            "0": 0.9267283082008362,
            "1": 0.9529962539672852
        }
    }
}