seed,sample,ranking_score
1,0,0.8995801101518871
1,1,0.8967444335592183
1,2,0.9222751269709583
1,3,0.8979298227832383
1,4,0.9041189514449073
