{
    "confidence_score": 0.91729736328125,
    "ptm": 0.961668848991394,
    "iptm": 0.9174434542655945,
    "ligand_iptm": 0.9174434542655945,
    "protein_iptm": 0.0,
    "complex_plddt": 0.9172608256340027,
    "complex_iplddt": 0.7681822180747986,
    "complex_pde": 0.40227970480918884,
    "complex_ipde": 0.9446148872375488,
    "chains_ptm": {
        "0": 0.9642388224601746,
        "1": 0.9509645700454712
    },
    "pair_chains_iptm": {
        "0": {
            "0": 0.9642388224601746,
            "1": 0.5869857668876648
        },
        "1": {
            "0": 0.9174434542655945,
            "1": 0.9509645700454712
        }
    }
}