{
    "confidence_score": 0.949174702167511,
    "ptm": 0.9543448090553284,
    "iptm": 0.9578242897987366,
    "ligand_iptm": 0.9578242897987366,
    "protein_iptm": 0.0,
    "complex_plddt": 0.9470122456550598,
    "complex_iplddt": 0.9219051003456116,
    "complex_pde": 0.4008098840713501,
    "complex_ipde": 0.6933420300483704,
    "chains_ptm": {
        "0": 0.9543096423149109,
        "1": 0.9807341694831848
    },
    "pair_chains_iptm": {
        "0": {
            "0": 0.9543096423149109,
            "1": 0.6315656304359436
        },
        "1": {
            "0": 0.9578242897987366,
            "1": 0.9807341694831848
        }
    }
}