{
    "confidence_score": 0.9454789161682129,
    "ptm": 0.9441367387771606,
    "iptm": 0.9642462730407715,
    "ligand_iptm": 0.9642462730407715,
    "protein_iptm": 0.0,
    "complex_plddt": 0.9407870769500732,
    "complex_iplddt": 0.9323892593383789,
    "complex_pde": 0.46701809763908386,
    "complex_ipde": 0.6682949662208557,
    "chains_ptm": {
        "0": 0.9422130584716797,
        "1": 0.8867075443267822
    },
    "pair_chains_iptm": {
        "0": {
            "0": 0.9422130584716797,
            "1": 0.5518118739128113
        },
        "1": {
            "0": 0.9642462730407715,
            "1": 0.8867075443267822
        }
    }
}