{
    "confidence_score": 0.9532344937324524,
    "ptm": 0.9671061635017395,
    "iptm": 0.9178651571273804,
    "ligand_iptm": 0.9178651571273804,
    "protein_iptm": 0.0,
    "complex_plddt": 0.9620767831802368,
    "complex_iplddt": 0.921308159828186,
    "complex_pde": 0.38091325759887695,
    "complex_ipde": 1.250213384628296,
    "chains_ptm": {
        "0": 0.9691556692123413,
        "1": 0.9813962578773499
    },
    "pair_chains_iptm": {
        "0": {
            "0": 0.9691556692123413,
            "1": 0.5379259586334229
        },
        "1": {
            "0": 0.9178651571273804,
            "1": 0.9813962578773499
        }
    }
}