seed,sample,ranking_score
1,0,0.7968715094078336
1,1,0.7966987845119297
1,2,0.782888536040353
1,3,0.7952221871547112
1,4,0.8093211347232167
