{
    "confidence_score": 0.9504362344741821,
    "ptm": 0.9630671739578247,
    "iptm": 0.9206920266151428,
    "ligand_iptm": 0.9206920266151428,
    "protein_iptm": 0.0,
    "complex_plddt": 0.9578722715377808,
    "complex_iplddt": 0.9114561676979065,
    "complex_pde": 0.3912171721458435,
    "complex_ipde": 0.9743497371673584,
    "chains_ptm": {
        "0": 0.9652736783027649,
        "1": 0.9375438690185547
    },
    "pair_chains_iptm": {
        "0": {
            "0": 0.9652736783027649,
            "1": 0.47223150730133057
        },
        "1": {
            "0": 0.9206920266151428,
            "1": 0.9375438690185547
        }
    }
}