seed,sample,ranking_score
1,0,0.8969278218937671
1,1,0.8955613580694171
1,2,0.9157619734671835
1,3,0.8949368537782662
1,4,0.9031726508865073
