{
    "confidence_score": 0.9380739331245422,
    "ptm": 0.9471938610076904,
    "iptm": 0.9175136089324951,
    "ligand_iptm": 0.9175136089324951,
    "protein_iptm": 0.0,
    "complex_plddt": 0.9432139992713928,
    "complex_iplddt": 0.8805536031723022,
    "complex_pde": 0.4589356780052185,
    "complex_ipde": 0.9600555896759033,
    "chains_ptm": {
        "0": 0.9487767219543457,
        "1": 0.9550403952598572
    },
    "pair_chains_iptm": {
        "0": {
            "0": 0.9487767219543457,
            "1": 0.4797007143497467
        },
        "1": {
            "0": 0.9175136089324951,
            "1": 0.9550403952598572
        }
    }
}