{
    "confidence_score": 0.9385865330696106,
    "ptm": 0.965589165687561,
    "iptm": 0.9678238034248352,
    "ligand_iptm": 0.9678238034248352,
    "protein_iptm": 0.0,
    "complex_plddt": 0.9312771558761597,
    "complex_iplddt": 0.87272709608078,
    "complex_pde": 0.37070390582084656,
    "complex_ipde": 0.5591394305229187,
    "chains_ptm": {
        "0": 0.9656230211257935,
        "1": 0.9430963397026062
    },
    "pair_chains_iptm": {
        "0": {
            "0": 0.9656230211257935,
            "1": 0.6486631035804749
        },
        "1": {
            "0": 0.9678238034248352,
            "1": 0.9430963397026062
        }
    }
}