seed,sample,ranking_score
1,0,0.8410932118945755
1,1,0.8273600813975658
1,2,0.8664112621850033
1,3,0.83185518145156
1,4,0.8512425552884932
