seed,sample,ranking_score
1,0,0.8255393918869787
1,1,0.8305570321012526
1,2,0.8428666410325899
1,3,0.8110912602712491
1,4,0.8272255977181449
