{
    "confidence_score": 0.952811062335968,
    "ptm": 0.9460496306419373,
    "iptm": 0.9206441640853882,
    "ligand_iptm": 0.9206441640853882,
    "protein_iptm": 0.0,
    "complex_plddt": 0.9608528017997742,
    "complex_iplddt": 0.9482317566871643,
    "complex_pde": 0.4642668664455414,
    "complex_ipde": 1.0074161291122437,
    "chains_ptm": {
        "0": 0.9478051662445068,
        "1": 0.9568971395492554
    },
    "pair_chains_iptm": {
        "0": {
            "0": 0.9478051662445068,
            "1": 0.5101357698440552
        },
        "1": {
            "0": 0.9206441640853882,
            "1": 0.9568971395492554
        }
    }
}