{
    "confidence_score": 0.9561982154846191,
    "ptm": 0.9410202503204346,
    "iptm": 0.9506758451461792,
    "ligand_iptm": 0.9506758451461792,
    "protein_iptm": 0.0,
    "complex_plddt": 0.9575787782669067,
    "complex_iplddt": 0.9140352010726929,
    "complex_pde": 0.4648730754852295,
    "complex_ipde": 0.7540757060050964,
    "chains_ptm": {
        "0": 0.9405916333198547,
        "1": 0.9689445495605469
    },
    "pair_chains_iptm": {
        "0": {
            "0": 0.9405916333198547,
            "1": 0.5904629826545715
        },
        "1": {
            "0": 0.9506758451461792,
            "1": 0.9689445495605469
        }
    }
}