seed,sample,ranking_score
1,0,0.8210239171873256
1,1,0.8050672598946786
1,2,0.8316533429072115
1,3,0.8119092825230423
1,4,0.7822726776663067
