{
    "confidence_score": 0.9423603415489197,
    "ptm": 0.9483075737953186,
    "iptm": 0.8949536681175232,
    "ligand_iptm": 0.8949536681175232,
    "protein_iptm": 0.0,
    "complex_plddt": 0.954211950302124,
    "complex_iplddt": 0.9373334050178528,
    "complex_pde": 0.47822993993759155,
    "complex_ipde": 1.2887903451919556,
    "chains_ptm": {
        "0": 0.9517799615859985,
        "1": 0.8965646028518677
    },
    "pair_chains_iptm": {
        "0": {
            "0": 0.9517799615859985,
            "1": 0.44329318404197693
        },
        "1": {
            "0": 0.8949536681175232,
            "1": 0.8965646028518677
        }
    }
}