{
    "confidence_score": 0.9547230005264282,
    "ptm": 0.9509454965591431,
    "iptm": 0.9646421074867249,
    "ligand_iptm": 0.9646421074867249,
    "protein_iptm": 0.0,
    "complex_plddt": 0.9522431492805481,
    "complex_iplddt": 0.922133207321167,
    "complex_pde": 0.4175657629966736,
    "complex_ipde": 0.5886492729187012,
    "chains_ptm": {
        "0": 0.9502769708633423,
        "1": 0.9294936060905457
    },
    "pair_chains_iptm": {
        "0": {
            "0": 0.9502769708633423,
            "1": 0.5315362811088562
        },
        "1": {
            "0": 0.9646421074867249,
            "1": 0.9294936060905457
        }
    }
}