{
    "confidence_score": 0.9513627886772156,
    "ptm": 0.966926097869873,
    "iptm": 0.9604622721672058,
    "ligand_iptm": 0.9604622721672058,
    "protein_iptm": 0.0,
    "complex_plddt": 0.9490879774093628,
    "complex_iplddt": 0.9341734647750854,
    "complex_pde": 0.3634755611419678,
    "complex_ipde": 0.6014204621315002,
    "chains_ptm": {
        "0": 0.9673836827278137,
        "1": 0.9216353893280029
    },
    "pair_chains_iptm": {
        "0": {
            "0": 0.9673836827278137,
            "1": 0.6450952291488647
        },
        "1": {
            "0": 0.9604622721672058,
            "1": 0.9216353893280029
        }
    }
}