{
    "confidence_score": 0.9614349603652954,
    "ptm": 0.9606871008872986,
    "iptm": 0.9625396728515625,
    "ligand_iptm": 0.9625396728515625,
    "protein_iptm": 0.0,
    "complex_plddt": 0.9611587524414062,
    "complex_iplddt": 0.941074550151825,
    "complex_pde": 0.37662988901138306,
    "complex_ipde": 0.6135309338569641,
    "chains_ptm": {
        "0": 0.9605998396873474,
        "1": 0.9648807048797607
    },
    "pair_chains_iptm": {
        "0": {
            "0": 0.9605998396873474,
            "1": 0.6549181342124939
        },
        "1": {
            "0": 0.9625396728515625,
            "1": 0.9648807048797607
        }
    }
}