{
    "confidence_score": 0.94189453125,
    "ptm": 0.9609408378601074,
    "iptm": 0.9654964804649353,
    "ligand_iptm": 0.9654964804649353,
    "protein_iptm": 0.0,
    "complex_plddt": 0.9359940886497498,
    "complex_iplddt": 0.8935806751251221,
    "complex_pde": 0.3996537923812866,
    "complex_ipde": 0.6191680431365967,
    "chains_ptm": {
        "0": 0.9606107473373413,
        "1": 0.9418389201164246
    },
    "pair_chains_iptm": {
        "0": {
            "0": 0.9606107473373413,
            "1": 0.75198894739151
        },
        "1": {
            "0": 0.9654964804649353,
            "1": 0.9418389201164246
        }
    }
}