seed,sample,ranking_score
1,0,0.8774125698247253
1,1,0.8856981949858895
1,2,0.8806110966869268
1,3,0.8722728658677308
1,4,0.8702420582786495
