seed,sample,ranking_score
1,0,0.7914151782552659
1,1,0.820545495888772
1,2,0.8472438263983013
1,3,0.8423349333029579
1,4,0.803684797503732
