{
    "confidence_score": 0.9296669960021973,
    "ptm": 0.9579256176948547,
    "iptm": 0.9662914872169495,
    "ligand_iptm": 0.9662914872169495,
    "protein_iptm": 0.0,
    "complex_plddt": 0.9205108880996704,
    "complex_iplddt": 0.8375089168548584,
    "complex_pde": 0.41158977150917053,
    "complex_ipde": 0.5960748195648193,
    "chains_ptm": {
        "0": 0.9572351574897766,
        "1": 0.886764645576477
    },
    "pair_chains_iptm": {
        "0": {
            "0": 0.9572351574897766,
            "1": 0.636558473110199
        },
        "1": {
            "0": 0.9662914872169495,
            "1": 0.886764645576477
        }
    }
}