{
    "confidence_score": 0.9453538060188293,
    "ptm": 0.9417188167572021,
    "iptm": 0.9574770331382751,
    "ligand_iptm": 0.9574770331382751,
    "protein_iptm": 0.0,
    "complex_plddt": 0.9423229694366455,
    "complex_iplddt": 0.9260914325714111,
    "complex_pde": 0.47808367013931274,
    "complex_ipde": 0.7187901735305786,
    "chains_ptm": {
        "0": 0.9406111240386963,
        "1": 0.9426978230476379
    },
    "pair_chains_iptm": {
        "0": {
            "0": 0.9406111240386963,
            "1": 0.6089280247688293
        },
        "1": {
            "0": 0.9574770331382751,
            "1": 0.9426978230476379
        }
    }
}