{
    "confidence_score": 0.9427176713943481,
    "ptm": 0.960894763469696,
    "iptm": 0.9658925533294678,
    "ligand_iptm": 0.9658925533294678,
    "protein_iptm": 0.0,
    "complex_plddt": 0.9369239211082458,
    "complex_iplddt": 0.9140851497650146,
    "complex_pde": 0.3880600035190582,
    "complex_ipde": 0.5996033549308777,
    "chains_ptm": {
        "0": 0.9607113003730774,
        "1": 0.9248288869857788
    },
    "pair_chains_iptm": {
        "0": {
            "0": 0.9607113003730774,
            "1": 0.6357823014259338
        },
        "1": {
            "0": 0.9658925533294678,
            "1": 0.9248288869857788
        }
    }
}