{
    "confidence_score": 0.9491565823554993,
    "ptm": 0.9446855783462524,
    "iptm": 0.9368099570274353,
    "ligand_iptm": 0.9368099570274353,
    "protein_iptm": 0.0,
    "complex_plddt": 0.9522432088851929,
    "complex_iplddt": 0.9158570170402527,
    "complex_pde": 0.4645361006259918,
    "complex_ipde": 0.9512943029403687,
    "chains_ptm": {
        "0": 0.9450406432151794,
        "1": 0.9517306089401245
    },
    "pair_chains_iptm": {
        "0": {
            "0": 0.9450406432151794,
            "1": 0.45201948285102844
        },
        "1": {
            "0": 0.9368099570274353,
            "1": 0.9517306089401245
        }
    }
}