{
    "confidence_score": 0.9341906905174255,
    "ptm": 0.9319388270378113,
    "iptm": 0.8885682821273804,
    "ligand_iptm": 0.8885682821273804,
    "protein_iptm": 0.0,
    "complex_plddt": 0.9455962181091309,
    "complex_iplddt": 0.8654517531394958,
    "complex_pde": 0.5505049824714661,
    "complex_ipde": 1.3313134908676147,
    "chains_ptm": {
        "0": 0.9340111017227173,
        "1": 0.9643995761871338
    },
    "pair_chains_iptm": {
        "0": {
            "0": 0.9340111017227173,
            "1": 0.47659823298454285
        },
        "1": {
            "0": 0.8885682821273804,
            "1": 0.9643995761871338
        }
    }
}