seed,sample,ranking_score
1,0,0.8991270125150613
1,1,0.9174591633299445
1,2,0.9244098836270028
1,3,0.8914663529051293
1,4,0.9060374285926168
