{
    "confidence_score": 0.9249750971794128,
    "ptm": 0.9565746188163757,
    "iptm": 0.9406276345252991,
    "ligand_iptm": 0.9406276345252991,
    "protein_iptm": 0.0,
    "complex_plddt": 0.9210619926452637,
    "complex_iplddt": 0.8511046767234802,
    "complex_pde": 0.43227168917655945,
    "complex_ipde": 0.8119385242462158,
    "chains_ptm": {
        "0": 0.9583292603492737,
        "1": 0.8855272531509399
    },
    "pair_chains_iptm": {
        "0": {
            "0": 0.9583292603492737,
            "1": 0.485674649477005
        },
        "1": {
            "0": 0.9406276345252991,
            "1": 0.8855272531509399
        }
    }
}