seed,sample,ranking_score
44,0,0.8910211743528368
44,1,0.8837103608723067
44,2,0.8594159224564275
44,3,0.8854441945121221
44,4,0.8900686498050034
9,0,0.8790406388646141
9,1,0.9259933666453979
9,2,0.9278984461840588
9,3,0.8714762611659791
9,4,0.8659861767555268
80,0,0.8586575433969342
80,1,0.8619857137147222
80,2,0.8626220407114907
80,3,0.8804989205742406
80,4,0.8825644445181536
