{
    "confidence_score": 0.948180615901947,
    "ptm": 0.960796058177948,
    "iptm": 0.978446364402771,
    "ligand_iptm": 0.978446364402771,
    "protein_iptm": 0.0,
    "complex_plddt": 0.9406141638755798,
    "complex_iplddt": 0.9142215847969055,
    "complex_pde": 0.37421390414237976,
    "complex_ipde": 0.5050409436225891,
    "chains_ptm": {
        "0": 0.9594245553016663,
        "1": 0.979228675365448
    },
    "pair_chains_iptm": {
        "0": {
            "0": 0.9594245553016663,
            "1": 0.7738402485847473
        },
        "1": {
            "0": 0.978446364402771,
            "1": 0.979228675365448
        }
    }
}