seed,sample,ranking_score
1,0,0.9300282575455054
1,1,0.9290648650325469
1,2,0.9532472276769394
1,3,0.9271117507092549
1,4,0.9372745529920101
