seed,sample,ranking_score
1,0,0.9534898836440957
1,1,0.9777200836832919
1,2,0.9746070306540624
1,3,0.952773132027212
1,4,0.9635789160522258
