{
    "confidence_score": 0.9512745141983032,
    "ptm": 0.9457738995552063,
    "iptm": 0.9535577297210693,
    "ligand_iptm": 0.9535577297210693,
    "protein_iptm": 0.0,
    "complex_plddt": 0.9507037401199341,
    "complex_iplddt": 0.9147206544876099,
    "complex_pde": 0.4543721675872803,
    "complex_ipde": 0.7137587666511536,
    "chains_ptm": {
        "0": 0.9454723000526428,
        "1": 0.9512730836868286
    },
    "pair_chains_iptm": {
        "0": {
            "0": 0.9454723000526428,
            "1": 0.5981425642967224
        },
        "1": {
            "0": 0.9535577297210693,
            "1": 0.9512730836868286
        }
    }
}