seed,sample,ranking_score
1,0,0.8442631417463385
1,1,0.8848049678967344
1,2,0.8932441280088091
1,3,0.8770234287501611
1,4,0.8437513672239974
