{
    "confidence_score": 0.9412274360656738,
    "ptm": 0.9612836837768555,
    "iptm": 0.9392976760864258,
    "ligand_iptm": 0.9392976760864258,
    "protein_iptm": 0.0,
    "complex_plddt": 0.9417098760604858,
    "complex_iplddt": 0.8806318640708923,
    "complex_pde": 0.40007349848747253,
    "complex_ipde": 0.7678813934326172,
    "chains_ptm": {
        "0": 0.96332848072052,
        "1": 0.9414365291595459
    },
    "pair_chains_iptm": {
        "0": {
            "0": 0.96332848072052,
            "1": 0.5878910422325134
        },
        "1": {
            "0": 0.9392976760864258,
            "1": 0.9414365291595459
        }
    }
}