{
    "confidence_score": 0.9243303537368774,
    "ptm": 0.9493116736412048,
    "iptm": 0.9225695133209229,
    "ligand_iptm": 0.9225695133209229,
    "protein_iptm": 0.0,
    "complex_plddt": 0.9247704744338989,
    "complex_iplddt": 0.7958372235298157,
    "complex_pde": 0.45671021938323975,
    "complex_ipde": 1.069480538368225,
    "chains_ptm": {
        "0": 0.951259970664978,
        "1": 0.9322091341018677
    },
    "pair_chains_iptm": {
        "0": {
            "0": 0.951259970664978,
            "1": 0.52776038646698
        },
        "1": {
            "0": 0.9225695133209229,
            "1": 0.9322091341018677
        }
    }
}