seed,sample,ranking_score
44,0,0.9003987081915283
44,1,0.8897479154094274
44,2,0.8723713199733095
44,3,0.890058312384354
44,4,0.8754362094040022
9,0,0.8631527752329424
9,1,0.8639667387074005
9,2,0.8660858061364403
9,3,0.832950249523648
9,4,0.8575157581873876
80,0,0.8736072848577606
80,1,0.8700042161508471
80,2,0.8589668292165599
80,3,0.8716425052610889
80,4,0.8591328573330155
