{
    "confidence_score": 0.9288588762283325,
    "ptm": 0.9462486505508423,
    "iptm": 0.8762036561965942,
    "ligand_iptm": 0.8762036561965942,
    "protein_iptm": 0.0,
    "complex_plddt": 0.9420226216316223,
    "complex_iplddt": 0.8857276439666748,
    "complex_pde": 0.49692249298095703,
    "complex_ipde": 1.5260560512542725,
    "chains_ptm": {
        "0": 0.9493662118911743,
        "1": 0.9299830198287964
    },
    "pair_chains_iptm": {
        "0": {
            "0": 0.9493662118911743,
            "1": 0.3560733199119568
        },
        "1": {
            "0": 0.8762036561965942,
            "1": 0.9299830198287964
        }
    }
}