seed,sample,ranking_score
1,0,0.9393089959641655
1,1,0.9609061236823306
1,2,0.960986625858146
1,3,0.9415618438370909
1,4,0.8538226461222193
