seed,sample,ranking_score
1,0,0.8810821959054
1,1,0.8775837719163827
1,2,0.9106262123036848
1,3,0.8849915698470827
1,4,0.8844547555788627
