{
    "confidence_score": 0.931790828704834,
    "ptm": 0.9652648568153381,
    "iptm": 0.868606448173523,
    "ligand_iptm": 0.868606448173523,
    "protein_iptm": 0.0,
    "complex_plddt": 0.9475868940353394,
    "complex_iplddt": 0.8983754515647888,
    "complex_pde": 0.4329046308994293,
    "complex_ipde": 1.7424654960632324,
    "chains_ptm": {
        "0": 0.9703267216682434,
        "1": 0.9622260928153992
    },
    "pair_chains_iptm": {
        "0": {
            "0": 0.9703267216682434,
            "1": 0.4386163353919983
        },
        "1": {
            "0": 0.868606448173523,
            "1": 0.9622260928153992
        }
    }
}