{
    "confidence_score": 0.9247727394104004,
    "ptm": 0.9585121273994446,
    "iptm": 0.8567443490028381,
    "ligand_iptm": 0.8567443490028381,
    "protein_iptm": 0.0,
    "complex_plddt": 0.9417798519134521,
    "complex_iplddt": 0.8804103136062622,
    "complex_pde": 0.4446656107902527,
    "complex_ipde": 1.6495078802108765,
    "chains_ptm": {
        "0": 0.9630231261253357,
        "1": 0.9273529648780823
    },
    "pair_chains_iptm": {
        "0": {
            "0": 0.9630231261253357,
            "1": 0.31446176767349243
        },
        "1": {
            "0": 0.8567443490028381,
            "1": 0.9273529648780823
        }
    }
}