{
    "confidence_score": 0.9443646669387817,
    "ptm": 0.9426652789115906,
    "iptm": 0.949968695640564,
    "ligand_iptm": 0.949968695640564,
    "protein_iptm": 0.0,
    "complex_plddt": 0.9429636001586914,
    "complex_iplddt": 0.9133387207984924,
    "complex_pde": 0.47683560848236084,
    "complex_ipde": 0.8180870413780212,
    "chains_ptm": {
        "0": 0.9424425959587097,
        "1": 0.8930896520614624
    },
    "pair_chains_iptm": {
        "0": {
            "0": 0.9424425959587097,
            "1": 0.49530676007270813
        },
        "1": {
            "0": 0.949968695640564,
            "1": 0.8930896520614624
        }
    }
}