{
    "confidence_score": 0.9499935507774353,
    "ptm": 0.9625340700149536,
    "iptm": 0.9593994617462158,
    "ligand_iptm": 0.9593994617462158,
    "protein_iptm": 0.0,
    "complex_plddt": 0.9476419687271118,
    "complex_iplddt": 0.8995648622512817,
    "complex_pde": 0.3840106129646301,
    "complex_ipde": 0.6565787196159363,
    "chains_ptm": {
        "0": 0.9628120064735413,
        "1": 0.9250856637954712
    },
    "pair_chains_iptm": {
        "0": {
            "0": 0.9628120064735413,
            "1": 0.5190173387527466
        },
        "1": {
            "0": 0.9593994617462158,
            "1": 0.9250856637954712
        }
    }
}