{
    "confidence_score": 0.9359350204467773,
    "ptm": 0.9572405815124512,
    "iptm": 0.8926485180854797,
    "ligand_iptm": 0.8926485180854797,
    "protein_iptm": 0.0,
    "complex_plddt": 0.9467566609382629,
    "complex_iplddt": 0.8965467810630798,
    "complex_pde": 0.42979300022125244,
    "complex_ipde": 1.3374594449996948,
    "chains_ptm": {
        "0": 0.9598901867866516,
        "1": 0.925508975982666
    },
    "pair_chains_iptm": {
        "0": {
            "0": 0.9598901867866516,
            "1": 0.39915311336517334
        },
        "1": {
            "0": 0.8926485180854797,
            "1": 0.925508975982666
        }
    }
}