seed,sample,ranking_score
1,0,0.9445897461138482
1,1,0.9666612822029258
1,2,0.9670908494758887
1,3,0.9465671150669893
1,4,0.9494802733693213
