seed,sample,ranking_score
1,0,0.8639116793078035
1,1,0.8325482563574431
1,2,0.8862875549021413
1,3,0.8673835474147984
1,4,0.856257522798427
