{
    "confidence_score": 0.9126402139663696,
    "ptm": 0.967032790184021,
    "iptm": 0.9542347192764282,
    "ligand_iptm": 0.9542347192764282,
    "protein_iptm": 0.0,
    "complex_plddt": 0.902241587638855,
    "complex_iplddt": 0.7461591958999634,
    "complex_pde": 0.39118432998657227,
    "complex_ipde": 0.6781277656555176,
    "chains_ptm": {
        "0": 0.9684346318244934,
        "1": 0.9138903617858887
    },
    "pair_chains_iptm": {
        "0": {
            "0": 0.9684346318244934,
            "1": 0.6302070021629333
        },
        "1": {
            "0": 0.9542347192764282,
            "1": 0.9138903617858887
        }
    }
}