seed,sample,ranking_score
1,0,0.7922933670092572
1,1,0.799862066027349
1,2,0.7931700460818154
1,3,0.7858914715974088
1,4,0.8505148897586902
