seed,sample,ranking_score
1,0,0.9385823180383205
1,1,0.9398222886009656
1,2,0.9621240542278363
1,3,0.939974742613577
1,4,0.9391612969354979
