seed,sample,ranking_score
1,0,0.8304758048608916
1,1,0.8341902170240886
1,2,0.8242466124315897
1,3,0.8194263782669411
1,4,0.813937480747495
