{
    "confidence_score": 0.9479220509529114,
    "ptm": 0.9425029754638672,
    "iptm": 0.9693509340286255,
    "ligand_iptm": 0.9693509340286255,
    "protein_iptm": 0.0,
    "complex_plddt": 0.942564845085144,
    "complex_iplddt": 0.9246843457221985,
    "complex_pde": 0.46616971492767334,
    "complex_ipde": 0.6699603199958801,
    "chains_ptm": {
        "0": 0.9403280019760132,
        "1": 0.9645370244979858
    },
    "pair_chains_iptm": {
        "0": {
            "0": 0.9403280019760132,
            "1": 0.7255378365516663
        },
        "1": {
            "0": 0.9693509340286255,
            "1": 0.9645370244979858
        }
    }
}