seed,sample,ranking_score
1,0,0.8047944165423818
1,1,0.8290660989373947
1,2,0.7961572932063038
1,3,0.7919230695226585
1,4,0.8156699802600536
