{
    "confidence_score": 0.9176462292671204,
    "ptm": 0.9540396928787231,
    "iptm": 0.9647670984268188,
    "ligand_iptm": 0.9647670984268188,
    "protein_iptm": 0.0,
    "complex_plddt": 0.9058659672737122,
    "complex_iplddt": 0.8136645555496216,
    "complex_pde": 0.42021143436431885,
    "complex_ipde": 0.6556426286697388,
    "chains_ptm": {
        "0": 0.9531874656677246,
        "1": 0.9127039909362793
    },
    "pair_chains_iptm": {
        "0": {
            "0": 0.9531874656677246,
            "1": 0.5779128074645996
        },
        "1": {
            "0": 0.9647670984268188,
            "1": 0.9127039909362793
        }
    }
}