{
    "confidence_score": 0.948563277721405,
    "ptm": 0.9459125399589539,
    "iptm": 0.9559474587440491,
    "ligand_iptm": 0.9559474587440491,
    "protein_iptm": 0.0,
    "complex_plddt": 0.9467172622680664,
    "complex_iplddt": 0.8800341486930847,
    "complex_pde": 0.44457316398620605,
    "complex_ipde": 0.7151476144790649,
    "chains_ptm": {
        "0": 0.9453187584877014,
        "1": 0.9663695693016052
    },
    "pair_chains_iptm": {
        "0": {
            "0": 0.9453187584877014,
            "1": 0.6378064751625061
        },
        "1": {
            "0": 0.9559474587440491,
            "1": 0.9663695693016052
        }
    }
}