{
    "confidence_score": 0.9220752716064453,
    "ptm": 0.9577158093452454,
    "iptm": 0.9422619342803955,
    "ligand_iptm": 0.9422619342803955,
    "protein_iptm": 0.0,
    "complex_plddt": 0.917028546333313,
    "complex_iplddt": 0.7921951413154602,
    "complex_pde": 0.42340874671936035,
    "complex_ipde": 0.7894654273986816,
    "chains_ptm": {
        "0": 0.9593316316604614,
        "1": 0.8578794598579407
    },
    "pair_chains_iptm": {
        "0": {
            "0": 0.9593316316604614,
            "1": 0.5026425719261169
        },
        "1": {
            "0": 0.9422619342803955,
            "1": 0.8578794598579407
        }
    }
}