seed,sample,ranking_score
1,0,0.88928011064009
1,1,0.9042688575790655
1,2,0.9049241953024635
1,3,0.8923873922751009
1,4,0.8781576719929248
