{
    "confidence_score": 0.9626723527908325,
    "ptm": 0.9627820253372192,
    "iptm": 0.9652077555656433,
    "ligand_iptm": 0.9652077555656433,
    "protein_iptm": 0.0,
    "complex_plddt": 0.9620384573936462,
    "complex_iplddt": 0.9519093632698059,
    "complex_pde": 0.38250499963760376,
    "complex_ipde": 0.6262301802635193,
    "chains_ptm": {
        "0": 0.962658166885376,
        "1": 0.893363893032074
    },
    "pair_chains_iptm": {
        "0": {
            "0": 0.962658166885376,
            "1": 0.5558176636695862
        },
        "1": {
            "0": 0.9652077555656433,
            "1": 0.893363893032074
        }
    }
}