{
    "confidence_score": 0.9286713600158691,
    "ptm": 0.9539211988449097,
    "iptm": 0.9310108423233032,
    "ligand_iptm": 0.9310108423233032,
    "protein_iptm": 0.0,
    "complex_plddt": 0.928086519241333,
    "complex_iplddt": 0.8129457831382751,
    "complex_pde": 0.4297437369823456,
    "complex_ipde": 0.9585453271865845,
    "chains_ptm": {
        "0": 0.9554068446159363,
        "1": 0.9281399846076965
    },
    "pair_chains_iptm": {
        "0": {
            "0": 0.9554068446159363,
            "1": 0.5420216917991638
        },
        "1": {
            "0": 0.9310108423233032,
            "1": 0.9281399846076965
        }
    }
}