{
    "confidence_score": 0.9277119040489197,
    "ptm": 0.9526029825210571,
    "iptm": 0.941223680973053,
    "ligand_iptm": 0.941223680973053,
    "protein_iptm": 0.0,
    "complex_plddt": 0.9243338704109192,
    "complex_iplddt": 0.8149135112762451,
    "complex_pde": 0.4426320791244507,
    "complex_ipde": 0.8070835471153259,
    "chains_ptm": {
        "0": 0.9538424015045166,
        "1": 0.8510216474533081
    },
    "pair_chains_iptm": {
        "0": {
            "0": 0.9538424015045166,
            "1": 0.4999186396598816
        },
        "1": {
            "0": 0.941223680973053,
            "1": 0.8510216474533081
        }
    }
}