{
    "confidence_score": 0.9386806488037109,
    "ptm": 0.9486554265022278,
    "iptm": 0.9652044773101807,
    "ligand_iptm": 0.9652044773101807,
    "protein_iptm": 0.0,
    "complex_plddt": 0.9320497512817383,
    "complex_iplddt": 0.8613970875740051,
    "complex_pde": 0.4362231492996216,
    "complex_ipde": 0.6776092052459717,
    "chains_ptm": {
        "0": 0.9479547142982483,
        "1": 0.9661749005317688
    },
    "pair_chains_iptm": {
        "0": {
            "0": 0.9479547142982483,
            "1": 0.7003135085105896
        },
        "1": {
            "0": 0.9652044773101807,
            "1": 0.9661749005317688
        }
    }
}