seed,sample,ranking_score
1,0,0.7869453136444735
1,1,0.8259925080394912
1,2,0.7998533462953953
1,3,0.7717714574679824
1,4,0.8007998815316338
