{
    "confidence_score": 0.9530086517333984,
    "ptm": 0.9422888159751892,
    "iptm": 0.9710087776184082,
    "ligand_iptm": 0.9710087776184082,
    "protein_iptm": 0.0,
    "complex_plddt": 0.9485086798667908,
    "complex_iplddt": 0.9462803602218628,
    "complex_pde": 0.4576714336872101,
    "complex_ipde": 0.6100351214408875,
    "chains_ptm": {
        "0": 0.9404405951499939,
        "1": 0.9155969023704529
    },
    "pair_chains_iptm": {
        "0": {
            "0": 0.9404405951499939,
            "1": 0.614164412021637
        },
        "1": {
            "0": 0.9710087776184082,
            "1": 0.9155969023704529
        }
    }
}