{
    "confidence_score": 0.9446164965629578,
    "ptm": 0.9667459726333618,
    "iptm": 0.9737945199012756,
    "ligand_iptm": 0.9737945199012756,
    "protein_iptm": 0.0,
    "complex_plddt": 0.9373220205307007,
    "complex_iplddt": 0.867642879486084,
    "complex_pde": 0.36090752482414246,
    "complex_ipde": 0.5551882982254028,
    "chains_ptm": {
        "0": 0.9665845036506653,
        "1": 0.9714794158935547
    },
    "pair_chains_iptm": {
        "0": {
            "0": 0.9665845036506653,
            "1": 0.7479395866394043
        },
        "1": {
            "0": 0.9737945199012756,
            "1": 0.9714794158935547
        }
    }
}