{
    "confidence_score": 0.9120573401451111,
    "ptm": 0.9630027413368225,
    "iptm": 0.945629358291626,
    "ligand_iptm": 0.945629358291626,
    "protein_iptm": 0.0,
    "complex_plddt": 0.9036643505096436,
    "complex_iplddt": 0.751531720161438,
    "complex_pde": 0.4140004515647888,
    "complex_ipde": 0.7520479559898376,
    "chains_ptm": {
        "0": 0.9649158120155334,
        "1": 0.892731785774231
    },
    "pair_chains_iptm": {
        "0": {
            "0": 0.9649158120155334,
            "1": 0.5727964639663696
        },
        "1": {
            "0": 0.945629358291626,
            "1": 0.892731785774231
        }
    }
}