seed,sample,ranking_score
1,0,0.820232045670655
1,1,0.8090418941776034
1,2,0.8413275141303326
1,3,0.8269305610908233
1,4,0.8333670421678182
