{
    "confidence_score": 0.9421048164367676,
    "ptm": 0.9568808674812317,
    "iptm": 0.953009307384491,
    "ligand_iptm": 0.953009307384491,
    "protein_iptm": 0.0,
    "complex_plddt": 0.9393786787986755,
    "complex_iplddt": 0.8944254517555237,
    "complex_pde": 0.41606587171554565,
    "complex_ipde": 0.7254201769828796,
    "chains_ptm": {
        "0": 0.9573048949241638,
        "1": 0.9458104968070984
    },
    "pair_chains_iptm": {
        "0": {
            "0": 0.9573048949241638,
            "1": 0.62168288230896
        },
        "1": {
            "0": 0.953009307384491,
            "1": 0.9458104968070984
        }
    }
}