{
    "confidence_score": 0.9527298808097839,
    "ptm": 0.9689673781394958,
    "iptm": 0.9416679739952087,
    "ligand_iptm": 0.9416679739952087,
    "protein_iptm": 0.0,
    "complex_plddt": 0.9554953575134277,
    "complex_iplddt": 0.8756507635116577,
    "complex_pde": 0.3573119044303894,
    "complex_ipde": 0.7257770299911499,
    "chains_ptm": {
        "0": 0.9705552458763123,
        "1": 0.9631673693656921
    },
    "pair_chains_iptm": {
        "0": {
            "0": 0.9705552458763123,
            "1": 0.5484820008277893
        },
        "1": {
            "0": 0.9416679739952087,
            "1": 0.9631673693656921
        }
    }
}