seed,sample,ranking_score
1,0,0.8624197193622326
1,1,0.8549357566637844
1,2,0.8696495478955599
1,3,0.8584081472588514
1,4,0.8612957172467258
