seed,sample,ranking_score
1,0,0.9275437019018111
1,1,0.927824219981442
1,2,0.9450827707206488
1,3,0.9223923964751468
1,4,0.9245934199598
