seed,sample,ranking_score
1,0,0.8892449448317299
1,1,0.8869445125185207
1,2,0.9167966487014516
1,3,0.8908205585188936
1,4,0.9010325628197435
