{
    "confidence_score": 0.9353580474853516,
    "ptm": 0.9436613917350769,
    "iptm": 0.9232935309410095,
    "ligand_iptm": 0.9232935309410095,
    "protein_iptm": 0.0,
    "complex_plddt": 0.9383742213249207,
    "complex_iplddt": 0.8798025250434875,
    "complex_pde": 0.47524455189704895,
    "complex_ipde": 0.941495418548584,
    "chains_ptm": {
        "0": 0.94502854347229,
        "1": 0.9297240376472473
    },
    "pair_chains_iptm": {
        "0": {
            "0": 0.94502854347229,
            "1": 0.43861061334609985
        },
        "1": {
            "0": 0.9232935309410095,
            "1": 0.9297240376472473
        }
    }
}