seed,sample,ranking_score
1,0,0.7912612253565299
1,1,0.801813112999865
1,2,0.8261615542910903
1,3,0.7918324852119493
1,4,0.7974947992696857
