seed,sample,ranking_score
1,0,0.9253055276166258
1,1,0.9193462665662951
1,2,0.9410843257140021
1,3,0.9223870086690029
1,4,0.9250972414348064
