seed,sample,ranking_score
44,0,0.8042530860777481
44,1,0.8179089144372591
44,2,0.728721410277077
44,3,0.7467987585597854
44,4,0.8023929971439676
9,0,0.7096011655261122
9,1,0.7440824946735654
9,2,0.794569268074979
9,3,0.7448571495886297
9,4,0.7410875436894928
80,0,0.7834929173565015
80,1,0.79466429976413
80,2,0.7523430606268038
80,3,0.7134536522600092
80,4,0.7834460344351089
