seed,sample,ranking_score
1,0,0.9215787014130414
1,1,0.9196123509466586
1,2,0.9470177293068337
1,3,0.9197571867220073
1,4,0.9230951173629343
