{
    "confidence_score": 0.9384354948997498,
    "ptm": 0.952311098575592,
    "iptm": 0.9261375665664673,
    "ligand_iptm": 0.9261375665664673,
    "protein_iptm": 0.0,
    "complex_plddt": 0.9415099620819092,
    "complex_iplddt": 0.8950939774513245,
    "complex_pde": 0.43823686242103577,
    "complex_ipde": 0.8833064436912537,
    "chains_ptm": {
        "0": 0.9549677968025208,
        "1": 0.9376274943351746
    },
    "pair_chains_iptm": {
        "0": {
            "0": 0.9549677968025208,
            "1": 0.5706324577331543
        },
        "1": {
            "0": 0.9261375665664673,
            "1": 0.9376274943351746
        }
    }
}