{
    "confidence_score": 0.9430879950523376,
    "ptm": 0.950028121471405,
    "iptm": 0.9540887475013733,
    "ligand_iptm": 0.9540887475013733,
    "protein_iptm": 0.0,
    "complex_plddt": 0.9403377771377563,
    "complex_iplddt": 0.9085378050804138,
    "complex_pde": 0.4476345181465149,
    "complex_ipde": 0.7578336596488953,
    "chains_ptm": {
        "0": 0.9498977661132812,
        "1": 0.934205174446106
    },
    "pair_chains_iptm": {
        "0": {
            "0": 0.9498977661132812,
            "1": 0.600242018699646
        },
        "1": {
            "0": 0.9540887475013733,
            "1": 0.934205174446106
        }
    }
}