seed,sample,ranking_score
44,0,0.8519820298335355
44,1,0.8415204456030859
44,2,0.8008785608596964
44,3,0.8389697878350972
44,4,0.8382576670926286
9,0,0.817790129337266
9,1,0.826679490179667
9,2,0.8087230562536636
9,3,0.83016429933266
9,4,0.8198243339441325
80,0,0.8534036497502757
80,1,0.8458747591043954
80,2,0.8291425304637832
80,3,0.8394595425045962
80,4,0.8378489114698423
