seed,sample,ranking_score
1,0,0.7774419452299344
1,1,0.8194620563560592
1,2,0.8349623421361947
1,3,0.8161374861720401
1,4,0.8284470412450459
