seed,sample,ranking_score
1,0,0.9105152404897489
1,1,0.9209491105530118
1,2,0.9244325860112245
1,3,0.9143610127543642
1,4,0.9170428221964413
