seed,sample,ranking_score
44,0,0.8466158453245456
44,1,0.833627332062652
44,2,0.8152706717173673
44,3,0.8326899423244802
44,4,0.8046165175080006
9,0,0.8029236441915042
9,1,0.8016763485418106
9,2,0.7905888378409044
9,3,0.8090433364313474
9,4,0.8008901759274611
80,0,0.8149600384992652
80,1,0.8090040964271119
80,2,0.8165399527819542
80,3,0.790578701781503
80,4,0.806931651617522
