{
    "confidence_score": 0.945090115070343,
    "ptm": 0.9652315378189087,
    "iptm": 0.9662414789199829,
    "ligand_iptm": 0.9662414789199829,
    "protein_iptm": 0.0,
    "complex_plddt": 0.9398022890090942,
    "complex_iplddt": 0.9084462523460388,
    "complex_pde": 0.36742761731147766,
    "complex_ipde": 0.5975960493087769,
    "chains_ptm": {
        "0": 0.9654312133789062,
        "1": 0.9622113704681396
    },
    "pair_chains_iptm": {
        "0": {
            "0": 0.9654312133789062,
            "1": 0.6750569939613342
        },
        "1": {
            "0": 0.9662414789199829,
            "1": 0.9622113704681396
        }
    }
}