seed,sample,ranking_score
44,0,0.9021145472878337
44,1,0.8798224071259201
44,2,0.8737910713506862
44,3,0.888735905597417
44,4,0.8857580666295616
9,0,0.8709804750687632
9,1,0.8665627662882258
9,2,0.8749799080275693
9,3,0.8652419492639818
9,4,0.8694174501643227
80,0,0.8731075744664444
80,1,0.884777273000414
80,2,0.8731780652318948
80,3,0.8774532169907882
80,4,0.8573713874691242
