seed,sample,ranking_score
1,0,0.8779987095533793
1,1,0.8935048021915346
1,2,0.9041517169613495
1,3,0.8800859861374258
1,4,0.8956102776431017
