{
    "confidence_score": 0.9555507898330688,
    "ptm": 0.9619308710098267,
    "iptm": 0.9595217704772949,
    "ligand_iptm": 0.9595217704772949,
    "protein_iptm": 0.0,
    "complex_plddt": 0.9545579552650452,
    "complex_iplddt": 0.9376054406166077,
    "complex_pde": 0.38737761974334717,
    "complex_ipde": 0.671561598777771,
    "chains_ptm": {
        "0": 0.9623541235923767,
        "1": 0.9598919153213501
    },
    "pair_chains_iptm": {
        "0": {
            "0": 0.9623541235923767,
            "1": 0.6111596822738647
        },
        "1": {
            "0": 0.9595217704772949,
            "1": 0.9598919153213501
        }
    }
}