seed,sample,ranking_score
1,0,0.8313285183076075
1,1,0.8265634040723172
1,2,0.8412075540436446
1,3,0.836865147365796
1,4,0.8472418045040211
