seed,sample,ranking_score
1,0,0.8076767180492984
1,1,0.8201842937664179
1,2,0.8398358150017337
1,3,0.8103983486906228
1,4,0.8203852592730198
