seed,sample,ranking_score
1,0,0.7166740551419546
1,1,0.7493340019712921
1,2,0.7484447613399469
1,3,0.7868764829945789
1,4,0.6996408439437753
