seed,sample,ranking_score
1,0,0.8404334620640982
1,1,0.8222464365023585
1,2,0.8521219611050997
1,3,0.8269356386700605
1,4,0.8390875733983834
