{
    "confidence_score": 0.9332292675971985,
    "ptm": 0.9485394358634949,
    "iptm": 0.8905022144317627,
    "ligand_iptm": 0.8905022144317627,
    "protein_iptm": 0.0,
    "complex_plddt": 0.9439109563827515,
    "complex_iplddt": 0.9263335466384888,
    "complex_pde": 0.4769713282585144,
    "complex_ipde": 1.2987574338912964,
    "chains_ptm": {
        "0": 0.9514504075050354,
        "1": 0.9266737103462219
    },
    "pair_chains_iptm": {
        "0": {
            "0": 0.9514504075050354,
            "1": 0.40530550479888916
        },
        "1": {
            "0": 0.8905022144317627,
            "1": 0.9266737103462219
        }
    }
}