{
    "confidence_score": 0.9396379590034485,
    "ptm": 0.9643768668174744,
    "iptm": 0.888864278793335,
    "ligand_iptm": 0.888864278793335,
    "protein_iptm": 0.0,
    "complex_plddt": 0.9523314237594604,
    "complex_iplddt": 0.8995702862739563,
    "complex_pde": 0.40584835410118103,
    "complex_ipde": 1.3836843967437744,
    "chains_ptm": {
        "0": 0.9674978256225586,
        "1": 0.9243854284286499
    },
    "pair_chains_iptm": {
        "0": {
            "0": 0.9674978256225586,
            "1": 0.3938111662864685
        },
        "1": {
            "0": 0.888864278793335,
            "1": 0.9243854284286499
        }
    }
}