seed,sample,ranking_score
44,0,0.9543135456274602
44,1,0.949363137047931
44,2,0.9290904334614456
44,3,0.9442793889697754
44,4,0.9340374688218995
9,0,0.9152499639698602
9,1,0.9272518106814895
9,2,0.9279889726699259
9,3,0.9278864278650305
9,4,0.9184750791995073
80,0,0.9197344460422112
80,1,0.9280631751447237
80,2,0.9181461660842849
80,3,0.9215658390994311
80,4,0.9318203644152232
