{
    "confidence_score": 0.9280157089233398,
    "ptm": 0.9484038352966309,
    "iptm": 0.8532308340072632,
    "ligand_iptm": 0.8532308340072632,
    "protein_iptm": 0.0,
    "complex_plddt": 0.9467118978500366,
    "complex_iplddt": 0.8836902976036072,
    "complex_pde": 0.5170615315437317,
    "complex_ipde": 2.1230380535125732,
    "chains_ptm": {
        "0": 0.9522780179977417,
        "1": 0.9616014361381531
    },
    "pair_chains_iptm": {
        "0": {
            "0": 0.9522780179977417,
            "1": 0.3616083562374115
        },
        "1": {
            "0": 0.8532308340072632,
            "1": 0.9616014361381531
        }
    }
}