seed,sample,ranking_score
1,0,0.7659134688233786
1,1,0.8085111404055916
1,2,0.7918470766648407
1,3,0.7763880902721986
1,4,0.7842868234217297
