seed,sample,ranking_score
1,0,0.8218481090127239
1,1,0.8516804441240028
1,2,0.7857266126668405
1,3,0.824032048222854
1,4,0.8123135616475892
