seed,sample,ranking_score
1,0,0.7961827849558702
1,1,0.8083360592018084
1,2,0.8342635864717798
1,3,0.8125406493436244
1,4,0.791386538465961
