{
    "confidence_score": 0.9466133117675781,
    "ptm": 0.9653661251068115,
    "iptm": 0.9487640857696533,
    "ligand_iptm": 0.9487640857696533,
    "protein_iptm": 0.0,
    "complex_plddt": 0.9460755586624146,
    "complex_iplddt": 0.8957619071006775,
    "complex_pde": 0.37701597809791565,
    "complex_ipde": 0.7380679249763489,
    "chains_ptm": {
        "0": 0.9663398265838623,
        "1": 0.9608920216560364
    },
    "pair_chains_iptm": {
        "0": {
            "0": 0.9663398265838623,
            "1": 0.5932968854904175
        },
        "1": {
            "0": 0.9487640857696533,
            "1": 0.9608920216560364
        }
    }
}