{
    "confidence_score": 0.9357550740242004,
    "ptm": 0.9346009492874146,
    "iptm": 0.8684016466140747,
    "ligand_iptm": 0.8684016466140747,
    "protein_iptm": 0.0,
    "complex_plddt": 0.9525933861732483,
    "complex_iplddt": 0.8691253662109375,
    "complex_pde": 0.5309787392616272,
    "complex_ipde": 1.3248282670974731,
    "chains_ptm": {
        "0": 0.9381834864616394,
        "1": 0.9491754174232483
    },
    "pair_chains_iptm": {
        "0": {
            "0": 0.9381834864616394,
            "1": 0.42096948623657227
        },
        "1": {
            "0": 0.8684016466140747,
            "1": 0.9491754174232483
        }
    }
}