{
    "confidence_score": 0.9443931579589844,
    "ptm": 0.9554292559623718,
    "iptm": 0.8864861726760864,
    "ligand_iptm": 0.8864861726760864,
    "protein_iptm": 0.0,
    "complex_plddt": 0.9588699340820312,
    "complex_iplddt": 0.9232071042060852,
    "complex_pde": 0.4353262186050415,
    "complex_ipde": 1.4519882202148438,
    "chains_ptm": {
        "0": 0.9580699801445007,
        "1": 0.9621020555496216
    },
    "pair_chains_iptm": {
        "0": {
            "0": 0.9580699801445007,
            "1": 0.3710515797138214
        },
        "1": {
            "0": 0.8864861726760864,
            "1": 0.9621020555496216
        }
    }
}