{
    "confidence_score": 0.9584706425666809,
    "ptm": 0.9685580134391785,
    "iptm": 0.9650028347969055,
    "ligand_iptm": 0.9650028347969055,
    "protein_iptm": 0.0,
    "complex_plddt": 0.9568375945091248,
    "complex_iplddt": 0.9364883899688721,
    "complex_pde": 0.35465025901794434,
    "complex_ipde": 0.6286871433258057,
    "chains_ptm": {
        "0": 0.9688099026679993,
        "1": 0.936833918094635
    },
    "pair_chains_iptm": {
        "0": {
            "0": 0.9688099026679993,
            "1": 0.5008137822151184
        },
        "1": {
            "0": 0.9650028347969055,
            "1": 0.936833918094635
        }
    }
}