{
    "confidence_score": 0.9448783993721008,
    "ptm": 0.9648348093032837,
    "iptm": 0.9565472602844238,
    "ligand_iptm": 0.9565472602844238,
    "protein_iptm": 0.0,
    "complex_plddt": 0.9419611096382141,
    "complex_iplddt": 0.8972955942153931,
    "complex_pde": 0.38473209738731384,
    "complex_ipde": 0.6761303544044495,
    "chains_ptm": {
        "0": 0.9655970931053162,
        "1": 0.9523804187774658
    },
    "pair_chains_iptm": {
        "0": {
            "0": 0.9655970931053162,
            "1": 0.6510602235794067
        },
        "1": {
            "0": 0.9565472602844238,
            "1": 0.9523804187774658
        }
    }
}