{
    "confidence_score": 0.9603935480117798,
    "ptm": 0.967095673084259,
    "iptm": 0.9871234893798828,
    "ligand_iptm": 0.9871234893798828,
    "protein_iptm": 0.0,
    "complex_plddt": 0.9537110328674316,
    "complex_iplddt": 0.95015549659729,
    "complex_pde": 0.35262152552604675,
    "complex_ipde": 0.42366525530815125,
    "chains_ptm": {
        "0": 0.9662405848503113,
        "1": 0.9347965717315674
    },
    "pair_chains_iptm": {
        "0": {
            "0": 0.9662405848503113,
            "1": 0.6143075823783875
        },
        "1": {
            "0": 0.9871234893798828,
            "1": 0.9347965717315674
        }
    }
}