seed,sample,ranking_score
44,0,0.8654180614761037
44,1,0.8500691410565923
44,2,0.811271377451353
44,3,0.8177690565522525
44,4,0.8263645189687316
9,0,0.7974776369463091
9,1,0.8440549546004192
9,2,0.8139483659733047
9,3,0.8137317641804018
9,4,0.7866894993115011
80,0,0.83357618143254
80,1,0.845499459380778
80,2,0.8330644504802975
80,3,0.7994719052047353
80,4,0.8391317227361296
