seed,sample,ranking_score
1,0,0.8546821473750654
1,1,0.8632462452603696
1,2,0.860802551018008
1,3,0.8501892310394512
1,4,0.8424262224819207
