{
    "confidence_score": 0.9470033645629883,
    "ptm": 0.9379373788833618,
    "iptm": 0.9020218253135681,
    "ligand_iptm": 0.9020218253135681,
    "protein_iptm": 0.0,
    "complex_plddt": 0.9582487940788269,
    "complex_iplddt": 0.9204007983207703,
    "complex_pde": 0.5008126497268677,
    "complex_ipde": 1.2212245464324951,
    "chains_ptm": {
        "0": 0.939928412437439,
        "1": 0.9252684116363525
    },
    "pair_chains_iptm": {
        "0": {
            "0": 0.939928412437439,
            "1": 0.39108145236968994
        },
        "1": {
            "0": 0.9020218253135681,
            "1": 0.9252684116363525
        }
    }
}