seed,sample,ranking_score
44,0,0.8319095273862309
44,1,0.7647991260015589
44,2,0.7426392020225849
44,3,0.7615450829823706
44,4,0.783789960231812
9,0,0.7663610611251241
9,1,0.7190161365357602
9,2,0.7921931216239555
9,3,0.7975119909812952
9,4,0.7923995117504973
80,0,0.7767671117805142
80,1,0.7903264803061499
80,2,0.7644033962837214
80,3,0.7633362676517292
80,4,0.7684039326708508
