{
    "confidence_score": 0.9524164199829102,
    "ptm": 0.9690511226654053,
    "iptm": 0.9142413139343262,
    "ligand_iptm": 0.9142413139343262,
    "protein_iptm": 0.0,
    "complex_plddt": 0.9619601964950562,
    "complex_iplddt": 0.9176666140556335,
    "complex_pde": 0.38099178671836853,
    "complex_ipde": 1.3290077447891235,
    "chains_ptm": {
        "0": 0.9711278676986694,
        "1": 0.989040195941925
    },
    "pair_chains_iptm": {
        "0": {
            "0": 0.9711278676986694,
            "1": 0.5567763447761536
        },
        "1": {
            "0": 0.9142413139343262,
            "1": 0.989040195941925
        }
    }
}