seed,sample,ranking_score
1,0,0.78665783726928
1,1,0.7742054988754755
1,2,0.8108060962142406
1,3,0.7861845680405891
1,4,0.8044522186048993
