seed,sample,ranking_score
1,0,0.8779561900080579
1,1,0.8969002429742978
1,2,0.9050671250280193
1,3,0.8788834253859265
1,4,0.897480547534738
