{
    "confidence_score": 0.9530110359191895,
    "ptm": 0.9446605443954468,
    "iptm": 0.9354859590530396,
    "ligand_iptm": 0.9354859590530396,
    "protein_iptm": 0.0,
    "complex_plddt": 0.9573923349380493,
    "complex_iplddt": 0.9199915528297424,
    "complex_pde": 0.4686133563518524,
    "complex_ipde": 0.9265972971916199,
    "chains_ptm": {
        "0": 0.9455127120018005,
        "1": 0.9286891222000122
    },
    "pair_chains_iptm": {
        "0": {
            "0": 0.9455127120018005,
            "1": 0.47749823331832886
        },
        "1": {
            "0": 0.9354859590530396,
            "1": 0.9286891222000122
        }
    }
}