{
    "confidence_score": 0.9375834465026855,
    "ptm": 0.9457098245620728,
    "iptm": 0.9480303525924683,
    "ligand_iptm": 0.9480303525924683,
    "protein_iptm": 0.0,
    "complex_plddt": 0.9349716901779175,
    "complex_iplddt": 0.8601429462432861,
    "complex_pde": 0.4672180414199829,
    "complex_ipde": 0.806846559047699,
    "chains_ptm": {
        "0": 0.9456357955932617,
        "1": 0.9673109650611877
    },
    "pair_chains_iptm": {
        "0": {
            "0": 0.9456357955932617,
            "1": 0.6514272093772888
        },
        "1": {
            "0": 0.9480303525924683,
            "1": 0.9673109650611877
        }
    }
}