{
    "confidence_score": 0.9423417448997498,
    "ptm": 0.9623417854309082,
    "iptm": 0.9694682955741882,
    "ligand_iptm": 0.9694682955741882,
    "protein_iptm": 0.0,
    "complex_plddt": 0.9355600476264954,
    "complex_iplddt": 0.890254020690918,
    "complex_pde": 0.3819008469581604,
    "complex_ipde": 0.5992263555526733,
    "chains_ptm": {
        "0": 0.9618350863456726,
        "1": 0.9665347337722778
    },
    "pair_chains_iptm": {
        "0": {
            "0": 0.9618350863456726,
            "1": 0.7311890125274658
        },
        "1": {
            "0": 0.9694682955741882,
            "1": 0.9665347337722778
        }
    }
}