seed,sample,ranking_score
1,0,0.8063362831265323
1,1,0.826058214037958
1,2,0.8126632475870859
1,3,0.8004425455317785
1,4,0.8240198627929457
