seed,sample,ranking_score
1,0,0.9209267301458488
1,1,0.920095183719145
1,2,0.9464024623527043
1,3,0.9191908071503475
1,4,0.9210511958750613
