{
    "confidence_score": 0.9498534202575684,
    "ptm": 0.9540729522705078,
    "iptm": 0.9480434656143188,
    "ligand_iptm": 0.9480434656143188,
    "protein_iptm": 0.0,
    "complex_plddt": 0.9503058791160583,
    "complex_iplddt": 0.9121195673942566,
    "complex_pde": 0.4234348237514496,
    "complex_ipde": 0.737220048904419,
    "chains_ptm": {
        "0": 0.9544168710708618,
        "1": 0.9228940606117249
    },
    "pair_chains_iptm": {
        "0": {
            "0": 0.9544168710708618,
            "1": 0.5413033366203308
        },
        "1": {
            "0": 0.9480434656143188,
            "1": 0.9228940606117249
        }
    }
}