{
    "confidence_score": 0.9273996353149414,
    "ptm": 0.9496996402740479,
    "iptm": 0.9305844306945801,
    "ligand_iptm": 0.9305844306945801,
    "protein_iptm": 0.0,
    "complex_plddt": 0.926603376865387,
    "complex_iplddt": 0.848294734954834,
    "complex_pde": 0.47822824120521545,
    "complex_ipde": 0.9500305652618408,
    "chains_ptm": {
        "0": 0.9513089656829834,
        "1": 0.8834144473075867
    },
    "pair_chains_iptm": {
        "0": {
            "0": 0.9513089656829834,
            "1": 0.5062480568885803
        },
        "1": {
            "0": 0.9305844306945801,
            "1": 0.8834144473075867
        }
    }
}