seed,sample,ranking_score
44,0,0.8856267095626166
44,1,0.8775505303629286
44,2,0.8552831547517235
44,3,0.8946049536788163
44,4,0.8607554755737951
9,0,0.8696937163909694
9,1,0.8476026509541771
9,2,0.8410680502709414
9,3,0.8244018688156701
9,4,0.8661303070049698
80,0,0.8731409471885289
80,1,0.8802593538698381
80,2,0.8729709200190995
80,3,0.8499418403391511
80,4,0.8448870860589808
