seed,sample,ranking_score
1,0,0.6057053502710574
1,1,0.6238818478158616
1,2,0.6098277165065882
1,3,0.5838865031768807
1,4,0.6146321390850837
