seed,sample,ranking_score
1,0,0.8988624673517142
1,1,0.9090803901897451
1,2,0.9220665451262694
1,3,0.892507020794863
1,4,0.9042737360470802
