{
    "confidence_score": 0.9495143294334412,
    "ptm": 0.9569854736328125,
    "iptm": 0.9668203592300415,
    "ligand_iptm": 0.9668203592300415,
    "protein_iptm": 0.0,
    "complex_plddt": 0.9451877474784851,
    "complex_iplddt": 0.920732855796814,
    "complex_pde": 0.3969169855117798,
    "complex_ipde": 0.61300128698349,
    "chains_ptm": {
        "0": 0.9563241600990295,
        "1": 0.9442542791366577
    },
    "pair_chains_iptm": {
        "0": {
            "0": 0.9563241600990295,
            "1": 0.6951818466186523
        },
        "1": {
            "0": 0.9668203592300415,
            "1": 0.9442542791366577
        }
    }
}