seed,sample,ranking_score
1,0,0.8215667140211326
1,1,0.8167281405665162
1,2,0.8369083807950038
1,3,0.8092520976587376
1,4,0.833927342934153
