seed,sample,ranking_score
1,0,0.856039576296688
1,1,0.8832001807192683
1,2,0.8644078099513133
1,3,0.8646198076004121
1,4,0.8651437890699583
