{
    "confidence_score": 0.9522408843040466,
    "ptm": 0.966714084148407,
    "iptm": 0.9736555218696594,
    "ligand_iptm": 0.9736555218696594,
    "protein_iptm": 0.0,
    "complex_plddt": 0.9468871355056763,
    "complex_iplddt": 0.9289129376411438,
    "complex_pde": 0.36546844244003296,
    "complex_ipde": 0.560929000377655,
    "chains_ptm": {
        "0": 0.9664567112922668,
        "1": 0.9419840574264526
    },
    "pair_chains_iptm": {
        "0": {
            "0": 0.9664567112922668,
            "1": 0.6742478609085083
        },
        "1": {
            "0": 0.9736555218696594,
            "1": 0.9419840574264526
        }
    }
}