seed,sample,ranking_score
1,0,0.8354537327354785
1,1,0.8341543731617211
1,2,0.8452471772065207
1,3,0.8248262812184513
1,4,0.8113040126289716
