{
    "confidence_score": 0.9395734071731567,
    "ptm": 0.9678000807762146,
    "iptm": 0.9188404679298401,
    "ligand_iptm": 0.9188404679298401,
    "protein_iptm": 0.0,
    "complex_plddt": 0.9447566270828247,
    "complex_iplddt": 0.9002673625946045,
    "complex_pde": 0.3752859830856323,
    "complex_ipde": 0.8740558624267578,
    "chains_ptm": {
        "0": 0.9705377221107483,
        "1": 0.9248236417770386
    },
    "pair_chains_iptm": {
        "0": {
            "0": 0.9705377221107483,
            "1": 0.42859891057014465
        },
        "1": {
            "0": 0.9188404679298401,
            "1": 0.9248236417770386
        }
    }
}