{
    "confidence_score": 0.9416685104370117,
    "ptm": 0.9433583617210388,
    "iptm": 0.9160037040710449,
    "ligand_iptm": 0.9160037040710449,
    "protein_iptm": 0.0,
    "complex_plddt": 0.9480847716331482,
    "complex_iplddt": 0.9216721057891846,
    "complex_pde": 0.5010917782783508,
    "complex_ipde": 1.452537178993225,
    "chains_ptm": {
        "0": 0.9444476962089539,
        "1": 0.984493613243103
    },
    "pair_chains_iptm": {
        "0": {
            "0": 0.9444476962089539,
            "1": 0.5702689290046692
        },
        "1": {
            "0": 0.9160037040710449,
            "1": 0.984493613243103
        }
    }
}