{
    "confidence_score": 0.9365414977073669,
    "ptm": 0.9519649744033813,
    "iptm": 0.9283624291419983,
    "ligand_iptm": 0.9283624291419983,
    "protein_iptm": 0.0,
    "complex_plddt": 0.9385862350463867,
    "complex_iplddt": 0.8830825090408325,
    "complex_pde": 0.4621637165546417,
    "complex_ipde": 0.924071192741394,
    "chains_ptm": {
        "0": 0.9544535875320435,
        "1": 0.9066590666770935
    },
    "pair_chains_iptm": {
        "0": {
            "0": 0.9544535875320435,
            "1": 0.5075721144676208
        },
        "1": {
            "0": 0.9283624291419983,
            "1": 0.9066590666770935
        }
    }
}