{
    "confidence_score": 0.9459068179130554,
    "ptm": 0.9632189869880676,
    "iptm": 0.9107002019882202,
    "ligand_iptm": 0.9107002019882202,
    "protein_iptm": 0.0,
    "complex_plddt": 0.9547085165977478,
    "complex_iplddt": 0.9255610704421997,
    "complex_pde": 0.40275663137435913,
    "complex_ipde": 1.2883448600769043,
    "chains_ptm": {
        "0": 0.965392529964447,
        "1": 0.9850495457649231
    },
    "pair_chains_iptm": {
        "0": {
            "0": 0.965392529964447,
            "1": 0.5417782068252563
        },
        "1": {
            "0": 0.9107002019882202,
            "1": 0.9850495457649231
        }
    }
}