{
    "confidence_score": 0.9440979361534119,
    "ptm": 0.9456734657287598,
    "iptm": 0.8914759159088135,
    "ligand_iptm": 0.8914759159088135,
    "protein_iptm": 0.0,
    "complex_plddt": 0.9572533965110779,
    "complex_iplddt": 0.9285468459129333,
    "complex_pde": 0.4996480643749237,
    "complex_ipde": 1.6470587253570557,
    "chains_ptm": {
        "0": 0.9478093981742859,
        "1": 0.9860517382621765
    },
    "pair_chains_iptm": {
        "0": {
            "0": 0.9478093981742859,
            "1": 0.5361204147338867
        },
        "1": {
            "0": 0.8914759159088135,
            "1": 0.9860517382621765
        }
    }
}