{
    "confidence_score": 0.9573575854301453,
    "ptm": 0.9652577042579651,
    "iptm": 0.9682935476303101,
    "ligand_iptm": 0.9682935476303101,
    "protein_iptm": 0.0,
    "complex_plddt": 0.9546236395835876,
    "complex_iplddt": 0.9462864995002747,
    "complex_pde": 0.3685850501060486,
    "complex_ipde": 0.6486789584159851,
    "chains_ptm": {
        "0": 0.965312123298645,
        "1": 0.9579752087593079
    },
    "pair_chains_iptm": {
        "0": {
            "0": 0.965312123298645,
            "1": 0.5689163208007812
        },
        "1": {
            "0": 0.9682935476303101,
            "1": 0.9579752087593079
        }
    }
}