seed,sample,ranking_score
1,0,0.8788068772292783
1,1,0.8820088930612523
1,2,0.9005795987282802
1,3,0.8820117791407529
1,4,0.8967322044779744
