seed,sample,ranking_score
1,0,0.9388849869913697
1,1,0.9362685706433311
1,2,0.9635303692539161
1,3,0.938866510803628
1,4,0.9462078513604881
