seed,sample,ranking_score
1,0,0.678778261585606
1,1,0.6855381187647281
1,2,0.679997237913368
1,3,0.7084724532904731
1,4,0.6836619881951357
