seed,sample,ranking_score
1,0,0.9596538240508499
1,1,0.9724286485340697
1,2,0.9725280009436716
1,3,0.9619516018229359
1,4,0.964109429336371
