{
    "confidence_score": 0.9583120346069336,
    "ptm": 0.9621514678001404,
    "iptm": 0.9876870512962341,
    "ligand_iptm": 0.9876870512962341,
    "protein_iptm": 0.0,
    "complex_plddt": 0.9509682655334473,
    "complex_iplddt": 0.9457650780677795,
    "complex_pde": 0.37220528721809387,
    "complex_ipde": 0.43598827719688416,
    "chains_ptm": {
        "0": 0.9612141251564026,
        "1": 0.9872764348983765
    },
    "pair_chains_iptm": {
        "0": {
            "0": 0.9612141251564026,
            "1": 0.7899638414382935
        },
        "1": {
            "0": 0.9876870512962341,
            "1": 0.9872764348983765
        }
    }
}