{
    "confidence_score": 0.9378017783164978,
    "ptm": 0.9506927728652954,
    "iptm": 0.9330694675445557,
    "ligand_iptm": 0.9330694675445557,
    "protein_iptm": 0.0,
    "complex_plddt": 0.9389848113059998,
    "complex_iplddt": 0.8965099453926086,
    "complex_pde": 0.4382902979850769,
    "complex_ipde": 0.8851760029792786,
    "chains_ptm": {
        "0": 0.951840341091156,
        "1": 0.9371664524078369
    },
    "pair_chains_iptm": {
        "0": {
            "0": 0.951840341091156,
            "1": 0.5448483228683472
        },
        "1": {
            "0": 0.9330694675445557,
            "1": 0.9371664524078369
        }
    }
}