{
    "confidence_score": 0.9282703399658203,
    "ptm": 0.940177857875824,
    "iptm": 0.9363024234771729,
    "ligand_iptm": 0.9363024234771729,
    "protein_iptm": 0.0,
    "complex_plddt": 0.9262623190879822,
    "complex_iplddt": 0.8536283373832703,
    "complex_pde": 0.509505569934845,
    "complex_ipde": 0.8969346284866333,
    "chains_ptm": {
        "0": 0.9407265186309814,
        "1": 0.8728686571121216
    },
    "pair_chains_iptm": {
        "0": {
            "0": 0.9407265186309814,
            "1": 0.46954986453056335
        },
        "1": {
            "0": 0.9363024234771729,
            "1": 0.8728686571121216
        }
    }
}