seed,sample,ranking_score
1,0,0.725022611206631
1,1,0.7399997349682558
1,2,0.7585585149768136
1,3,0.753698915297546
1,4,0.7299551100782024
