{
    "confidence_score": 0.9584909677505493,
    "ptm": 0.9488402009010315,
    "iptm": 0.9605029821395874,
    "ligand_iptm": 0.9605029821395874,
    "protein_iptm": 0.0,
    "complex_plddt": 0.957987904548645,
    "complex_iplddt": 0.9242199063301086,
    "complex_pde": 0.44042205810546875,
    "complex_ipde": 0.7046999931335449,
    "chains_ptm": {
        "0": 0.9483959078788757,
        "1": 0.9575285911560059
    },
    "pair_chains_iptm": {
        "0": {
            "0": 0.9483959078788757,
            "1": 0.5487287044525146
        },
        "1": {
            "0": 0.9605029821395874,
            "1": 0.9575285911560059
        }
    }
}