{
    "confidence_score": 0.9520382285118103,
    "ptm": 0.968417227268219,
    "iptm": 0.9688540697097778,
    "ligand_iptm": 0.9688540697097778,
    "protein_iptm": 0.0,
    "complex_plddt": 0.9478341937065125,
    "complex_iplddt": 0.9288890957832336,
    "complex_pde": 0.36108559370040894,
    "complex_ipde": 0.5489907264709473,
    "chains_ptm": {
        "0": 0.9686493873596191,
        "1": 0.9558327794075012
    },
    "pair_chains_iptm": {
        "0": {
            "0": 0.9686493873596191,
            "1": 0.7381614446640015
        },
        "1": {
            "0": 0.9688540697097778,
            "1": 0.9558327794075012
        }
    }
}