{
    "confidence_score": 0.9459015727043152,
    "ptm": 0.943337082862854,
    "iptm": 0.916987955570221,
    "ligand_iptm": 0.916987955570221,
    "protein_iptm": 0.0,
    "complex_plddt": 0.9531299471855164,
    "complex_iplddt": 0.9338077902793884,
    "complex_pde": 0.48852428793907166,
    "complex_ipde": 1.08831787109375,
    "chains_ptm": {
        "0": 0.9446990489959717,
        "1": 0.9265004396438599
    },
    "pair_chains_iptm": {
        "0": {
            "0": 0.9446990489959717,
            "1": 0.41211479902267456
        },
        "1": {
            "0": 0.916987955570221,
            "1": 0.9265004396438599
        }
    }
}