seed,sample,ranking_score
1,0,0.7912731551750933
1,1,0.8283560872286381
1,2,0.8535129256492205
1,3,0.794622463600063
1,4,0.8394415089732403
