seed,sample,ranking_score
1,0,0.9172406053586057
1,1,0.9370779890779273
1,2,0.94357955639025
1,3,0.92236680093991
1,4,0.9198283996390371
