{
    "confidence_score": 0.9355308413505554,
    "ptm": 0.9682231545448303,
    "iptm": 0.9724565148353577,
    "ligand_iptm": 0.9724565148353577,
    "protein_iptm": 0.0,
    "complex_plddt": 0.9262993931770325,
    "complex_iplddt": 0.8639312982559204,
    "complex_pde": 0.3634823262691498,
    "complex_ipde": 0.5341473817825317,
    "chains_ptm": {
        "0": 0.9680065512657166,
        "1": 0.9281052350997925
    },
    "pair_chains_iptm": {
        "0": {
            "0": 0.9680065512657166,
            "1": 0.6677652597427368
        },
        "1": {
            "0": 0.9724565148353577,
            "1": 0.9281052350997925
        }
    }
}