{
    "confidence_score": 0.9373682141304016,
    "ptm": 0.9492647051811218,
    "iptm": 0.960330069065094,
    "ligand_iptm": 0.960330069065094,
    "protein_iptm": 0.0,
    "complex_plddt": 0.9316277503967285,
    "complex_iplddt": 0.8824880123138428,
    "complex_pde": 0.44947364926338196,
    "complex_ipde": 0.7207286357879639,
    "chains_ptm": {
        "0": 0.9484927654266357,
        "1": 0.9556770324707031
    },
    "pair_chains_iptm": {
        "0": {
            "0": 0.9484927654266357,
            "1": 0.6816152334213257
        },
        "1": {
            "0": 0.960330069065094,
            "1": 0.9556770324707031
        }
    }
}