{
    "confidence_score": 0.9494404196739197,
    "ptm": 0.9629749655723572,
    "iptm": 0.9679198861122131,
    "ligand_iptm": 0.9679198861122131,
    "protein_iptm": 0.0,
    "complex_plddt": 0.9448204636573792,
    "complex_iplddt": 0.913977324962616,
    "complex_pde": 0.3842616379261017,
    "complex_ipde": 0.5660646557807922,
    "chains_ptm": {
        "0": 0.962652325630188,
        "1": 0.9537295699119568
    },
    "pair_chains_iptm": {
        "0": {
            "0": 0.962652325630188,
            "1": 0.7353769540786743
        },
        "1": {
            "0": 0.9679198861122131,
            "1": 0.9537295699119568
        }
    }
}