{
    "confidence_score": 0.9546316266059875,
    "ptm": 0.9570049047470093,
    "iptm": 0.9681974649429321,
    "ligand_iptm": 0.9681974649429321,
    "protein_iptm": 0.0,
    "complex_plddt": 0.9512401223182678,
    "complex_iplddt": 0.9349344372749329,
    "complex_pde": 0.3945685923099518,
    "complex_ipde": 0.5873773097991943,
    "chains_ptm": {
        "0": 0.9560405015945435,
        "1": 0.956538736820221
    },
    "pair_chains_iptm": {
        "0": {
            "0": 0.9560405015945435,
            "1": 0.7324445843696594
        },
        "1": {
            "0": 0.9681974649429321,
            "1": 0.956538736820221
        }
    }
}