{
    "confidence_score": 0.9317952394485474,
    "ptm": 0.9404211044311523,
    "iptm": 0.9240220189094543,
    "ligand_iptm": 0.9240220189094543,
    "protein_iptm": 0.0,
    "complex_plddt": 0.9337385296821594,
    "complex_iplddt": 0.8832148909568787,
    "complex_pde": 0.494118332862854,
    "complex_ipde": 0.920680820941925,
    "chains_ptm": {
        "0": 0.9419207572937012,
        "1": 0.9398618936538696
    },
    "pair_chains_iptm": {
        "0": {
            "0": 0.9419207572937012,
            "1": 0.5825790762901306
        },
        "1": {
            "0": 0.9240220189094543,
            "1": 0.9398618936538696
        }
    }
}