{
    "confidence_score": 0.9573821425437927,
    "ptm": 0.9527945518493652,
    "iptm": 0.9544848203659058,
    "ligand_iptm": 0.9544848203659058,
    "protein_iptm": 0.0,
    "complex_plddt": 0.9581063985824585,
    "complex_iplddt": 0.9319762587547302,
    "complex_pde": 0.41900187730789185,
    "complex_ipde": 0.7682708501815796,
    "chains_ptm": {
        "0": 0.9527896046638489,
        "1": 0.9821521043777466
    },
    "pair_chains_iptm": {
        "0": {
            "0": 0.9527896046638489,
            "1": 0.6353487968444824
        },
        "1": {
            "0": 0.9544848203659058,
            "1": 0.9821521043777466
        }
    }
}