{
    "confidence_score": 0.9396791458129883,
    "ptm": 0.943719744682312,
    "iptm": 0.9118152260780334,
    "ligand_iptm": 0.9118152260780334,
    "protein_iptm": 0.0,
    "complex_plddt": 0.9466451406478882,
    "complex_iplddt": 0.9202748537063599,
    "complex_pde": 0.5066064596176147,
    "complex_ipde": 1.1015499830245972,
    "chains_ptm": {
        "0": 0.9475247859954834,
        "1": 0.9232410192489624
    },
    "pair_chains_iptm": {
        "0": {
            "0": 0.9475247859954834,
            "1": 0.588413417339325
        },
        "1": {
            "0": 0.9118152260780334,
            "1": 0.9232410192489624
        }
    }
}