seed,sample,ranking_score
1,0,0.8843524123516523
1,1,0.8731518778073334
1,2,0.9010150154996509
1,3,0.8825143848638364
1,4,0.8933761352211029
