seed,sample,ranking_score
1,0,0.921449639487222
1,1,0.9255243906820376
1,2,0.9437639304623152
1,3,0.9206767692352092
1,4,0.9274285744314572
