{
    "confidence_score": 0.9508227705955505,
    "ptm": 0.9621079564094543,
    "iptm": 0.9716717004776001,
    "ligand_iptm": 0.9716717004776001,
    "protein_iptm": 0.0,
    "complex_plddt": 0.945610523223877,
    "complex_iplddt": 0.9172812700271606,
    "complex_pde": 0.3791395127773285,
    "complex_ipde": 0.5373252034187317,
    "chains_ptm": {
        "0": 0.9614229798316956,
        "1": 0.9531230330467224
    },
    "pair_chains_iptm": {
        "0": {
            "0": 0.9614229798316956,
            "1": 0.6814291477203369
        },
        "1": {
            "0": 0.9716717004776001,
            "1": 0.9531230330467224
        }
    }
}