{
    "confidence_score": 0.9468127489089966,
    "ptm": 0.9561221599578857,
    "iptm": 0.9401851892471313,
    "ligand_iptm": 0.9401851892471313,
    "protein_iptm": 0.0,
    "complex_plddt": 0.9484695792198181,
    "complex_iplddt": 0.8992880582809448,
    "complex_pde": 0.4060288965702057,
    "complex_ipde": 0.7807973623275757,
    "chains_ptm": {
        "0": 0.9571271538734436,
        "1": 0.931974470615387
    },
    "pair_chains_iptm": {
        "0": {
            "0": 0.9571271538734436,
            "1": 0.562161386013031
        },
        "1": {
            "0": 0.9401851892471313,
            "1": 0.931974470615387
        }
    }
}