seed,sample,ranking_score
1,0,0.8196180755850767
1,1,0.8053462682249285
1,2,0.8206446800518713
1,3,0.7993605917854844
1,4,0.8158536547655177
