seed,sample,ranking_score
44,0,0.717954320345701
44,1,0.6958676426752641
44,2,0.6802793637249075
44,3,0.7044347743624837
44,4,0.6933713240061661
9,0,0.669100257132274
9,1,0.6507674818360035
9,2,0.6784746552127793
9,3,0.7250816903086195
9,4,0.674414509480531
80,0,0.6679983670327041
80,1,0.6762784866559768
80,2,0.6655895441770295
80,3,0.6679998951431855
80,4,0.6800868676884707
