seed,sample,ranking_score
1,0,0.8476648671544822
1,1,0.8587941185449359
1,2,0.8523027259111279
1,3,0.8599153972042182
1,4,0.8590113699776015
