seed,sample,ranking_score
1,0,0.8497424148122384
1,1,0.8805352215210807
1,2,0.8569748336442062
1,3,0.8626407585518295
1,4,0.8607374283075429
