{
    "confidence_score": 0.9408891797065735,
    "ptm": 0.9520232081413269,
    "iptm": 0.9532829523086548,
    "ligand_iptm": 0.9532829523086548,
    "protein_iptm": 0.0,
    "complex_plddt": 0.9377907514572144,
    "complex_iplddt": 0.9266703724861145,
    "complex_pde": 0.4275001585483551,
    "complex_ipde": 0.6946189999580383,
    "chains_ptm": {
        "0": 0.952087938785553,
        "1": 0.8837293982505798
    },
    "pair_chains_iptm": {
        "0": {
            "0": 0.952087938785553,
            "1": 0.5433259010314941
        },
        "1": {
            "0": 0.9532829523086548,
            "1": 0.8837293982505798
        }
    }
}