seed,sample,ranking_score
1,0,0.9653682714070063
1,1,0.9804417881987424
1,2,0.9799758149948372
1,3,0.9698755063910474
1,4,0.9714513613316396
