seed,sample,ranking_score
1,0,0.7824505613467156
1,1,0.8101749565468237
1,2,0.8084694367348098
1,3,0.7805909689470811
1,4,0.7887336164165214
