{
    "confidence_score": 0.9189754724502563,
    "ptm": 0.9527794718742371,
    "iptm": 0.9590710401535034,
    "ligand_iptm": 0.9590710401535034,
    "protein_iptm": 0.0,
    "complex_plddt": 0.9089515805244446,
    "complex_iplddt": 0.7766830921173096,
    "complex_pde": 0.4295266568660736,
    "complex_ipde": 0.6383728384971619,
    "chains_ptm": {
        "0": 0.9522921442985535,
        "1": 0.8830083012580872
    },
    "pair_chains_iptm": {
        "0": {
            "0": 0.9522921442985535,
            "1": 0.6272327899932861
        },
        "1": {
            "0": 0.9590710401535034,
            "1": 0.8830083012580872
        }
    }
}