{
    "confidence_score": 0.9252161383628845,
    "ptm": 0.9497907161712646,
    "iptm": 0.9512299299240112,
    "ligand_iptm": 0.9512299299240112,
    "protein_iptm": 0.0,
    "complex_plddt": 0.9187126159667969,
    "complex_iplddt": 0.846328616142273,
    "complex_pde": 0.44902634620666504,
    "complex_ipde": 0.7453538775444031,
    "chains_ptm": {
        "0": 0.9499872326850891,
        "1": 0.9250641465187073
    },
    "pair_chains_iptm": {
        "0": {
            "0": 0.9499872326850891,
            "1": 0.602167546749115
        },
        "1": {
            "0": 0.9512299299240112,
            "1": 0.9250641465187073
        }
    }
}