seed,sample,ranking_score
44,0,0.8460290076795304
44,1,0.827111852696549
44,2,0.7913138276723667
44,3,0.8302387301605275
44,4,0.8297251432637792
9,0,0.8107698214180171
9,1,0.8305661719679595
9,2,0.8298078954336496
9,3,0.8157969823834689
9,4,0.7826492845516381
80,0,0.8056629887387133
80,1,0.8267590368379524
80,2,0.8144365429733553
80,3,0.8126809194223983
80,4,0.8212274877517475
