seed,sample,ranking_score
1,0,0.721569851020714
1,1,0.7543804969249037
1,2,0.7713348884690768
1,3,0.7561962441277288
1,4,0.6581692231750704
