{
    "confidence_score": 0.9441354870796204,
    "ptm": 0.9435482621192932,
    "iptm": 0.9526815414428711,
    "ligand_iptm": 0.9526815414428711,
    "protein_iptm": 0.0,
    "complex_plddt": 0.9419990181922913,
    "complex_iplddt": 0.9133369326591492,
    "complex_pde": 0.467806875705719,
    "complex_ipde": 0.7505331635475159,
    "chains_ptm": {
        "0": 0.9430562853813171,
        "1": 0.9512473344802856
    },
    "pair_chains_iptm": {
        "0": {
            "0": 0.9430562853813171,
            "1": 0.6049095392227173
        },
        "1": {
            "0": 0.9526815414428711,
            "1": 0.9512473344802856
        }
    }
}