{
    "confidence_score": 0.9545972943305969,
    "ptm": 0.9676177501678467,
    "iptm": 0.9662168025970459,
    "ligand_iptm": 0.9662168025970459,
    "protein_iptm": 0.0,
    "complex_plddt": 0.9516923427581787,
    "complex_iplddt": 0.9261119961738586,
    "complex_pde": 0.3512763977050781,
    "complex_ipde": 0.5465205311775208,
    "chains_ptm": {
        "0": 0.9678261280059814,
        "1": 0.9291706681251526
    },
    "pair_chains_iptm": {
        "0": {
            "0": 0.9678261280059814,
            "1": 0.5228867530822754
        },
        "1": {
            "0": 0.9662168025970459,
            "1": 0.9291706681251526
        }
    }
}