{
    "confidence_score": 0.9620658755302429,
    "ptm": 0.9448407292366028,
    "iptm": 0.9784277081489563,
    "ligand_iptm": 0.9784277081489563,
    "protein_iptm": 0.0,
    "complex_plddt": 0.957975447177887,
    "complex_iplddt": 0.9494974613189697,
    "complex_pde": 0.44264522194862366,
    "complex_ipde": 0.5405226349830627,
    "chains_ptm": {
        "0": 0.9425265192985535,
        "1": 0.9520326852798462
    },
    "pair_chains_iptm": {
        "0": {
            "0": 0.9425265192985535,
            "1": 0.7265744805335999
        },
        "1": {
            "0": 0.9784277081489563,
            "1": 0.9520326852798462
        }
    }
}