seed,sample,ranking_score
1,0,0.7301247573266294
1,1,0.7449425030431152
1,2,0.7893498734073296
1,3,0.7206705980682492
1,4,0.759188679036376
