{
    "confidence_score": 0.9566642045974731,
    "ptm": 0.9677197933197021,
    "iptm": 0.9643132090568542,
    "ligand_iptm": 0.9643132090568542,
    "protein_iptm": 0.0,
    "complex_plddt": 0.9547519087791443,
    "complex_iplddt": 0.9428684115409851,
    "complex_pde": 0.3561835289001465,
    "complex_ipde": 0.6925442218780518,
    "chains_ptm": {
        "0": 0.9680635929107666,
        "1": 0.9577829241752625
    },
    "pair_chains_iptm": {
        "0": {
            "0": 0.9680635929107666,
            "1": 0.5522922277450562
        },
        "1": {
            "0": 0.9643132090568542,
            "1": 0.9577829241752625
        }
    }
}