{
    "confidence_score": 0.945751965045929,
    "ptm": 0.9630663990974426,
    "iptm": 0.9563155174255371,
    "ligand_iptm": 0.9563155174255371,
    "protein_iptm": 0.0,
    "complex_plddt": 0.9431110620498657,
    "complex_iplddt": 0.9088440537452698,
    "complex_pde": 0.3928038477897644,
    "complex_ipde": 0.6846115589141846,
    "chains_ptm": {
        "0": 0.9636856317520142,
        "1": 0.912543535232544
    },
    "pair_chains_iptm": {
        "0": {
            "0": 0.9636856317520142,
            "1": 0.6440655589103699
        },
        "1": {
            "0": 0.9563155174255371,
            "1": 0.912543535232544
        }
    }
}