seed,sample,ranking_score
1,0,0.7373314404368603
1,1,0.781799191250404
1,2,0.7766754288058173
1,3,0.7832175177496888
1,4,0.784605708603327
