{
    "confidence_score": 0.9475106596946716,
    "ptm": 0.953903317451477,
    "iptm": 0.9371468424797058,
    "ligand_iptm": 0.9371468424797058,
    "protein_iptm": 0.0,
    "complex_plddt": 0.9501015543937683,
    "complex_iplddt": 0.9071016907691956,
    "complex_pde": 0.4195334017276764,
    "complex_ipde": 0.8473227024078369,
    "chains_ptm": {
        "0": 0.9547610878944397,
        "1": 0.9716292023658752
    },
    "pair_chains_iptm": {
        "0": {
            "0": 0.9547610878944397,
            "1": 0.6312354207038879
        },
        "1": {
            "0": 0.9371468424797058,
            "1": 0.9716292023658752
        }
    }
}