{
    "confidence_score": 0.9043391346931458,
    "ptm": 0.9592461585998535,
    "iptm": 0.7734931707382202,
    "ligand_iptm": 0.7734931707382202,
    "protein_iptm": 0.0,
    "complex_plddt": 0.9370505809783936,
    "complex_iplddt": 0.7603433728218079,
    "complex_pde": 0.5903822183609009,
    "complex_ipde": 3.524310827255249,
    "chains_ptm": {
        "0": 0.9707716703414917,
        "1": 0.8907771110534668
    },
    "pair_chains_iptm": {
        "0": {
            "0": 0.9707716703414917,
            "1": 0.3527737855911255
        },
        "1": {
            "0": 0.7734931707382202,
            "1": 0.8907771110534668
        }
    }
}