{
    "confidence_score": 0.9476866722106934,
    "ptm": 0.9594697952270508,
    "iptm": 0.9705764651298523,
    "ligand_iptm": 0.9705764651298523,
    "protein_iptm": 0.0,
    "complex_plddt": 0.9419642090797424,
    "complex_iplddt": 0.9043251276016235,
    "complex_pde": 0.38406243920326233,
    "complex_ipde": 0.5747106075286865,
    "chains_ptm": {
        "0": 0.9586624503135681,
        "1": 0.9744503498077393
    },
    "pair_chains_iptm": {
        "0": {
            "0": 0.9586624503135681,
            "1": 0.7319377064704895
        },
        "1": {
            "0": 0.9705764651298523,
            "1": 0.9744503498077393
        }
    }
}