{
    "confidence_score": 0.9454805254936218,
    "ptm": 0.943846583366394,
    "iptm": 0.9693782329559326,
    "ligand_iptm": 0.9693782329559326,
    "protein_iptm": 0.0,
    "complex_plddt": 0.9395061731338501,
    "complex_iplddt": 0.9134828448295593,
    "complex_pde": 0.4560346007347107,
    "complex_ipde": 0.642172634601593,
    "chains_ptm": {
        "0": 0.941810667514801,
        "1": 0.9725995659828186
    },
    "pair_chains_iptm": {
        "0": {
            "0": 0.941810667514801,
            "1": 0.7091100811958313
        },
        "1": {
            "0": 0.9693782329559326,
            "1": 0.9725995659828186
        }
    }
}