{
    "confidence_score": 0.9401365518569946,
    "ptm": 0.9391240477561951,
    "iptm": 0.9095968008041382,
    "ligand_iptm": 0.9095968008041382,
    "protein_iptm": 0.0,
    "complex_plddt": 0.9477714896202087,
    "complex_iplddt": 0.9187281131744385,
    "complex_pde": 0.4999740719795227,
    "complex_ipde": 1.318203330039978,
    "chains_ptm": {
        "0": 0.9406538009643555,
        "1": 0.9623623490333557
    },
    "pair_chains_iptm": {
        "0": {
            "0": 0.9406538009643555,
            "1": 0.4002671241760254
        },
        "1": {
            "0": 0.9095968008041382,
            "1": 0.9623623490333557
        }
    }
}