{
    "confidence_score": 0.956317126750946,
    "ptm": 0.9585233926773071,
    "iptm": 0.983771800994873,
    "ligand_iptm": 0.983771800994873,
    "protein_iptm": 0.0,
    "complex_plddt": 0.9494535326957703,
    "complex_iplddt": 0.9501173496246338,
    "complex_pde": 0.37447643280029297,
    "complex_ipde": 0.4315517246723175,
    "chains_ptm": {
        "0": 0.956840455532074,
        "1": 0.9592817425727844
    },
    "pair_chains_iptm": {
        "0": {
            "0": 0.956840455532074,
            "1": 0.7401785254478455
        },
        "1": {
            "0": 0.983771800994873,
            "1": 0.9592817425727844
        }
    }
}