seed,sample,ranking_score
1,0,0.8474247641394055
1,1,0.8473039718343816
1,2,0.8583099972231926
1,3,0.8425815019419696
1,4,0.838342855706164
