{
    "confidence_score": 0.9440014958381653,
    "ptm": 0.9633082747459412,
    "iptm": 0.9427046179771423,
    "ligand_iptm": 0.9427046179771423,
    "protein_iptm": 0.0,
    "complex_plddt": 0.9443256855010986,
    "complex_iplddt": 0.9027749300003052,
    "complex_pde": 0.38600072264671326,
    "complex_ipde": 0.7460953593254089,
    "chains_ptm": {
        "0": 0.9645819067955017,
        "1": 0.9393683671951294
    },
    "pair_chains_iptm": {
        "0": {
            "0": 0.9645819067955017,
            "1": 0.512537956237793
        },
        "1": {
            "0": 0.9427046179771423,
            "1": 0.9393683671951294
        }
    }
}