{
    "confidence_score": 0.965812623500824,
    "ptm": 0.943260669708252,
    "iptm": 0.9809458255767822,
    "ligand_iptm": 0.9809458255767822,
    "protein_iptm": 0.0,
    "complex_plddt": 0.9620292782783508,
    "complex_iplddt": 0.9599636793136597,
    "complex_pde": 0.4486179053783417,
    "complex_ipde": 0.5738544464111328,
    "chains_ptm": {
        "0": 0.9415885210037231,
        "1": 0.9355486035346985
    },
    "pair_chains_iptm": {
        "0": {
            "0": 0.9415885210037231,
            "1": 0.584392249584198
        },
        "1": {
            "0": 0.9809458255767822,
            "1": 0.9355486035346985
        }
    }
}