{
    "confidence_score": 0.9451159834861755,
    "ptm": 0.95799320936203,
    "iptm": 0.9737548232078552,
    "ligand_iptm": 0.9737548232078552,
    "protein_iptm": 0.0,
    "complex_plddt": 0.9379562139511108,
    "complex_iplddt": 0.8783995509147644,
    "complex_pde": 0.3926069140434265,
    "complex_ipde": 0.5354468822479248,
    "chains_ptm": {
        "0": 0.9570139646530151,
        "1": 0.9447430372238159
    },
    "pair_chains_iptm": {
        "0": {
            "0": 0.9570139646530151,
            "1": 0.6603094339370728
        },
        "1": {
            "0": 0.9737548232078552,
            "1": 0.9447430372238159
        }
    }
}