{
    "confidence_score": 0.9593085646629333,
    "ptm": 0.9683347940444946,
    "iptm": 0.9771907925605774,
    "ligand_iptm": 0.9771907925605774,
    "protein_iptm": 0.0,
    "complex_plddt": 0.9548379182815552,
    "complex_iplddt": 0.9472996592521667,
    "complex_pde": 0.3518117666244507,
    "complex_ipde": 0.4858289957046509,
    "chains_ptm": {
        "0": 0.9676538705825806,
        "1": 0.9481278657913208
    },
    "pair_chains_iptm": {
        "0": {
            "0": 0.9676538705825806,
            "1": 0.7150253057479858
        },
        "1": {
            "0": 0.9771907925605774,
            "1": 0.9481278657913208
        }
    }
}