{
    "confidence_score": 0.9376355409622192,
    "ptm": 0.9445621967315674,
    "iptm": 0.8851584792137146,
    "ligand_iptm": 0.8851584792137146,
    "protein_iptm": 0.0,
    "complex_plddt": 0.9507548213005066,
    "complex_iplddt": 0.9114373922348022,
    "complex_pde": 0.4991883635520935,
    "complex_ipde": 1.53390371799469,
    "chains_ptm": {
        "0": 0.9474139213562012,
        "1": 0.9592006802558899
    },
    "pair_chains_iptm": {
        "0": {
            "0": 0.9474139213562012,
            "1": 0.3599945306777954
        },
        "1": {
            "0": 0.8851584792137146,
            "1": 0.9592006802558899
        }
    }
}