{
    "confidence_score": 0.9480913281440735,
    "ptm": 0.9448334574699402,
    "iptm": 0.9188320636749268,
    "ligand_iptm": 0.9188320636749268,
    "protein_iptm": 0.0,
    "complex_plddt": 0.9554061889648438,
    "complex_iplddt": 0.9295320510864258,
    "complex_pde": 0.4719521403312683,
    "complex_ipde": 1.1271374225616455,
    "chains_ptm": {
        "0": 0.9460436701774597,
        "1": 0.9817453622817993
    },
    "pair_chains_iptm": {
        "0": {
            "0": 0.9460436701774597,
            "1": 0.48260053992271423
        },
        "1": {
            "0": 0.9188320636749268,
            "1": 0.9817453622817993
        }
    }
}