{
    "confidence_score": 0.945796012878418,
    "ptm": 0.9637880921363831,
    "iptm": 0.9438303112983704,
    "ligand_iptm": 0.9438303112983704,
    "protein_iptm": 0.0,
    "complex_plddt": 0.9462874531745911,
    "complex_iplddt": 0.902584433555603,
    "complex_pde": 0.37393414974212646,
    "complex_ipde": 0.7405070662498474,
    "chains_ptm": {
        "0": 0.9649128913879395,
        "1": 0.9489704370498657
    },
    "pair_chains_iptm": {
        "0": {
            "0": 0.9649128913879395,
            "1": 0.6007523536682129
        },
        "1": {
            "0": 0.9438303112983704,
            "1": 0.9489704370498657
        }
    }
}