seed,sample,ranking_score
1,0,0.8342896614755924
1,1,0.8524123702943626
1,2,0.8543830105595414
1,3,0.8298106959067424
1,4,0.8326062109003025
