{
    "confidence_score": 0.9565569758415222,
    "ptm": 0.9670984745025635,
    "iptm": 0.9613971710205078,
    "ligand_iptm": 0.9613971710205078,
    "protein_iptm": 0.0,
    "complex_plddt": 0.955346941947937,
    "complex_iplddt": 0.9196088314056396,
    "complex_pde": 0.36529597640037537,
    "complex_ipde": 0.6107315421104431,
    "chains_ptm": {
        "0": 0.9675291180610657,
        "1": 0.9688887596130371
    },
    "pair_chains_iptm": {
        "0": {
            "0": 0.9675291180610657,
            "1": 0.6102071404457092
        },
        "1": {
            "0": 0.9613971710205078,
            "1": 0.9688887596130371
        }
    }
}