{
    "confidence_score": 0.9340291023254395,
    "ptm": 0.9495664834976196,
    "iptm": 0.9485946893692017,
    "ligand_iptm": 0.9485946893692017,
    "protein_iptm": 0.0,
    "complex_plddt": 0.9303876757621765,
    "complex_iplddt": 0.8666009306907654,
    "complex_pde": 0.45382553339004517,
    "complex_ipde": 0.7815436124801636,
    "chains_ptm": {
        "0": 0.949767529964447,
        "1": 0.94222491979599
    },
    "pair_chains_iptm": {
        "0": {
            "0": 0.949767529964447,
            "1": 0.5756033658981323
        },
        "1": {
            "0": 0.9485946893692017,
            "1": 0.94222491979599
        }
    }
}