seed,sample,ranking_score
1,0,0.7709815099093387
1,1,0.7918035045478691
1,2,0.47450941286504533
1,3,0.7875299506757283
1,4,0.7847747447670086
