seed,sample,ranking_score
1,0,0.8689068707976102
1,1,0.8770392425072103
1,2,0.9092436303390562
1,3,0.8788353789356591
1,4,0.880566125461339
