seed,sample,ranking_score
1,0,0.7617178381445955
1,1,0.8238407155890252
1,2,0.8291369293570395
1,3,0.8113764413099515
1,4,0.8201996896211479
