seed,sample,ranking_score
1,0,0.9131348014170295
1,1,0.9270293274036957
1,2,0.9255925988314571
1,3,0.9131222945715982
1,4,0.9193848147376439
