seed,sample,ranking_score
44,0,0.6057690493625327
44,1,0.6301565865341459
44,2,0.5529889997593507
44,3,0.5977590040828059
44,4,0.6031459930957612
9,0,0.6342807911634927
9,1,0.6285370153077983
9,2,0.6251521372385876
9,3,0.6124139083695838
9,4,0.5950649222566797
80,0,0.6060795379601931
80,1,0.610360678496694
80,2,0.6155614085113426
80,3,0.6175811596894498
80,4,0.6234995289556265
