{
    "confidence_score": 0.9344934821128845,
    "ptm": 0.9384044408798218,
    "iptm": 0.9348742961883545,
    "ligand_iptm": 0.9348742961883545,
    "protein_iptm": 0.0,
    "complex_plddt": 0.9343981742858887,
    "complex_iplddt": 0.8786502480506897,
    "complex_pde": 0.49137064814567566,
    "complex_ipde": 0.8524254560470581,
    "chains_ptm": {
        "0": 0.9389141201972961,
        "1": 0.9246997237205505
    },
    "pair_chains_iptm": {
        "0": {
            "0": 0.9389141201972961,
            "1": 0.5445816516876221
        },
        "1": {
            "0": 0.9348742961883545,
            "1": 0.9246997237205505
        }
    }
}