{
    "confidence_score": 0.936292827129364,
    "ptm": 0.9503415822982788,
    "iptm": 0.8900279402732849,
    "ligand_iptm": 0.8900279402732849,
    "protein_iptm": 0.0,
    "complex_plddt": 0.9478590488433838,
    "complex_iplddt": 0.9011973738670349,
    "complex_pde": 0.4698912501335144,
    "complex_ipde": 1.4603978395462036,
    "chains_ptm": {
        "0": 0.9528129696846008,
        "1": 0.9255373477935791
    },
    "pair_chains_iptm": {
        "0": {
            "0": 0.9528129696846008,
            "1": 0.39316707849502563
        },
        "1": {
            "0": 0.8900279402732849,
            "1": 0.9255373477935791
        }
    }
}