{
    "confidence_score": 0.9498577117919922,
    "ptm": 0.9687246084213257,
    "iptm": 0.9109633564949036,
    "ligand_iptm": 0.9109633564949036,
    "protein_iptm": 0.0,
    "complex_plddt": 0.9595813155174255,
    "complex_iplddt": 0.9036589860916138,
    "complex_pde": 0.3770265579223633,
    "complex_ipde": 1.1487019062042236,
    "chains_ptm": {
        "0": 0.9712843298912048,
        "1": 0.9331209659576416
    },
    "pair_chains_iptm": {
        "0": {
            "0": 0.9712843298912048,
            "1": 0.41006454825401306
        },
        "1": {
            "0": 0.9109633564949036,
            "1": 0.9331209659576416
        }
    }
}