{
    "confidence_score": 0.9504492878913879,
    "ptm": 0.9453790187835693,
    "iptm": 0.9707398414611816,
    "ligand_iptm": 0.9707398414611816,
    "protein_iptm": 0.0,
    "complex_plddt": 0.9453766345977783,
    "complex_iplddt": 0.9447140097618103,
    "complex_pde": 0.457456111907959,
    "complex_ipde": 0.609826922416687,
    "chains_ptm": {
        "0": 0.9437494277954102,
        "1": 0.915992796421051
    },
    "pair_chains_iptm": {
        "0": {
            "0": 0.9437494277954102,
            "1": 0.626797080039978
        },
        "1": {
            "0": 0.9707398414611816,
            "1": 0.915992796421051
        }
    }
}