{
    "confidence_score": 0.9299367070198059,
    "ptm": 0.9458457827568054,
    "iptm": 0.9490372538566589,
    "ligand_iptm": 0.9490372538566589,
    "protein_iptm": 0.0,
    "complex_plddt": 0.925161600112915,
    "complex_iplddt": 0.8436264395713806,
    "complex_pde": 0.4746328890323639,
    "complex_ipde": 0.7935487627983093,
    "chains_ptm": {
        "0": 0.9456064105033875,
        "1": 0.9402108192443848
    },
    "pair_chains_iptm": {
        "0": {
            "0": 0.9456064105033875,
            "1": 0.6512207984924316
        },
        "1": {
            "0": 0.9490372538566589,
            "1": 0.9402108192443848
        }
    }
}