seed,sample,ranking_score
1,0,0.9583878374795555
1,1,0.9789662909670583
1,2,0.977587556792842
1,3,0.9587961340391998
1,4,0.9650375538530273
