{
    "confidence_score": 0.9378679394721985,
    "ptm": 0.9581019282341003,
    "iptm": 0.950660228729248,
    "ligand_iptm": 0.950660228729248,
    "protein_iptm": 0.0,
    "complex_plddt": 0.9346697926521301,
    "complex_iplddt": 0.8956044912338257,
    "complex_pde": 0.4223628044128418,
    "complex_ipde": 0.7452184557914734,
    "chains_ptm": {
        "0": 0.958848774433136,
        "1": 0.8749423027038574
    },
    "pair_chains_iptm": {
        "0": {
            "0": 0.958848774433136,
            "1": 0.6242821216583252
        },
        "1": {
            "0": 0.950660228729248,
            "1": 0.8749423027038574
        }
    }
}