{
    "confidence_score": 0.9588688015937805,
    "ptm": 0.9522271752357483,
    "iptm": 0.9630383253097534,
    "ligand_iptm": 0.9630383253097534,
    "protein_iptm": 0.0,
    "complex_plddt": 0.9578264355659485,
    "complex_iplddt": 0.9460280537605286,
    "complex_pde": 0.42887577414512634,
    "complex_ipde": 0.659031093120575,
    "chains_ptm": {
        "0": 0.9515693187713623,
        "1": 0.9267964363098145
    },
    "pair_chains_iptm": {
        "0": {
            "0": 0.9515693187713623,
            "1": 0.6007654666900635
        },
        "1": {
            "0": 0.9630383253097534,
            "1": 0.9267964363098145
        }
    }
}