seed,sample,ranking_score
44,0,0.8398817180336131
44,1,0.8437365173359035
44,2,0.81535965544636
44,3,0.8242313156938041
44,4,0.7652567657479568
9,0,0.7548577909629913
9,1,0.818254964549046
9,2,0.8052559870001044
9,3,0.8076545762023485
9,4,0.7607801382433718
80,0,0.7678139751439957
80,1,0.8113780026183317
80,2,0.802812076822632
80,3,0.76324053568978
80,4,0.7980199773688317
