seed,sample,ranking_score
1,0,0.8362184968522084
1,1,0.8215949819083156
1,2,0.8406810117559081
1,3,0.8354624009965939
1,4,0.8543164577844558
