seed,sample,ranking_score
44,0,0.8896187511941108
44,1,0.906033343251499
44,2,0.8913989903908571
44,3,0.8817938330839885
44,4,0.8799255339537173
9,0,0.8594556436265193
9,1,0.8865574453110495
9,2,0.8970137182667433
9,3,0.8595465083326206
9,4,0.8731326996667724
80,0,0.8843123971105138
80,1,0.8858257953531006
80,2,0.8811128833859873
80,3,0.8834719102770443
80,4,0.8358635629732407
