seed,sample,ranking_score
1,0,0.884541009519936
1,1,0.893854121818016
1,2,0.9049430321772408
1,3,0.8840840888556707
1,4,0.8849828792092304
