seed,sample,ranking_score
1,0,0.7580658167690828
1,1,0.7782494497991472
1,2,0.7858187180027242
1,3,0.7636081636657966
1,4,0.7755078936013324
