{
    "confidence_score": 0.9513131976127625,
    "ptm": 0.9585186243057251,
    "iptm": 0.9755669832229614,
    "ligand_iptm": 0.9755669832229614,
    "protein_iptm": 0.0,
    "complex_plddt": 0.9452497959136963,
    "complex_iplddt": 0.9381150603294373,
    "complex_pde": 0.39366984367370605,
    "complex_ipde": 0.5349956750869751,
    "chains_ptm": {
        "0": 0.9573978781700134,
        "1": 0.9382559061050415
    },
    "pair_chains_iptm": {
        "0": {
            "0": 0.9573978781700134,
            "1": 0.6707493662834167
        },
        "1": {
            "0": 0.9755669832229614,
            "1": 0.9382559061050415
        }
    }
}