seed,sample,ranking_score
1,0,0.8243215063024402
1,1,0.8253020663753685
1,2,0.8414986221422331
1,3,0.8081389102264307
1,4,0.8288300786856171
