seed,sample,ranking_score
1,0,0.7960337604849879
1,1,0.7575021422931185
1,2,0.7899148926487155
1,3,0.7902655350533067
1,4,0.7617651237659585
