{
    "confidence_score": 0.9361070990562439,
    "ptm": 0.9468600749969482,
    "iptm": 0.8992313146591187,
    "ligand_iptm": 0.8992313146591187,
    "protein_iptm": 0.0,
    "complex_plddt": 0.945326030254364,
    "complex_iplddt": 0.8834065794944763,
    "complex_pde": 0.48631206154823303,
    "complex_ipde": 1.2143186330795288,
    "chains_ptm": {
        "0": 0.9493424892425537,
        "1": 0.9621980786323547
    },
    "pair_chains_iptm": {
        "0": {
            "0": 0.9493424892425537,
            "1": 0.487659752368927
        },
        "1": {
            "0": 0.8992313146591187,
            "1": 0.9621980786323547
        }
    }
}