{
    "confidence_score": 0.9568576812744141,
    "ptm": 0.9563747048377991,
    "iptm": 0.9596577882766724,
    "ligand_iptm": 0.9596577882766724,
    "protein_iptm": 0.0,
    "complex_plddt": 0.9561576247215271,
    "complex_iplddt": 0.9401243329048157,
    "complex_pde": 0.4090278744697571,
    "complex_ipde": 0.6854647397994995,
    "chains_ptm": {
        "0": 0.9562996625900269,
        "1": 0.9610459804534912
    },
    "pair_chains_iptm": {
        "0": {
            "0": 0.9562996625900269,
            "1": 0.6206379532814026
        },
        "1": {
            "0": 0.9596577882766724,
            "1": 0.9610459804534912
        }
    }
}