seed,sample,ranking_score
1,0,0.9111427159751107
1,1,0.9244110441769164
1,2,0.9236783038944456
1,3,0.9129387114608764
1,4,0.9260380942607567
