{
    "confidence_score": 0.9454828500747681,
    "ptm": 0.9537183046340942,
    "iptm": 0.9106048941612244,
    "ligand_iptm": 0.9106048941612244,
    "protein_iptm": 0.0,
    "complex_plddt": 0.9542023539543152,
    "complex_iplddt": 0.9248625040054321,
    "complex_pde": 0.44084346294403076,
    "complex_ipde": 1.2793433666229248,
    "chains_ptm": {
        "0": 0.9557638764381409,
        "1": 0.9649243950843811
    },
    "pair_chains_iptm": {
        "0": {
            "0": 0.9557638764381409,
            "1": 0.4070833921432495
        },
        "1": {
            "0": 0.9106048941612244,
            "1": 0.9649243950843811
        }
    }
}