{
    "confidence_score": 0.9410932660102844,
    "ptm": 0.9486813545227051,
    "iptm": 0.9557022452354431,
    "ligand_iptm": 0.9557022452354431,
    "protein_iptm": 0.0,
    "complex_plddt": 0.9374410510063171,
    "complex_iplddt": 0.9315816164016724,
    "complex_pde": 0.4433450698852539,
    "complex_ipde": 0.6983597874641418,
    "chains_ptm": {
        "0": 0.9483717679977417,
        "1": 0.9017370343208313
    },
    "pair_chains_iptm": {
        "0": {
            "0": 0.9483717679977417,
            "1": 0.6050264835357666
        },
        "1": {
            "0": 0.9557022452354431,
            "1": 0.9017370343208313
        }
    }
}