{
    "confidence_score": 0.9276448488235474,
    "ptm": 0.9467482566833496,
    "iptm": 0.9137561321258545,
    "ligand_iptm": 0.9137561321258545,
    "protein_iptm": 0.0,
    "complex_plddt": 0.9311169981956482,
    "complex_iplddt": 0.8358114361763,
    "complex_pde": 0.48027941584587097,
    "complex_ipde": 1.009957194328308,
    "chains_ptm": {
        "0": 0.9493303894996643,
        "1": 0.9108909368515015
    },
    "pair_chains_iptm": {
        "0": {
            "0": 0.9493303894996643,
            "1": 0.489301860332489
        },
        "1": {
            "0": 0.9137561321258545,
            "1": 0.9108909368515015
        }
    }
}