{
    "confidence_score": 0.9502305388450623,
    "ptm": 0.9620093703269958,
    "iptm": 0.959494948387146,
    "ligand_iptm": 0.959494948387146,
    "protein_iptm": 0.0,
    "complex_plddt": 0.9479143619537354,
    "complex_iplddt": 0.9320074319839478,
    "complex_pde": 0.3767540156841278,
    "complex_ipde": 0.7282657027244568,
    "chains_ptm": {
        "0": 0.9622068405151367,
        "1": 0.9706922173500061
    },
    "pair_chains_iptm": {
        "0": {
            "0": 0.9622068405151367,
            "1": 0.5392762422561646
        },
        "1": {
            "0": 0.959494948387146,
            "1": 0.9706922173500061
        }
    }
}