seed,sample,ranking_score
1,0,0.8188191720664653
1,1,0.8081397911122327
1,2,0.8414132804832658
1,3,0.826362181985058
1,4,0.8275411002853881
