{
    "confidence_score": 0.9380384683609009,
    "ptm": 0.9559455513954163,
    "iptm": 0.9642860293388367,
    "ligand_iptm": 0.9642860293388367,
    "protein_iptm": 0.0,
    "complex_plddt": 0.9314765334129333,
    "complex_iplddt": 0.871374785900116,
    "complex_pde": 0.4093910753726959,
    "complex_ipde": 0.6310346722602844,
    "chains_ptm": {
        "0": 0.9553843140602112,
        "1": 0.956119179725647
    },
    "pair_chains_iptm": {
        "0": {
            "0": 0.9553843140602112,
            "1": 0.6911630630493164
        },
        "1": {
            "0": 0.9642860293388367,
            "1": 0.956119179725647
        }
    }
}