seed,sample,ranking_score
44,0,0.8596094981018633
44,1,0.8596142630635625
44,2,0.8218889545337369
44,3,0.8530906167218053
44,4,0.8481319041919685
9,0,0.833397640686051
9,1,0.8335805406945872
9,2,0.8379656861446669
9,3,0.8284951612399756
9,4,0.8278035897460838
80,0,0.8362754567869204
80,1,0.8437641983513601
80,2,0.8265387981785985
80,3,0.8399600679608352
80,4,0.8286177618452396
