{
    "confidence_score": 0.9460762143135071,
    "ptm": 0.9651427865028381,
    "iptm": 0.9287644624710083,
    "ligand_iptm": 0.9287644624710083,
    "protein_iptm": 0.0,
    "complex_plddt": 0.9504041075706482,
    "complex_iplddt": 0.9382116794586182,
    "complex_pde": 0.3919019103050232,
    "complex_ipde": 0.9153669476509094,
    "chains_ptm": {
        "0": 0.9674437046051025,
        "1": 0.8989483118057251
    },
    "pair_chains_iptm": {
        "0": {
            "0": 0.9674437046051025,
            "1": 0.5071108937263489
        },
        "1": {
            "0": 0.9287644624710083,
            "1": 0.8989483118057251
        }
    }
}