seed,sample,ranking_score
44,0,0.8373497960642697
44,1,0.866322762785532
44,2,0.8412374005569043
44,3,0.8440717902380488
44,4,0.8497420031409031
9,0,0.8057411453356689
9,1,0.8106502960637645
9,2,0.8128676926924906
9,3,0.827790025142155
9,4,0.8145494859695229
80,0,0.7363566005936192
80,1,0.752940431402797
80,2,0.738531875797291
80,3,0.7343022927050648
80,4,0.8380771357666612
