seed,sample,ranking_score
1,0,0.7491467955311526
1,1,0.7184508426699535
1,2,0.7827430800540494
1,3,0.7289499207423373
1,4,0.7752796412565943
