seed,sample,ranking_score
1,0,0.9139114273080686
1,1,0.9063011401337145
1,2,0.9345602293880959
1,3,0.9089850165499385
1,4,0.913231318247677
