seed,sample,ranking_score
44,0,0.8763409197349475
44,1,0.8786359448457076
44,2,0.8639596613562882
44,3,0.8662019598842006
44,4,0.8623850986180165
9,0,0.8444249110154134
9,1,0.8525163426219926
9,2,0.8548021026724619
9,3,0.8531144214905646
9,4,0.8495813232888431
80,0,0.8434855654542842
80,1,0.8700480282610429
80,2,0.8440766452041648
80,3,0.8635086402234621
80,4,0.8489186507878435
