seed,sample,ranking_score
1,0,0.7953810056453394
1,1,0.8578794874010108
1,2,0.8638939285800489
1,3,0.8435996808628654
1,4,0.8185312175700923
