seed,sample,ranking_score
1,0,0.8141171229041778
1,1,0.8565589532238467
1,2,0.8715885470133042
1,3,0.8429834237712379
1,4,0.8534753786415323
