seed,sample,ranking_score
1,0,0.8264559816446636
1,1,0.8214267088187145
1,2,0.8967771040821915
1,3,0.862181316961816
1,4,0.8813250356138979
