seed,sample,ranking_score
1,0,0.9679593028892748
1,1,0.9818171217045544
1,2,0.9775583015106536
1,3,0.9692843063478125
1,4,0.9639440171124809
