{
    "confidence_score": 0.9455072283744812,
    "ptm": 0.963165283203125,
    "iptm": 0.9455747604370117,
    "ligand_iptm": 0.9455747604370117,
    "protein_iptm": 0.0,
    "complex_plddt": 0.9454903602600098,
    "complex_iplddt": 0.9075472950935364,
    "complex_pde": 0.39136597514152527,
    "complex_ipde": 0.776253879070282,
    "chains_ptm": {
        "0": 0.964185893535614,
        "1": 0.9453220963478088
    },
    "pair_chains_iptm": {
        "0": {
            "0": 0.964185893535614,
            "1": 0.597095787525177
        },
        "1": {
            "0": 0.9455747604370117,
            "1": 0.9453220963478088
        }
    }
}