seed,sample,ranking_score
1,0,0.7479117744480964
1,1,0.7635669213063134
1,2,0.7388577567581677
1,3,0.7316270750784618
1,4,0.766260191558279
