{
    "confidence_score": 0.9600797891616821,
    "ptm": 0.9449992179870605,
    "iptm": 0.9822582602500916,
    "ligand_iptm": 0.9822582602500916,
    "protein_iptm": 0.0,
    "complex_plddt": 0.954535186290741,
    "complex_iplddt": 0.9462302923202515,
    "complex_pde": 0.44575607776641846,
    "complex_ipde": 0.5329813361167908,
    "chains_ptm": {
        "0": 0.9434812664985657,
        "1": 0.9866117835044861
    },
    "pair_chains_iptm": {
        "0": {
            "0": 0.9434812664985657,
            "1": 0.7678954005241394
        },
        "1": {
            "0": 0.9822582602500916,
            "1": 0.9866117835044861
        }
    }
}