seed,sample,ranking_score
1,0,0.7009816210280476
1,1,0.6462491554313631
1,2,0.6211184632679885
1,3,0.6783915945912156
1,4,0.6423600631307086
