{
    "confidence_score": 0.9187778830528259,
    "ptm": 0.9585533142089844,
    "iptm": 0.9123927354812622,
    "ligand_iptm": 0.9123927354812622,
    "protein_iptm": 0.0,
    "complex_plddt": 0.9203740954399109,
    "complex_iplddt": 0.8147956132888794,
    "complex_pde": 0.44374585151672363,
    "complex_ipde": 0.9934458136558533,
    "chains_ptm": {
        "0": 0.9630897641181946,
        "1": 0.8530060052871704
    },
    "pair_chains_iptm": {
        "0": {
            "0": 0.9630897641181946,
            "1": 0.4165167808532715
        },
        "1": {
            "0": 0.9123927354812622,
            "1": 0.8530060052871704
        }
    }
}