{
    "confidence_score": 0.9593438506126404,
    "ptm": 0.9405041933059692,
    "iptm": 0.98772794008255,
    "ligand_iptm": 0.98772794008255,
    "protein_iptm": 0.0,
    "complex_plddt": 0.9522477984428406,
    "complex_iplddt": 0.9573871493339539,
    "complex_pde": 0.4457729756832123,
    "complex_ipde": 0.4707866311073303,
    "chains_ptm": {
        "0": 0.9387531876564026,
        "1": 0.9757261276245117
    },
    "pair_chains_iptm": {
        "0": {
            "0": 0.9387531876564026,
            "1": 0.7941150069236755
        },
        "1": {
            "0": 0.98772794008255,
            "1": 0.9757261276245117
        }
    }
}