{
    "confidence_score": 0.9483439326286316,
    "ptm": 0.9436829686164856,
    "iptm": 0.9720598459243774,
    "ligand_iptm": 0.9720598459243774,
    "protein_iptm": 0.0,
    "complex_plddt": 0.9424149394035339,
    "complex_iplddt": 0.9037777185440063,
    "complex_pde": 0.4553397297859192,
    "complex_ipde": 0.612980306148529,
    "chains_ptm": {
        "0": 0.942301869392395,
        "1": 0.9401334524154663
    },
    "pair_chains_iptm": {
        "0": {
            "0": 0.942301869392395,
            "1": 0.6027457118034363
        },
        "1": {
            "0": 0.9720598459243774,
            "1": 0.9401334524154663
        }
    }
}