{
    "confidence_score": 0.9481507539749146,
    "ptm": 0.9470065832138062,
    "iptm": 0.9765685796737671,
    "ligand_iptm": 0.9765685796737671,
    "protein_iptm": 0.0,
    "complex_plddt": 0.9410462975502014,
    "complex_iplddt": 0.8943784832954407,
    "complex_pde": 0.4205165207386017,
    "complex_ipde": 0.5511606931686401,
    "chains_ptm": {
        "0": 0.9447609186172485,
        "1": 0.9769969582557678
    },
    "pair_chains_iptm": {
        "0": {
            "0": 0.9447609186172485,
            "1": 0.7469818592071533
        },
        "1": {
            "0": 0.9765685796737671,
            "1": 0.9769969582557678
        }
    }
}