{
    "confidence_score": 0.9496508836746216,
    "ptm": 0.9588410258293152,
    "iptm": 0.9782766699790955,
    "ligand_iptm": 0.9782766699790955,
    "protein_iptm": 0.0,
    "complex_plddt": 0.9424943923950195,
    "complex_iplddt": 0.9230129718780518,
    "complex_pde": 0.3867148756980896,
    "complex_ipde": 0.515242338180542,
    "chains_ptm": {
        "0": 0.9573015570640564,
        "1": 0.969930112361908
    },
    "pair_chains_iptm": {
        "0": {
            "0": 0.9573015570640564,
            "1": 0.7666487693786621
        },
        "1": {
            "0": 0.9782766699790955,
            "1": 0.969930112361908
        }
    }
}