{
    "confidence_score": 0.9547999501228333,
    "ptm": 0.9684205651283264,
    "iptm": 0.9774855375289917,
    "ligand_iptm": 0.9774855375289917,
    "protein_iptm": 0.0,
    "complex_plddt": 0.9491285085678101,
    "complex_iplddt": 0.9279212951660156,
    "complex_pde": 0.3520691990852356,
    "complex_ipde": 0.49872300028800964,
    "chains_ptm": {
        "0": 0.9680218696594238,
        "1": 0.9832779765129089
    },
    "pair_chains_iptm": {
        "0": {
            "0": 0.9680218696594238,
            "1": 0.7396514415740967
        },
        "1": {
            "0": 0.9774855375289917,
            "1": 0.9832779765129089
        }
    }
}