seed,sample,ranking_score
44,0,0.843146236126434
44,1,0.8366634454910773
44,2,0.8459257456578687
44,3,0.8398469087400426
44,4,0.8324694445552627
9,0,0.7954149252048274
9,1,0.8100965444293714
9,2,0.8350636203324592
9,3,0.8454299548042715
9,4,0.8303887327176807
80,0,0.8150615275929213
80,1,0.838483115792663
80,2,0.8165770576622273
80,3,0.8397982470227364
80,4,0.8558589180277446
