{
    "confidence_score": 0.9349681735038757,
    "ptm": 0.9403121471405029,
    "iptm": 0.8723020553588867,
    "ligand_iptm": 0.8723020553588867,
    "protein_iptm": 0.0,
    "complex_plddt": 0.9506347179412842,
    "complex_iplddt": 0.8606205582618713,
    "complex_pde": 0.5288470983505249,
    "complex_ipde": 1.750292420387268,
    "chains_ptm": {
        "0": 0.9428653717041016,
        "1": 0.9455310106277466
    },
    "pair_chains_iptm": {
        "0": {
            "0": 0.9428653717041016,
            "1": 0.35559383034706116
        },
        "1": {
            "0": 0.8723020553588867,
            "1": 0.9455310106277466
        }
    }
}