seed,sample,ranking_score
1,0,0.8247803000253193
1,1,0.8428693679223592
1,2,0.8338218643368639
1,3,0.8552919375917059
1,4,0.8354159480357909
