seed,sample,ranking_score
1,0,0.8717080070732479
1,1,0.8986087216249129
1,2,0.8991922581784045
1,3,0.8731050327979812
1,4,0.8857526671932268
