{
    "confidence_score": 0.9305621981620789,
    "ptm": 0.9687438607215881,
    "iptm": 0.8651853203773499,
    "ligand_iptm": 0.8651853203773499,
    "protein_iptm": 0.0,
    "complex_plddt": 0.9469064474105835,
    "complex_iplddt": 0.9091837406158447,
    "complex_pde": 0.4196903109550476,
    "complex_ipde": 1.9764227867126465,
    "chains_ptm": {
        "0": 0.9727739691734314,
        "1": 0.9293596744537354
    },
    "pair_chains_iptm": {
        "0": {
            "0": 0.9727739691734314,
            "1": 0.3420739769935608
        },
        "1": {
            "0": 0.8651853203773499,
            "1": 0.9293596744537354
        }
    }
}