seed,sample,ranking_score
44,0,0.8598778980644631
44,1,0.8803636358910519
44,2,0.8525226679604394
44,3,0.8442824430692215
44,4,0.8556556603756037
9,0,0.8241895912702845
9,1,0.8165375729754912
9,2,0.8438393451222493
9,3,0.816088020171017
9,4,0.8344586476540516
80,0,0.8468825010231235
80,1,0.8607024447609916
80,2,0.8238002890340729
80,3,0.8453688535583717
80,4,0.8506758997024403
