seed,sample,ranking_score
1,0,0.7212619700638762
1,1,0.7549494402822894
1,2,0.7423155287724165
1,3,0.7975896227096289
1,4,0.7048028666801288
