{
    "confidence_score": 0.9382570385932922,
    "ptm": 0.9579573273658752,
    "iptm": 0.9405223727226257,
    "ligand_iptm": 0.9405223727226257,
    "protein_iptm": 0.0,
    "complex_plddt": 0.9376907348632812,
    "complex_iplddt": 0.8476928472518921,
    "complex_pde": 0.4182324707508087,
    "complex_ipde": 0.7872315645217896,
    "chains_ptm": {
        "0": 0.9594942331314087,
        "1": 0.9385725259780884
    },
    "pair_chains_iptm": {
        "0": {
            "0": 0.9594942331314087,
            "1": 0.5978236198425293
        },
        "1": {
            "0": 0.9405223727226257,
            "1": 0.9385725259780884
        }
    }
}