seed,sample,ranking_score
1,0,0.8740202202249449
1,1,0.8893676042693082
1,2,0.9104206445877236
1,3,0.874071312283957
1,4,0.8894813579666546
