seed,sample,ranking_score
1,0,0.9212399554914982
1,1,0.9192812055867237
1,2,0.946562678142776
1,3,0.9191594113828712
1,4,0.9218003885445197
