seed,sample,ranking_score
1,0,0.7186622843709609
1,1,0.7177578933343857
1,2,0.770046811084772
1,3,0.7159090350954873
1,4,0.7542354444348989
