{
    "confidence_score": 0.9481539130210876,
    "ptm": 0.9637244939804077,
    "iptm": 0.9396581053733826,
    "ligand_iptm": 0.9396581053733826,
    "protein_iptm": 0.0,
    "complex_plddt": 0.9502778053283691,
    "complex_iplddt": 0.9434977173805237,
    "complex_pde": 0.38799580931663513,
    "complex_ipde": 0.8273597359657288,
    "chains_ptm": {
        "0": 0.9653418064117432,
        "1": 0.9026371240615845
    },
    "pair_chains_iptm": {
        "0": {
            "0": 0.9653418064117432,
            "1": 0.5181207656860352
        },
        "1": {
            "0": 0.9396581053733826,
            "1": 0.9026371240615845
        }
    }
}