seed,sample,ranking_score
44,0,0.8151572352271923
44,1,0.8027423753305312
44,2,0.8006964375310712
44,3,0.8052621381740899
44,4,0.8106090256958136
9,0,0.7719435695288562
9,1,0.8244170844460946
9,2,0.791967907589076
9,3,0.7896616652974697
9,4,0.7859499303305416
80,0,0.7963953661930746
80,1,0.7820832117670643
80,2,0.7908664000242014
80,3,0.7931299036515148
80,4,0.8204309500119559
