{
    "confidence_score": 0.923204243183136,
    "ptm": 0.9633190035820007,
    "iptm": 0.9672356843948364,
    "ligand_iptm": 0.9672356843948364,
    "protein_iptm": 0.0,
    "complex_plddt": 0.9121963977813721,
    "complex_iplddt": 0.8029460906982422,
    "complex_pde": 0.38411837816238403,
    "complex_ipde": 0.5992377996444702,
    "chains_ptm": {
        "0": 0.9632083177566528,
        "1": 0.9101122617721558
    },
    "pair_chains_iptm": {
        "0": {
            "0": 0.9632083177566528,
            "1": 0.5372068881988525
        },
        "1": {
            "0": 0.9672356843948364,
            "1": 0.9101122617721558
        }
    }
}