{
    "confidence_score": 0.941225528717041,
    "ptm": 0.9632217884063721,
    "iptm": 0.9345790147781372,
    "ligand_iptm": 0.9345790147781372,
    "protein_iptm": 0.0,
    "complex_plddt": 0.9428871870040894,
    "complex_iplddt": 0.8866074085235596,
    "complex_pde": 0.38256609439849854,
    "complex_ipde": 0.8455374240875244,
    "chains_ptm": {
        "0": 0.9646729230880737,
        "1": 0.983870267868042
    },
    "pair_chains_iptm": {
        "0": {
            "0": 0.9646729230880737,
            "1": 0.5793243050575256
        },
        "1": {
            "0": 0.9345790147781372,
            "1": 0.983870267868042
        }
    }
}