seed,sample,ranking_score
1,0,0.8386860631727631
1,1,0.8525913143566455
1,2,0.8605141394519402
1,3,0.8893598167404247
1,4,0.8501041743995583
