{
    "confidence_score": 0.9439765810966492,
    "ptm": 0.9615595936775208,
    "iptm": 0.9140465259552002,
    "ligand_iptm": 0.9140465259552002,
    "protein_iptm": 0.0,
    "complex_plddt": 0.9514591693878174,
    "complex_iplddt": 0.8567512631416321,
    "complex_pde": 0.394920289516449,
    "complex_ipde": 0.9490147829055786,
    "chains_ptm": {
        "0": 0.96419358253479,
        "1": 0.9528630971908569
    },
    "pair_chains_iptm": {
        "0": {
            "0": 0.96419358253479,
            "1": 0.4796476364135742
        },
        "1": {
            "0": 0.9140465259552002,
            "1": 0.9528630971908569
        }
    }
}