seed,sample,ranking_score
44,0,0.8457018758658891
44,1,0.8348249091594208
44,2,0.8048172097984421
44,3,0.8167197779822157
44,4,0.8280036338879404
9,0,0.7981603434962957
9,1,0.7989620407537505
9,2,0.8052278366014701
9,3,0.7996018245980254
9,4,0.766221428423547
80,0,0.8031474719144411
80,1,0.8113241800996353
80,2,0.8257783470519697
80,3,0.8188812266213915
80,4,0.8073948708269814
