{
    "confidence_score": 0.9457338452339172,
    "ptm": 0.9571822881698608,
    "iptm": 0.9596933126449585,
    "ligand_iptm": 0.9596933126449585,
    "protein_iptm": 0.0,
    "complex_plddt": 0.9422439336776733,
    "complex_iplddt": 0.9113971590995789,
    "complex_pde": 0.41258668899536133,
    "complex_ipde": 0.6205152273178101,
    "chains_ptm": {
        "0": 0.9570310711860657,
        "1": 0.8859333992004395
    },
    "pair_chains_iptm": {
        "0": {
            "0": 0.9570310711860657,
            "1": 0.6553481221199036
        },
        "1": {
            "0": 0.9596933126449585,
            "1": 0.8859333992004395
        }
    }
}