{
    "confidence_score": 0.9292688369750977,
    "ptm": 0.9616972804069519,
    "iptm": 0.9272498488426208,
    "ligand_iptm": 0.9272498488426208,
    "protein_iptm": 0.0,
    "complex_plddt": 0.9297735691070557,
    "complex_iplddt": 0.8676542639732361,
    "complex_pde": 0.40985602140426636,
    "complex_ipde": 0.9832431674003601,
    "chains_ptm": {
        "0": 0.9638844728469849,
        "1": 0.9525889754295349
    },
    "pair_chains_iptm": {
        "0": {
            "0": 0.9638844728469849,
            "1": 0.5230354070663452
        },
        "1": {
            "0": 0.9272498488426208,
            "1": 0.9525889754295349
        }
    }
}