seed,sample,ranking_score
1,0,0.8107131168325064
1,1,0.8294255179101756
1,2,0.791503730114915
1,3,0.8114704126612138
1,4,0.8129381839157962
