seed,sample,ranking_score
1,0,0.9629262722885173
1,1,0.974664877154014
1,2,0.973669752566762
1,3,0.9688333128208793
1,4,0.951959571934581
