seed,sample,ranking_score
1,0,0.801635576294306
1,1,0.8206134684994748
1,2,0.8172456361027859
1,3,0.7946883338687808
1,4,0.8256624086523199
