{
    "confidence_score": 0.949488639831543,
    "ptm": 0.9695736765861511,
    "iptm": 0.9378857612609863,
    "ligand_iptm": 0.9378857612609863,
    "protein_iptm": 0.0,
    "complex_plddt": 0.9523894190788269,
    "complex_iplddt": 0.9060084819793701,
    "complex_pde": 0.37227746844291687,
    "complex_ipde": 0.8339329957962036,
    "chains_ptm": {
        "0": 0.97170490026474,
        "1": 0.9265799522399902
    },
    "pair_chains_iptm": {
        "0": {
            "0": 0.97170490026474,
            "1": 0.47690245509147644
        },
        "1": {
            "0": 0.9378857612609863,
            "1": 0.9265799522399902
        }
    }
}