{
    "confidence_score": 0.9456012845039368,
    "ptm": 0.9593785405158997,
    "iptm": 0.9609173536300659,
    "ligand_iptm": 0.9609173536300659,
    "protein_iptm": 0.0,
    "complex_plddt": 0.9417722821235657,
    "complex_iplddt": 0.888404369354248,
    "complex_pde": 0.3876621425151825,
    "complex_ipde": 0.6058579087257385,
    "chains_ptm": {
        "0": 0.9594017267227173,
        "1": 0.9248762130737305
    },
    "pair_chains_iptm": {
        "0": {
            "0": 0.9594017267227173,
            "1": 0.5158626437187195
        },
        "1": {
            "0": 0.9609173536300659,
            "1": 0.9248762130737305
        }
    }
}