seed,sample,ranking_score
1,0,0.8239925620317772
1,1,0.8381149592819916
1,2,0.8484093061401855
1,3,0.8369417804823999
1,4,0.8439463499561312
