seed,sample,ranking_score
1,0,0.8629865168811669
1,1,0.8391266983233046
1,2,0.9078254276853606
1,3,0.8805341524609236
1,4,0.8525422765160686
