{
    "confidence_score": 0.9077963829040527,
    "ptm": 0.9294397234916687,
    "iptm": 0.8778856992721558,
    "ligand_iptm": 0.8778856992721558,
    "protein_iptm": 0.0,
    "complex_plddt": 0.9152740836143494,
    "complex_iplddt": 0.8282393217086792,
    "complex_pde": 0.5615910887718201,
    "complex_ipde": 1.2852181196212769,
    "chains_ptm": {
        "0": 0.9339445233345032,
        "1": 0.9154484868049622
    },
    "pair_chains_iptm": {
        "0": {
            "0": 0.9339445233345032,
            "1": 0.4879002571105957
        },
        "1": {
            "0": 0.8778856992721558,
            "1": 0.9154484868049622
        }
    }
}