seed,sample,ranking_score
1,0,0.8144923706247291
1,1,0.8248015775546688
1,2,0.8474454128435512
1,3,0.8370319186695507
1,4,0.8488465178584492
