{
    "confidence_score": 0.9397266507148743,
    "ptm": 0.9620062708854675,
    "iptm": 0.9673879146575928,
    "ligand_iptm": 0.9673879146575928,
    "protein_iptm": 0.0,
    "complex_plddt": 0.9328113794326782,
    "complex_iplddt": 0.891644299030304,
    "complex_pde": 0.39252009987831116,
    "complex_ipde": 0.5946900844573975,
    "chains_ptm": {
        "0": 0.9617060422897339,
        "1": 0.9185834527015686
    },
    "pair_chains_iptm": {
        "0": {
            "0": 0.9617060422897339,
            "1": 0.6412331461906433
        },
        "1": {
            "0": 0.9673879146575928,
            "1": 0.9185834527015686
        }
    }
}