{
    "confidence_score": 0.9056240320205688,
    "ptm": 0.9468564391136169,
    "iptm": 0.7566567063331604,
    "ligand_iptm": 0.7566567063331604,
    "protein_iptm": 0.0,
    "complex_plddt": 0.942865788936615,
    "complex_iplddt": 0.84718257188797,
    "complex_pde": 0.6746006608009338,
    "complex_ipde": 3.9820263385772705,
    "chains_ptm": {
        "0": 0.9588896036148071,
        "1": 0.8880763649940491
    },
    "pair_chains_iptm": {
        "0": {
            "0": 0.9588896036148071,
            "1": 0.32479286193847656
        },
        "1": {
            "0": 0.7566567063331604,
            "1": 0.8880763649940491
        }
    }
}