{
    "confidence_score": 0.9202567934989929,
    "ptm": 0.9396076798439026,
    "iptm": 0.9119828939437866,
    "ligand_iptm": 0.9119828939437866,
    "protein_iptm": 0.0,
    "complex_plddt": 0.9223252534866333,
    "complex_iplddt": 0.8529873490333557,
    "complex_pde": 0.5269255638122559,
    "complex_ipde": 1.1501340866088867,
    "chains_ptm": {
        "0": 0.9422749876976013,
        "1": 0.8990516066551208
    },
    "pair_chains_iptm": {
        "0": {
            "0": 0.9422749876976013,
            "1": 0.40857163071632385
        },
        "1": {
            "0": 0.9119828939437866,
            "1": 0.8990516066551208
        }
    }
}