seed,sample,ranking_score
1,0,0.8074798206051322
1,1,0.8974614386857335
1,2,0.8940261750105402
1,3,0.8911393002422426
1,4,0.8140659557706074
