{
    "confidence_score": 0.9501954317092896,
    "ptm": 0.9480022192001343,
    "iptm": 0.9355072379112244,
    "ligand_iptm": 0.9355072379112244,
    "protein_iptm": 0.0,
    "complex_plddt": 0.9538674354553223,
    "complex_iplddt": 0.9274668097496033,
    "complex_pde": 0.45469099283218384,
    "complex_ipde": 0.9306564331054688,
    "chains_ptm": {
        "0": 0.9489436745643616,
        "1": 0.9596970677375793
    },
    "pair_chains_iptm": {
        "0": {
            "0": 0.9489436745643616,
            "1": 0.5247064232826233
        },
        "1": {
            "0": 0.9355072379112244,
            "1": 0.9596970677375793
        }
    }
}