{
    "confidence_score": 0.931675910949707,
    "ptm": 0.9640392065048218,
    "iptm": 0.9388114809989929,
    "ligand_iptm": 0.9388114809989929,
    "protein_iptm": 0.0,
    "complex_plddt": 0.9298920631408691,
    "complex_iplddt": 0.8762044906616211,
    "complex_pde": 0.39075183868408203,
    "complex_ipde": 0.8107984066009521,
    "chains_ptm": {
        "0": 0.9662953615188599,
        "1": 0.9366062879562378
    },
    "pair_chains_iptm": {
        "0": {
            "0": 0.9662953615188599,
            "1": 0.5692518949508667
        },
        "1": {
            "0": 0.9388114809989929,
            "1": 0.9366062879562378
        }
    }
}