{
    "confidence_score": 0.9466957449913025,
    "ptm": 0.9569603204727173,
    "iptm": 0.9460691809654236,
    "ligand_iptm": 0.9460691809654236,
    "protein_iptm": 0.0,
    "complex_plddt": 0.9468523263931274,
    "complex_iplddt": 0.9131212830543518,
    "complex_pde": 0.40206974744796753,
    "complex_ipde": 0.7133595943450928,
    "chains_ptm": {
        "0": 0.9576395153999329,
        "1": 0.9224336743354797
    },
    "pair_chains_iptm": {
        "0": {
            "0": 0.9576395153999329,
            "1": 0.5392234921455383
        },
        "1": {
            "0": 0.9460691809654236,
            "1": 0.9224336743354797
        }
    }
}