{
    "confidence_score": 0.9392231106758118,
    "ptm": 0.9466255903244019,
    "iptm": 0.9228005409240723,
    "ligand_iptm": 0.9228005409240723,
    "protein_iptm": 0.0,
    "complex_plddt": 0.9433286786079407,
    "complex_iplddt": 0.8925147652626038,
    "complex_pde": 0.5002321004867554,
    "complex_ipde": 0.9757391214370728,
    "chains_ptm": {
        "0": 0.9490552544593811,
        "1": 0.886398434638977
    },
    "pair_chains_iptm": {
        "0": {
            "0": 0.9490552544593811,
            "1": 0.4508597254753113
        },
        "1": {
            "0": 0.9228005409240723,
            "1": 0.886398434638977
        }
    }
}