seed,sample,ranking_score
1,0,0.7483933547701133
1,1,0.820350750394482
1,2,0.7518100926183534
1,3,0.7567269451954721
1,4,0.7626953427384694
