{
    "confidence_score": 0.9465732574462891,
    "ptm": 0.9600947499275208,
    "iptm": 0.9219343066215515,
    "ligand_iptm": 0.9219343066215515,
    "protein_iptm": 0.0,
    "complex_plddt": 0.9527329802513123,
    "complex_iplddt": 0.9238585233688354,
    "complex_pde": 0.4108596444129944,
    "complex_ipde": 1.1296112537384033,
    "chains_ptm": {
        "0": 0.9619606137275696,
        "1": 0.9601172208786011
    },
    "pair_chains_iptm": {
        "0": {
            "0": 0.9619606137275696,
            "1": 0.4333168864250183
        },
        "1": {
            "0": 0.9219343066215515,
            "1": 0.9601172208786011
        }
    }
}