seed,sample,ranking_score
1,0,0.8714383658096366
1,1,0.8842892164445908
1,2,0.900457317524518
1,3,0.873818812853624
1,4,0.883523172478047
