seed,sample,ranking_score
1,0,0.8988799366061025
1,1,0.9006411442379161
1,2,0.9148133147847436
1,3,0.8652422645923487
1,4,0.9033003144072882
