{
    "confidence_score": 0.9389432072639465,
    "ptm": 0.9453061819076538,
    "iptm": 0.9131358861923218,
    "ligand_iptm": 0.9131358861923218,
    "protein_iptm": 0.0,
    "complex_plddt": 0.9453950524330139,
    "complex_iplddt": 0.881959855556488,
    "complex_pde": 0.47864627838134766,
    "complex_ipde": 1.1767804622650146,
    "chains_ptm": {
        "0": 0.9471264481544495,
        "1": 0.9306835532188416
    },
    "pair_chains_iptm": {
        "0": {
            "0": 0.9471264481544495,
            "1": 0.46059778332710266
        },
        "1": {
            "0": 0.9131358861923218,
            "1": 0.9306835532188416
        }
    }
}