{
    "confidence_score": 0.9435259699821472,
    "ptm": 0.9604365229606628,
    "iptm": 0.8824321031570435,
    "ligand_iptm": 0.8824321031570435,
    "protein_iptm": 0.0,
    "complex_plddt": 0.9587994813919067,
    "complex_iplddt": 0.9235222935676575,
    "complex_pde": 0.4212123155593872,
    "complex_ipde": 1.5014551877975464,
    "chains_ptm": {
        "0": 0.963386595249176,
        "1": 0.9629746675491333
    },
    "pair_chains_iptm": {
        "0": {
            "0": 0.963386595249176,
            "1": 0.3947583734989166
        },
        "1": {
            "0": 0.8824321031570435,
            "1": 0.9629746675491333
        }
    }
}