seed,sample,ranking_score
1,0,0.7027012190693868
1,1,0.6862915526923324
1,2,0.7487582455810998
1,3,0.7003983113989838
1,4,0.7124806922760769
