seed,sample,ranking_score
1,0,0.8573147391508987
1,1,0.8793775928682932
1,2,0.9432764618923785
1,3,0.923335909469859
1,4,0.8766207219878632
