{
    "confidence_score": 0.9175643920898438,
    "ptm": 0.9308648705482483,
    "iptm": 0.8579487800598145,
    "ligand_iptm": 0.8579487800598145,
    "protein_iptm": 0.0,
    "complex_plddt": 0.9324683547019958,
    "complex_iplddt": 0.8245034217834473,
    "complex_pde": 0.5585454702377319,
    "complex_ipde": 1.5662384033203125,
    "chains_ptm": {
        "0": 0.9344236850738525,
        "1": 0.9614064693450928
    },
    "pair_chains_iptm": {
        "0": {
            "0": 0.9344236850738525,
            "1": 0.4452052712440491
        },
        "1": {
            "0": 0.8579487800598145,
            "1": 0.9614064693450928
        }
    }
}