{
    "confidence_score": 0.9215553402900696,
    "ptm": 0.9269092082977295,
    "iptm": 0.8585259318351746,
    "ligand_iptm": 0.8585259318351746,
    "protein_iptm": 0.0,
    "complex_plddt": 0.9373127222061157,
    "complex_iplddt": 0.8500146269798279,
    "complex_pde": 0.5754837989807129,
    "complex_ipde": 1.5670098066329956,
    "chains_ptm": {
        "0": 0.9303990006446838,
        "1": 0.9601664543151855
    },
    "pair_chains_iptm": {
        "0": {
            "0": 0.9303990006446838,
            "1": 0.4426814913749695
        },
        "1": {
            "0": 0.8585259318351746,
            "1": 0.9601664543151855
        }
    }
}