seed,sample,ranking_score
44,0,0.8557753621974291
44,1,0.8602075489087927
44,2,0.8385593625698441
44,3,0.8412204990021726
44,4,0.8499075588000131
9,0,0.8273041831741162
9,1,0.8233714152948495
9,2,0.821332899752139
9,3,0.8325643689279965
9,4,0.8300955089131681
80,0,0.8196793627770078
80,1,0.8571633499419273
80,2,0.825333582654919
80,3,0.8325244623292014
80,4,0.8301169542130062
