seed,sample,ranking_score
1,0,0.872929057909589
1,1,0.8355683763880567
1,2,0.885883183791409
1,3,0.8525734970642487
1,4,0.8405157885292468
