{
    "confidence_score": 0.9300040602684021,
    "ptm": 0.9409300088882446,
    "iptm": 0.8560759425163269,
    "ligand_iptm": 0.8560759425163269,
    "protein_iptm": 0.0,
    "complex_plddt": 0.9484860301017761,
    "complex_iplddt": 0.875440239906311,
    "complex_pde": 0.5381999611854553,
    "complex_ipde": 2.0336437225341797,
    "chains_ptm": {
        "0": 0.9442715644836426,
        "1": 0.9602401256561279
    },
    "pair_chains_iptm": {
        "0": {
            "0": 0.9442715644836426,
            "1": 0.356402724981308
        },
        "1": {
            "0": 0.8560759425163269,
            "1": 0.9602401256561279
        }
    }
}