{
    "confidence_score": 0.9401888251304626,
    "ptm": 0.9498385787010193,
    "iptm": 0.8971425294876099,
    "ligand_iptm": 0.8971425294876099,
    "protein_iptm": 0.0,
    "complex_plddt": 0.9509503841400146,
    "complex_iplddt": 0.9076747894287109,
    "complex_pde": 0.4658903479576111,
    "complex_ipde": 1.3592898845672607,
    "chains_ptm": {
        "0": 0.9522919654846191,
        "1": 0.9600788354873657
    },
    "pair_chains_iptm": {
        "0": {
            "0": 0.9522919654846191,
            "1": 0.38874348998069763
        },
        "1": {
            "0": 0.8971425294876099,
            "1": 0.9600788354873657
        }
    }
}