seed,sample,ranking_score
1,0,0.8218676799211029
1,1,0.8524250261045206
1,2,0.8555458973982634
1,3,0.8377694721624926
1,4,0.8307757636255215
