{
    "confidence_score": 0.9382761120796204,
    "ptm": 0.956298828125,
    "iptm": 0.9499463438987732,
    "ligand_iptm": 0.9499463438987732,
    "protein_iptm": 0.0,
    "complex_plddt": 0.9353585243225098,
    "complex_iplddt": 0.870764434337616,
    "complex_pde": 0.4217877686023712,
    "complex_ipde": 0.7226991057395935,
    "chains_ptm": {
        "0": 0.9569635391235352,
        "1": 0.921949565410614
    },
    "pair_chains_iptm": {
        "0": {
            "0": 0.9569635391235352,
            "1": 0.5439628958702087
        },
        "1": {
            "0": 0.9499463438987732,
            "1": 0.921949565410614
        }
    }
}