seed,sample,ranking_score
1,0,0.590666980646707
1,1,0.6856222304281643
1,2,0.6560321097756153
1,3,0.6508168677725616
1,4,0.6576421058484268
