seed,sample,ranking_score
1,0,0.8694327436147175
1,1,0.876787950296418
1,2,0.9088383743732276
1,3,0.878322465543041
1,4,0.8800448708656657
