{
    "confidence_score": 0.9492489695549011,
    "ptm": 0.965135931968689,
    "iptm": 0.9638448357582092,
    "ligand_iptm": 0.9638448357582092,
    "protein_iptm": 0.0,
    "complex_plddt": 0.9455999732017517,
    "complex_iplddt": 0.9160265922546387,
    "complex_pde": 0.37720927596092224,
    "complex_ipde": 0.6000255346298218,
    "chains_ptm": {
        "0": 0.9653710126876831,
        "1": 0.9194030165672302
    },
    "pair_chains_iptm": {
        "0": {
            "0": 0.9653710126876831,
            "1": 0.5967363715171814
        },
        "1": {
            "0": 0.9638448357582092,
            "1": 0.9194030165672302
        }
    }
}