{
    "confidence_score": 0.9307693839073181,
    "ptm": 0.9455262422561646,
    "iptm": 0.9292841553688049,
    "ligand_iptm": 0.9292841553688049,
    "protein_iptm": 0.0,
    "complex_plddt": 0.931140661239624,
    "complex_iplddt": 0.8454392552375793,
    "complex_pde": 0.48823827505111694,
    "complex_ipde": 0.9564651250839233,
    "chains_ptm": {
        "0": 0.9470314979553223,
        "1": 0.8864088654518127
    },
    "pair_chains_iptm": {
        "0": {
            "0": 0.9470314979553223,
            "1": 0.4845271706581116
        },
        "1": {
            "0": 0.9292841553688049,
            "1": 0.8864088654518127
        }
    }
}