{
    "confidence_score": 0.9449198842048645,
    "ptm": 0.9614324569702148,
    "iptm": 0.984494149684906,
    "ligand_iptm": 0.984494149684906,
    "protein_iptm": 0.0,
    "complex_plddt": 0.9350263476371765,
    "complex_iplddt": 0.9118937253952026,
    "complex_pde": 0.37058570981025696,
    "complex_ipde": 0.4508627951145172,
    "chains_ptm": {
        "0": 0.9594141244888306,
        "1": 0.9772332310676575
    },
    "pair_chains_iptm": {
        "0": {
            "0": 0.9594141244888306,
            "1": 0.8117405772209167
        },
        "1": {
            "0": 0.984494149684906,
            "1": 0.9772332310676575
        }
    }
}