seed,sample,ranking_score
44,0,0.9638682439589362
44,1,0.9641634955955026
44,2,0.9387915067729039
44,3,0.9489003448527479
44,4,0.9507993316175736
9,0,0.9409548594818409
9,1,0.9429574801697271
9,2,0.9440854949823767
9,3,0.9466210667652397
9,4,0.9436640021377086
80,0,0.9403292615219443
80,1,0.9480519263885349
80,2,0.9391800593212414
80,3,0.9421204380837008
80,4,0.938454226277956
