{
    "confidence_score": 0.9311704635620117,
    "ptm": 0.9595610499382019,
    "iptm": 0.8713698983192444,
    "ligand_iptm": 0.8713698983192444,
    "protein_iptm": 0.0,
    "complex_plddt": 0.94612056016922,
    "complex_iplddt": 0.8604515790939331,
    "complex_pde": 0.4446980655193329,
    "complex_ipde": 1.4621129035949707,
    "chains_ptm": {
        "0": 0.9647024869918823,
        "1": 0.927216649055481
    },
    "pair_chains_iptm": {
        "0": {
            "0": 0.9647024869918823,
            "1": 0.4074011445045471
        },
        "1": {
            "0": 0.8713698983192444,
            "1": 0.927216649055481
        }
    }
}