{
    "confidence_score": 0.946307361125946,
    "ptm": 0.9380055665969849,
    "iptm": 0.9462404847145081,
    "ligand_iptm": 0.9462404847145081,
    "protein_iptm": 0.0,
    "complex_plddt": 0.9463241100311279,
    "complex_iplddt": 0.94544517993927,
    "complex_pde": 0.4964613914489746,
    "complex_ipde": 0.8261672258377075,
    "chains_ptm": {
        "0": 0.937420129776001,
        "1": 0.9363216757774353
    },
    "pair_chains_iptm": {
        "0": {
            "0": 0.937420129776001,
            "1": 0.611814558506012
        },
        "1": {
            "0": 0.9462404847145081,
            "1": 0.9363216757774353
        }
    }
}