{
    "confidence_score": 0.954245388507843,
    "ptm": 0.9676957726478577,
    "iptm": 0.9764517545700073,
    "ligand_iptm": 0.9764517545700073,
    "protein_iptm": 0.0,
    "complex_plddt": 0.9486938118934631,
    "complex_iplddt": 0.9285132884979248,
    "complex_pde": 0.35530877113342285,
    "complex_ipde": 0.5135751962661743,
    "chains_ptm": {
        "0": 0.9672918319702148,
        "1": 0.9830614924430847
    },
    "pair_chains_iptm": {
        "0": {
            "0": 0.9672918319702148,
            "1": 0.7345999479293823
        },
        "1": {
            "0": 0.9764517545700073,
            "1": 0.9830614924430847
        }
    }
}