{
    "confidence_score": 0.954611599445343,
    "ptm": 0.9600809216499329,
    "iptm": 0.9695201516151428,
    "ligand_iptm": 0.9695201516151428,
    "protein_iptm": 0.0,
    "complex_plddt": 0.9508844614028931,
    "complex_iplddt": 0.9512519836425781,
    "complex_pde": 0.4025333821773529,
    "complex_ipde": 0.6099278926849365,
    "chains_ptm": {
        "0": 0.9593753814697266,
        "1": 0.8815809488296509
    },
    "pair_chains_iptm": {
        "0": {
            "0": 0.9593753814697266,
            "1": 0.6177800893783569
        },
        "1": {
            "0": 0.9695201516151428,
            "1": 0.8815809488296509
        }
    }
}