seed,sample,ranking_score
1,0,0.7685337737958383
1,1,0.651627856605005
1,2,0.7648711031306381
1,3,0.8368459687436641
1,4,0.7565074829319716
