{
    "confidence_score": 0.9585040211677551,
    "ptm": 0.9637051820755005,
    "iptm": 0.9809086918830872,
    "ligand_iptm": 0.9809086918830872,
    "protein_iptm": 0.0,
    "complex_plddt": 0.9529028534889221,
    "complex_iplddt": 0.9348630905151367,
    "complex_pde": 0.36307746171951294,
    "complex_ipde": 0.5193650722503662,
    "chains_ptm": {
        "0": 0.9631120562553406,
        "1": 0.9789684414863586
    },
    "pair_chains_iptm": {
        "0": {
            "0": 0.9631120562553406,
            "1": 0.7321960926055908
        },
        "1": {
            "0": 0.9809086918830872,
            "1": 0.9789684414863586
        }
    }
}