seed,sample,ranking_score
44,0,0.8660004335073046
44,1,0.8594071839587811
44,2,0.8537612021385779
44,3,0.9131903760408979
44,4,0.8565277443320878
9,0,0.8355895063835299
9,1,0.893818540382617
9,2,0.8501643760786126
9,3,0.8487401899954508
9,4,0.8424719363801164
80,0,0.8428276573970251
80,1,0.8507006253516043
80,2,0.8392827557323841
80,3,0.8927334089034914
80,4,0.8398276767494014
