{
    "confidence_score": 0.9420086145401001,
    "ptm": 0.9624782204627991,
    "iptm": 0.9390308856964111,
    "ligand_iptm": 0.9390308856964111,
    "protein_iptm": 0.0,
    "complex_plddt": 0.9427530169487,
    "complex_iplddt": 0.920524537563324,
    "complex_pde": 0.39910784363746643,
    "complex_ipde": 0.8269596099853516,
    "chains_ptm": {
        "0": 0.964050829410553,
        "1": 0.9523388743400574
    },
    "pair_chains_iptm": {
        "0": {
            "0": 0.964050829410553,
            "1": 0.58348548412323
        },
        "1": {
            "0": 0.9390308856964111,
            "1": 0.9523388743400574
        }
    }
}