{
    "confidence_score": 0.949741005897522,
    "ptm": 0.9634679555892944,
    "iptm": 0.9823030829429626,
    "ligand_iptm": 0.9823030829429626,
    "protein_iptm": 0.0,
    "complex_plddt": 0.9416004419326782,
    "complex_iplddt": 0.9311142563819885,
    "complex_pde": 0.36091533303260803,
    "complex_ipde": 0.45433148741722107,
    "chains_ptm": {
        "0": 0.962584912776947,
        "1": 0.9484928250312805
    },
    "pair_chains_iptm": {
        "0": {
            "0": 0.962584912776947,
            "1": 0.6483910083770752
        },
        "1": {
            "0": 0.9823030829429626,
            "1": 0.9484928250312805
        }
    }
}