seed,sample,ranking_score
44,0,0.7687378334403031
44,1,0.7872700882120489
44,2,0.738643126444843
44,3,0.7681895168832444
44,4,0.7574998616336093
9,0,0.7551230840587076
9,1,0.7456043901779413
9,2,0.7613260036556879
9,3,0.740983113238005
9,4,0.7530642983369485
80,0,0.7582254570560832
80,1,0.7459486245697209
80,2,0.7423400252430745
80,3,0.7422571454982647
80,4,0.7096905164298136
