{
    "confidence_score": 0.9515852332115173,
    "ptm": 0.954693615436554,
    "iptm": 0.9164078831672668,
    "ligand_iptm": 0.9164078831672668,
    "protein_iptm": 0.0,
    "complex_plddt": 0.9603794813156128,
    "complex_iplddt": 0.9311771392822266,
    "complex_pde": 0.43628543615341187,
    "complex_ipde": 1.127320408821106,
    "chains_ptm": {
        "0": 0.9566594362258911,
        "1": 0.9439133405685425
    },
    "pair_chains_iptm": {
        "0": {
            "0": 0.9566594362258911,
            "1": 0.48687025904655457
        },
        "1": {
            "0": 0.9164078831672668,
            "1": 0.9439133405685425
        }
    }
}