{
    "confidence_score": 0.9323645830154419,
    "ptm": 0.9678532481193542,
    "iptm": 0.9403963685035706,
    "ligand_iptm": 0.9403963685035706,
    "protein_iptm": 0.0,
    "complex_plddt": 0.9303566217422485,
    "complex_iplddt": 0.8591783046722412,
    "complex_pde": 0.37808138132095337,
    "complex_ipde": 0.790311872959137,
    "chains_ptm": {
        "0": 0.969696581363678,
        "1": 0.8866576552391052
    },
    "pair_chains_iptm": {
        "0": {
            "0": 0.969696581363678,
            "1": 0.47112444043159485
        },
        "1": {
            "0": 0.9403963685035706,
            "1": 0.8866576552391052
        }
    }
}