{
    "confidence_score": 0.9508069157600403,
    "ptm": 0.9618886113166809,
    "iptm": 0.98308265209198,
    "ligand_iptm": 0.98308265209198,
    "protein_iptm": 0.0,
    "complex_plddt": 0.9427379965782166,
    "complex_iplddt": 0.9277614951133728,
    "complex_pde": 0.37724706530570984,
    "complex_ipde": 0.49563369154930115,
    "chains_ptm": {
        "0": 0.9601295590400696,
        "1": 0.9754229187965393
    },
    "pair_chains_iptm": {
        "0": {
            "0": 0.9601295590400696,
            "1": 0.8025801181793213
        },
        "1": {
            "0": 0.98308265209198,
            "1": 0.9754229187965393
        }
    }
}