seed,sample,ranking_score
1,0,0.9272301367002421
1,1,0.9176923140140594
1,2,0.9441761041448433
1,3,0.9231054251914712
1,4,0.9104907443713085
