seed,sample,ranking_score
1,0,0.9133035665895131
1,1,0.9227869138784781
1,2,0.9248106140031279
1,3,0.9138906988138888
1,4,0.9052879583415367
