{
    "confidence_score": 0.9522640109062195,
    "ptm": 0.971200704574585,
    "iptm": 0.9503617286682129,
    "ligand_iptm": 0.9503617286682129,
    "protein_iptm": 0.0,
    "complex_plddt": 0.9527395367622375,
    "complex_iplddt": 0.8737158179283142,
    "complex_pde": 0.34753841161727905,
    "complex_ipde": 0.6635509729385376,
    "chains_ptm": {
        "0": 0.9726877212524414,
        "1": 0.9630675911903381
    },
    "pair_chains_iptm": {
        "0": {
            "0": 0.9726877212524414,
            "1": 0.5923091173171997
        },
        "1": {
            "0": 0.9503617286682129,
            "1": 0.9630675911903381
        }
    }
}