seed,sample,ranking_score
1,0,0.8818506382683822
1,1,0.8474020457985415
1,2,0.8936686399524965
1,3,0.875192522740316
1,4,0.8540840680139995
