{
    "confidence_score": 0.9399809241294861,
    "ptm": 0.9431771636009216,
    "iptm": 0.9016240835189819,
    "ligand_iptm": 0.9016240835189819,
    "protein_iptm": 0.0,
    "complex_plddt": 0.9495701193809509,
    "complex_iplddt": 0.9155733585357666,
    "complex_pde": 0.4854612648487091,
    "complex_ipde": 1.3684180974960327,
    "chains_ptm": {
        "0": 0.9450578689575195,
        "1": 0.9626496434211731
    },
    "pair_chains_iptm": {
        "0": {
            "0": 0.9450578689575195,
            "1": 0.3946189880371094
        },
        "1": {
            "0": 0.9016240835189819,
            "1": 0.9626496434211731
        }
    }
}