seed,sample,ranking_score
1,0,0.8574065542262519
1,1,0.8669669679807683
1,2,0.8622071487462867
1,3,0.8628301521491558
1,4,0.8684301354841601
