{
    "confidence_score": 0.9510654807090759,
    "ptm": 0.9603614807128906,
    "iptm": 0.9661269187927246,
    "ligand_iptm": 0.9661269187927246,
    "protein_iptm": 0.0,
    "complex_plddt": 0.947300136089325,
    "complex_iplddt": 0.9308907985687256,
    "complex_pde": 0.38871535658836365,
    "complex_ipde": 0.574699342250824,
    "chains_ptm": {
        "0": 0.9599910378456116,
        "1": 0.9152371883392334
    },
    "pair_chains_iptm": {
        "0": {
            "0": 0.9599910378456116,
            "1": 0.5805885195732117
        },
        "1": {
            "0": 0.9661269187927246,
            "1": 0.9152371883392334
        }
    }
}