{
    "confidence_score": 0.9549526572227478,
    "ptm": 0.9658843874931335,
    "iptm": 0.9602259993553162,
    "ligand_iptm": 0.9602259993553162,
    "protein_iptm": 0.0,
    "complex_plddt": 0.9536343216896057,
    "complex_iplddt": 0.9312286972999573,
    "complex_pde": 0.3735746145248413,
    "complex_ipde": 0.6476280093193054,
    "chains_ptm": {
        "0": 0.9662724733352661,
        "1": 0.9384823441505432
    },
    "pair_chains_iptm": {
        "0": {
            "0": 0.9662724733352661,
            "1": 0.638228178024292
        },
        "1": {
            "0": 0.9602259993553162,
            "1": 0.9384823441505432
        }
    }
}