{
    "confidence_score": 0.949414074420929,
    "ptm": 0.9706306457519531,
    "iptm": 0.934737503528595,
    "ligand_iptm": 0.934737503528595,
    "protein_iptm": 0.0,
    "complex_plddt": 0.9530832171440125,
    "complex_iplddt": 0.8950055837631226,
    "complex_pde": 0.36707964539527893,
    "complex_ipde": 1.070387840270996,
    "chains_ptm": {
        "0": 0.9721806645393372,
        "1": 0.9805899858474731
    },
    "pair_chains_iptm": {
        "0": {
            "0": 0.9721806645393372,
            "1": 0.5978189706802368
        },
        "1": {
            "0": 0.934737503528595,
            "1": 0.9805899858474731
        }
    }
}