{
    "confidence_score": 0.9473541378974915,
    "ptm": 0.9506185054779053,
    "iptm": 0.9522873163223267,
    "ligand_iptm": 0.9522873163223267,
    "protein_iptm": 0.0,
    "complex_plddt": 0.9461207985877991,
    "complex_iplddt": 0.9379276037216187,
    "complex_pde": 0.4475269019603729,
    "complex_ipde": 0.7812913060188293,
    "chains_ptm": {
        "0": 0.9506579637527466,
        "1": 0.8465660810470581
    },
    "pair_chains_iptm": {
        "0": {
            "0": 0.9506579637527466,
            "1": 0.437386155128479
        },
        "1": {
            "0": 0.9522873163223267,
            "1": 0.8465660810470581
        }
    }
}