{
    "confidence_score": 0.95369952917099,
    "ptm": 0.9482645392417908,
    "iptm": 0.9496423602104187,
    "ligand_iptm": 0.9496423602104187,
    "protein_iptm": 0.0,
    "complex_plddt": 0.9547138214111328,
    "complex_iplddt": 0.9260193109512329,
    "complex_pde": 0.4440741539001465,
    "complex_ipde": 0.843295693397522,
    "chains_ptm": {
        "0": 0.9482101202011108,
        "1": 0.9612599611282349
    },
    "pair_chains_iptm": {
        "0": {
            "0": 0.9482101202011108,
            "1": 0.5185946822166443
        },
        "1": {
            "0": 0.9496423602104187,
            "1": 0.9612599611282349
        }
    }
}