{
    "confidence_score": 0.9469500780105591,
    "ptm": 0.9534290432929993,
    "iptm": 0.9693018198013306,
    "ligand_iptm": 0.9693018198013306,
    "protein_iptm": 0.0,
    "complex_plddt": 0.9413620829582214,
    "complex_iplddt": 0.9189169406890869,
    "complex_pde": 0.4089381694793701,
    "complex_ipde": 0.5776310563087463,
    "chains_ptm": {
        "0": 0.9522392749786377,
        "1": 0.956121563911438
    },
    "pair_chains_iptm": {
        "0": {
            "0": 0.9522392749786377,
            "1": 0.6892173886299133
        },
        "1": {
            "0": 0.9693018198013306,
            "1": 0.956121563911438
        }
    }
}