{
    "confidence_score": 0.9557830095291138,
    "ptm": 0.9581961035728455,
    "iptm": 0.9774092435836792,
    "ligand_iptm": 0.9774092435836792,
    "protein_iptm": 0.0,
    "complex_plddt": 0.9503763914108276,
    "complex_iplddt": 0.9530774354934692,
    "complex_pde": 0.39183637499809265,
    "complex_ipde": 0.5278556942939758,
    "chains_ptm": {
        "0": 0.9566956758499146,
        "1": 0.9693639278411865
    },
    "pair_chains_iptm": {
        "0": {
            "0": 0.9566956758499146,
            "1": 0.7697334289550781
        },
        "1": {
            "0": 0.9774092435836792,
            "1": 0.9693639278411865
        }
    }
}