seed,sample,ranking_score
1,0,0.6142811043300668
1,1,0.49671766241100573
1,2,0.5326162856107592
1,3,0.5702719663592777
1,4,0.5174321655047541
