seed,sample,ranking_score
1,0,0.6762160656735583
1,1,0.6874850893036667
1,2,0.7110039206749604
1,3,0.6809299004980118
1,4,0.6722263903394468
