seed,sample,ranking_score
44,0,0.6352496771800418
44,1,0.6812791691644362
44,2,0.6527438596912414
44,3,0.6255452066275672
44,4,0.6239067618503077
9,0,0.650150291230445
9,1,0.6513828251029549
9,2,0.6401238109911449
9,3,0.6464625274322352
9,4,0.636944756096107
80,0,0.6499001451380285
80,1,0.5928382922494254
80,2,0.6167464808864583
80,3,0.6731491095610862
80,4,0.6122793026595507
