{
    "confidence_score": 0.9488394856452942,
    "ptm": 0.9691725969314575,
    "iptm": 0.9329794645309448,
    "ligand_iptm": 0.9329794645309448,
    "protein_iptm": 0.0,
    "complex_plddt": 0.9528045058250427,
    "complex_iplddt": 0.9209332466125488,
    "complex_pde": 0.3768578767776489,
    "complex_ipde": 1.1314136981964111,
    "chains_ptm": {
        "0": 0.9705424904823303,
        "1": 0.989144504070282
    },
    "pair_chains_iptm": {
        "0": {
            "0": 0.9705424904823303,
            "1": 0.6008812189102173
        },
        "1": {
            "0": 0.9329794645309448,
            "1": 0.989144504070282
        }
    }
}