{
    "confidence_score": 0.9430531859397888,
    "ptm": 0.9591121673583984,
    "iptm": 0.9726966023445129,
    "ligand_iptm": 0.9726966023445129,
    "protein_iptm": 0.0,
    "complex_plddt": 0.9356422424316406,
    "complex_iplddt": 0.9043319821357727,
    "complex_pde": 0.38571393489837646,
    "complex_ipde": 0.5514036417007446,
    "chains_ptm": {
        "0": 0.9579734206199646,
        "1": 0.9679569005966187
    },
    "pair_chains_iptm": {
        "0": {
            "0": 0.9579734206199646,
            "1": 0.752345085144043
        },
        "1": {
            "0": 0.9726966023445129,
            "1": 0.9679569005966187
        }
    }
}