seed,sample,ranking_score
1,0,0.9417219335734164
1,1,0.9410665414017101
1,2,0.9593130758278771
1,3,0.9457733239820555
1,4,0.940399283708133
