{
    "confidence_score": 0.941448986530304,
    "ptm": 0.9506056904792786,
    "iptm": 0.9691022634506226,
    "ligand_iptm": 0.9691022634506226,
    "protein_iptm": 0.0,
    "complex_plddt": 0.9345356822013855,
    "complex_iplddt": 0.8821706175804138,
    "complex_pde": 0.44158974289894104,
    "complex_ipde": 0.6580166816711426,
    "chains_ptm": {
        "0": 0.9492927193641663,
        "1": 0.9325236678123474
    },
    "pair_chains_iptm": {
        "0": {
            "0": 0.9492927193641663,
            "1": 0.6160516738891602
        },
        "1": {
            "0": 0.9691022634506226,
            "1": 0.9325236678123474
        }
    }
}