seed,sample,ranking_score
1,0,0.788718437888775
1,1,0.8049106018957245
1,2,0.8119201793076208
1,3,0.7852232567880615
1,4,0.8096759595926435
