seed,sample,ranking_score
1,0,0.750535493092374
1,1,0.7735389675290254
1,2,0.7816154606854473
1,3,0.7562418713419841
1,4,0.7695825829575019
