{
    "confidence_score": 0.9472996592521667,
    "ptm": 0.9608032703399658,
    "iptm": 0.9603878259658813,
    "ligand_iptm": 0.9603878259658813,
    "protein_iptm": 0.0,
    "complex_plddt": 0.9440276026725769,
    "complex_iplddt": 0.9045990705490112,
    "complex_pde": 0.38323861360549927,
    "complex_ipde": 0.6444405913352966,
    "chains_ptm": {
        "0": 0.9609646797180176,
        "1": 0.9589433073997498
    },
    "pair_chains_iptm": {
        "0": {
            "0": 0.9609646797180176,
            "1": 0.6425468921661377
        },
        "1": {
            "0": 0.9603878259658813,
            "1": 0.9589433073997498
        }
    }
}