seed,sample,ranking_score
44,0,0.8851827388829598
44,1,0.8944964651810946
44,2,0.8673396493553759
44,3,0.8827998013081813
44,4,0.8702446795470947
9,0,0.8610271090469881
9,1,0.8715010295473249
9,2,0.8407153161039607
9,3,0.8579462689417169
9,4,0.8607898551903407
80,0,0.8720256524777339
80,1,0.8751551866234631
80,2,0.8592786134807594
80,3,0.8670283023922966
80,4,0.855661427344021
