seed,sample,ranking_score
1,0,0.8159596873769965
1,1,0.8329308921154378
1,2,0.8263583215246854
1,3,0.8069417726270287
1,4,0.815887057268416
