seed,sample,ranking_score
1,0,0.9286826970696631
1,1,0.9432625799099111
1,2,0.941257129014537
1,3,0.9303462407126349
1,4,0.9316545954057803
