{
    "confidence_score": 0.9177412390708923,
    "ptm": 0.9455347657203674,
    "iptm": 0.9215935468673706,
    "ligand_iptm": 0.9215935468673706,
    "protein_iptm": 0.0,
    "complex_plddt": 0.9167780876159668,
    "complex_iplddt": 0.7868417501449585,
    "complex_pde": 0.48556530475616455,
    "complex_ipde": 0.9626947641372681,
    "chains_ptm": {
        "0": 0.9474684000015259,
        "1": 0.9057469367980957
    },
    "pair_chains_iptm": {
        "0": {
            "0": 0.9474684000015259,
            "1": 0.5168723464012146
        },
        "1": {
            "0": 0.9215935468673706,
            "1": 0.9057469367980957
        }
    }
}