seed,sample,ranking_score
1,0,0.8458541453813487
1,1,0.849939997342325
1,2,0.8742895356271453
1,3,0.8492187013759845
1,4,0.8571305399860887
