seed,sample,ranking_score
1,0,0.9527921896410939
1,1,0.9508291094186094
1,2,0.9750572839384254
1,3,0.9511822768391189
1,4,0.9578338996281042
