{
    "confidence_score": 0.9497591257095337,
    "ptm": 0.9639012217521667,
    "iptm": 0.9525726437568665,
    "ligand_iptm": 0.9525726437568665,
    "protein_iptm": 0.0,
    "complex_plddt": 0.9490556716918945,
    "complex_iplddt": 0.9217626452445984,
    "complex_pde": 0.3942241370677948,
    "complex_ipde": 0.7265103459358215,
    "chains_ptm": {
        "0": 0.9651561975479126,
        "1": 0.9445589780807495
    },
    "pair_chains_iptm": {
        "0": {
            "0": 0.9651561975479126,
            "1": 0.6884804964065552
        },
        "1": {
            "0": 0.9525726437568665,
            "1": 0.9445589780807495
        }
    }
}