{
    "confidence_score": 0.9413270950317383,
    "ptm": 0.9497740268707275,
    "iptm": 0.9573923945426941,
    "ligand_iptm": 0.9573923945426941,
    "protein_iptm": 0.0,
    "complex_plddt": 0.9373107552528381,
    "complex_iplddt": 0.8796396255493164,
    "complex_pde": 0.4422670900821686,
    "complex_ipde": 0.7224094271659851,
    "chains_ptm": {
        "0": 0.9491893649101257,
        "1": 0.9521976113319397
    },
    "pair_chains_iptm": {
        "0": {
            "0": 0.9491893649101257,
            "1": 0.6815270781517029
        },
        "1": {
            "0": 0.9573923945426941,
            "1": 0.9521976113319397
        }
    }
}