seed,sample,ranking_score
1,0,0.6535578102950588
1,1,0.680487652326856
1,2,0.6673230040529173
1,3,0.6200645612698852
1,4,0.6538614553909706
