seed,sample,ranking_score
1,0,0.8594643740392445
1,1,0.8717945997410336
1,2,0.8975355935312562
1,3,0.8785332241053345
1,4,0.8841433214258323
