seed,sample,ranking_score
1,0,0.8355741156752308
1,1,0.850735389389145
1,2,0.85262408946806
1,3,0.8309324153369531
1,4,0.8513768289700192
