seed,sample,ranking_score
1,0,0.8590980163140475
1,1,0.8715888820832386
1,2,0.8668768235118061
1,3,0.8546513277069283
1,4,0.8617801933705559
