{
    "confidence_score": 0.9364005923271179,
    "ptm": 0.9527797698974609,
    "iptm": 0.9530333876609802,
    "ligand_iptm": 0.9530333876609802,
    "protein_iptm": 0.0,
    "complex_plddt": 0.9322423934936523,
    "complex_iplddt": 0.8508988618850708,
    "complex_pde": 0.43877729773521423,
    "complex_ipde": 0.7200599312782288,
    "chains_ptm": {
        "0": 0.9529299139976501,
        "1": 0.9361628293991089
    },
    "pair_chains_iptm": {
        "0": {
            "0": 0.9529299139976501,
            "1": 0.5957516431808472
        },
        "1": {
            "0": 0.9530333876609802,
            "1": 0.9361628293991089
        }
    }
}