{
    "confidence_score": 0.9448191523551941,
    "ptm": 0.9595253467559814,
    "iptm": 0.9536539912223816,
    "ligand_iptm": 0.9536539912223816,
    "protein_iptm": 0.0,
    "complex_plddt": 0.942610502243042,
    "complex_iplddt": 0.9199203252792358,
    "complex_pde": 0.4005154073238373,
    "complex_ipde": 0.7016240358352661,
    "chains_ptm": {
        "0": 0.9598934650421143,
        "1": 0.9682614207267761
    },
    "pair_chains_iptm": {
        "0": {
            "0": 0.9598934650421143,
            "1": 0.6169876456260681
        },
        "1": {
            "0": 0.9536539912223816,
            "1": 0.9682614207267761
        }
    }
}