seed,sample,ranking_score
1,0,0.9056812090671074
1,1,0.9026326266707579
1,2,0.9293540903004462
1,3,0.9058249205006113
1,4,0.912079582289514
