{
    "confidence_score": 0.9581190943717957,
    "ptm": 0.9440813660621643,
    "iptm": 0.958292543888092,
    "ligand_iptm": 0.958292543888092,
    "protein_iptm": 0.0,
    "complex_plddt": 0.958075761795044,
    "complex_iplddt": 0.9245064854621887,
    "complex_pde": 0.4549526870250702,
    "complex_ipde": 0.7355164885520935,
    "chains_ptm": {
        "0": 0.9434508085250854,
        "1": 0.9324964284896851
    },
    "pair_chains_iptm": {
        "0": {
            "0": 0.9434508085250854,
            "1": 0.6225705742835999
        },
        "1": {
            "0": 0.958292543888092,
            "1": 0.9324964284896851
        }
    }
}