seed,sample,ranking_score
1,0,0.8157132404189336
1,1,0.8163087214711834
1,2,0.8157091414713927
1,3,0.8001662655842189
1,4,0.8273080017251301
