seed,sample,ranking_score
1,0,0.8152523494219734
1,1,0.8348475052371896
1,2,0.8160557127136677
1,3,0.8209351373048388
1,4,0.8280222320996743
