seed,sample,ranking_score
1,0,0.7711531111140835
1,1,0.7712245651312823
1,2,0.7841950668885627
1,3,0.7688902572976375
1,4,0.7609447541025639
