seed,sample,ranking_score
1,0,0.8456870186044112
1,1,0.8547801393093043
1,2,0.8716222119877911
1,3,0.8440286832215822
1,4,0.850169581769717
