{
    "confidence_score": 0.940722644329071,
    "ptm": 0.960991621017456,
    "iptm": 0.9617425203323364,
    "ligand_iptm": 0.9617425203323364,
    "protein_iptm": 0.0,
    "complex_plddt": 0.9354677200317383,
    "complex_iplddt": 0.8937631845474243,
    "complex_pde": 0.3928667902946472,
    "complex_ipde": 0.6243891716003418,
    "chains_ptm": {
        "0": 0.9611443281173706,
        "1": 0.9560727477073669
    },
    "pair_chains_iptm": {
        "0": {
            "0": 0.9611443281173706,
            "1": 0.6860672235488892
        },
        "1": {
            "0": 0.9617425203323364,
            "1": 0.9560727477073669
        }
    }
}