{
    "confidence_score": 0.9372111558914185,
    "ptm": 0.9528241157531738,
    "iptm": 0.9424563050270081,
    "ligand_iptm": 0.9424563050270081,
    "protein_iptm": 0.0,
    "complex_plddt": 0.9358998537063599,
    "complex_iplddt": 0.8644850254058838,
    "complex_pde": 0.4531894624233246,
    "complex_ipde": 0.8697789311408997,
    "chains_ptm": {
        "0": 0.9541648030281067,
        "1": 0.8923417329788208
    },
    "pair_chains_iptm": {
        "0": {
            "0": 0.9541648030281067,
            "1": 0.5164437890052795
        },
        "1": {
            "0": 0.9424563050270081,
            "1": 0.8923417329788208
        }
    }
}