seed,sample,ranking_score
1,0,0.954395404910163
1,1,0.9704326692608499
1,2,0.9659209928728261
1,3,0.9580952875991343
1,4,0.9557919458013634
