{
    "confidence_score": 0.9449946284294128,
    "ptm": 0.9463289976119995,
    "iptm": 0.9544399976730347,
    "ligand_iptm": 0.9544399976730347,
    "protein_iptm": 0.0,
    "complex_plddt": 0.9426332712173462,
    "complex_iplddt": 0.8851723670959473,
    "complex_pde": 0.4439529776573181,
    "complex_ipde": 0.7522838711738586,
    "chains_ptm": {
        "0": 0.945686399936676,
        "1": 0.9577172994613647
    },
    "pair_chains_iptm": {
        "0": {
            "0": 0.945686399936676,
            "1": 0.668317973613739
        },
        "1": {
            "0": 0.9544399976730347,
            "1": 0.9577172994613647
        }
    }
}