{
    "confidence_score": 0.9522886276245117,
    "ptm": 0.9602349996566772,
    "iptm": 0.9721055626869202,
    "ligand_iptm": 0.9721055626869202,
    "protein_iptm": 0.0,
    "complex_plddt": 0.9473344087600708,
    "complex_iplddt": 0.9381930232048035,
    "complex_pde": 0.3789614737033844,
    "complex_ipde": 0.5579107403755188,
    "chains_ptm": {
        "0": 0.9593168497085571,
        "1": 0.9194788336753845
    },
    "pair_chains_iptm": {
        "0": {
            "0": 0.9593168497085571,
            "1": 0.6308620572090149
        },
        "1": {
            "0": 0.9721055626869202,
            "1": 0.9194788336753845
        }
    }
}