seed,sample,ranking_score
1,0,0.9184082714230284
1,1,0.935390940098023
1,2,0.9290046383473735
1,3,0.9122517196211308
1,4,0.9180458887109312
