{
    "confidence_score": 0.9399758577346802,
    "ptm": 0.9466017484664917,
    "iptm": 0.948589026927948,
    "ligand_iptm": 0.948589026927948,
    "protein_iptm": 0.0,
    "complex_plddt": 0.9378225803375244,
    "complex_iplddt": 0.9070119857788086,
    "complex_pde": 0.48543596267700195,
    "complex_ipde": 0.799583375453949,
    "chains_ptm": {
        "0": 0.9466568231582642,
        "1": 0.8337875008583069
    },
    "pair_chains_iptm": {
        "0": {
            "0": 0.9466568231582642,
            "1": 0.4945967197418213
        },
        "1": {
            "0": 0.948589026927948,
            "1": 0.8337875008583069
        }
    }
}