{
    "confidence_score": 0.9419655203819275,
    "ptm": 0.9459612965583801,
    "iptm": 0.8579588532447815,
    "ligand_iptm": 0.8579588532447815,
    "protein_iptm": 0.0,
    "complex_plddt": 0.9629671573638916,
    "complex_iplddt": 0.9196596145629883,
    "complex_pde": 0.5109894275665283,
    "complex_ipde": 1.7318216562271118,
    "chains_ptm": {
        "0": 0.9514668583869934,
        "1": 0.9367188811302185
    },
    "pair_chains_iptm": {
        "0": {
            "0": 0.9514668583869934,
            "1": 0.32303810119628906
        },
        "1": {
            "0": 0.8579588532447815,
            "1": 0.9367188811302185
        }
    }
}