seed,sample,ranking_score
1,0,0.833196265444383
1,1,0.8462293419522907
1,2,0.8845048258307702
1,3,0.835586772543248
1,4,0.8546081580593213
