seed,sample,ranking_score
1,0,0.8286444708992734
1,1,0.847773807110119
1,2,0.8804047721494811
1,3,0.8271604040592353
1,4,0.8476168390673117
