seed,sample,ranking_score
1,0,0.8474482513762117
1,1,0.8467656511955746
1,2,0.8617699379247888
1,3,0.8433137039334068
1,4,0.843313181065121
