{
    "confidence_score": 0.946685254573822,
    "ptm": 0.9622175693511963,
    "iptm": 0.9345371723175049,
    "ligand_iptm": 0.9345371723175049,
    "protein_iptm": 0.0,
    "complex_plddt": 0.9497222304344177,
    "complex_iplddt": 0.9410731792449951,
    "complex_pde": 0.3972449004650116,
    "complex_ipde": 0.8649373650550842,
    "chains_ptm": {
        "0": 0.9641429781913757,
        "1": 0.8983874917030334
    },
    "pair_chains_iptm": {
        "0": {
            "0": 0.9641429781913757,
            "1": 0.5030248165130615
        },
        "1": {
            "0": 0.9345371723175049,
            "1": 0.8983874917030334
        }
    }
}