{
    "confidence_score": 0.9567722678184509,
    "ptm": 0.9474326968193054,
    "iptm": 0.9599452614784241,
    "ligand_iptm": 0.9599452614784241,
    "protein_iptm": 0.0,
    "complex_plddt": 0.9559789896011353,
    "complex_iplddt": 0.9138648509979248,
    "complex_pde": 0.444754034280777,
    "complex_ipde": 0.6773554086685181,
    "chains_ptm": {
        "0": 0.946857750415802,
        "1": 0.9729022979736328
    },
    "pair_chains_iptm": {
        "0": {
            "0": 0.946857750415802,
            "1": 0.6182011961936951
        },
        "1": {
            "0": 0.9599452614784241,
            "1": 0.9729022979736328
        }
    }
}