seed,sample,ranking_score
1,0,0.7950673560428675
1,1,0.8141698713528671
1,2,0.8082967449532615
1,3,0.7864651134396229
1,4,0.789523343348714
