seed,sample,ranking_score
1,0,0.8724751380494798
1,1,0.8697458132936196
1,2,0.8817196563929848
1,3,0.8702230192090117
1,4,0.8705810596854
