{
    "confidence_score": 0.9412223100662231,
    "ptm": 0.962723970413208,
    "iptm": 0.9129165410995483,
    "ligand_iptm": 0.9129165410995483,
    "protein_iptm": 0.0,
    "complex_plddt": 0.9482986927032471,
    "complex_iplddt": 0.9183292984962463,
    "complex_pde": 0.3989562690258026,
    "complex_ipde": 1.28172767162323,
    "chains_ptm": {
        "0": 0.9648019075393677,
        "1": 0.9860755801200867
    },
    "pair_chains_iptm": {
        "0": {
            "0": 0.9648019075393677,
            "1": 0.5547901391983032
        },
        "1": {
            "0": 0.9129165410995483,
            "1": 0.9860755801200867
        }
    }
}