{
    "confidence_score": 0.9503216743469238,
    "ptm": 0.9619576334953308,
    "iptm": 0.938360869884491,
    "ligand_iptm": 0.938360869884491,
    "protein_iptm": 0.0,
    "complex_plddt": 0.9533119201660156,
    "complex_iplddt": 0.9068213701248169,
    "complex_pde": 0.39440295100212097,
    "complex_ipde": 0.7937570214271545,
    "chains_ptm": {
        "0": 0.9643115401268005,
        "1": 0.9438884258270264
    },
    "pair_chains_iptm": {
        "0": {
            "0": 0.9643115401268005,
            "1": 0.6163162589073181
        },
        "1": {
            "0": 0.938360869884491,
            "1": 0.9438884258270264
        }
    }
}