seed,sample,ranking_score
1,0,0.7867079833412806
1,1,0.8018740509467688
1,2,0.8349343508228315
1,3,0.8135918802596963
1,4,0.7927767535456983
