{
    "confidence_score": 0.9475963711738586,
    "ptm": 0.9520039558410645,
    "iptm": 0.914438009262085,
    "ligand_iptm": 0.914438009262085,
    "protein_iptm": 0.0,
    "complex_plddt": 0.9558859467506409,
    "complex_iplddt": 0.9314665794372559,
    "complex_pde": 0.4765709936618805,
    "complex_ipde": 1.0736435651779175,
    "chains_ptm": {
        "0": 0.9564757943153381,
        "1": 0.9207899570465088
    },
    "pair_chains_iptm": {
        "0": {
            "0": 0.9564757943153381,
            "1": 0.5984601378440857
        },
        "1": {
            "0": 0.914438009262085,
            "1": 0.9207899570465088
        }
    }
}