{
    "confidence_score": 0.9460918307304382,
    "ptm": 0.9754260778427124,
    "iptm": 0.963829517364502,
    "ligand_iptm": 0.963829517364502,
    "protein_iptm": 0.0,
    "complex_plddt": 0.9416573643684387,
    "complex_iplddt": 0.9103881120681763,
    "complex_pde": 0.3264923095703125,
    "complex_ipde": 0.5602701306343079,
    "chains_ptm": {
        "0": 0.9761301279067993,
        "1": 0.9259293079376221
    },
    "pair_chains_iptm": {
        "0": {
            "0": 0.9761301279067993,
            "1": 0.5197956562042236
        },
        "1": {
            "0": 0.963829517364502,
            "1": 0.9259293079376221
        }
    }
}