{
    "confidence_score": 0.9381392598152161,
    "ptm": 0.9632396697998047,
    "iptm": 0.9110367894172668,
    "ligand_iptm": 0.9110367894172668,
    "protein_iptm": 0.0,
    "complex_plddt": 0.9449148774147034,
    "complex_iplddt": 0.9050964713096619,
    "complex_pde": 0.4131254553794861,
    "complex_ipde": 1.1291481256484985,
    "chains_ptm": {
        "0": 0.9663775563240051,
        "1": 0.9346410036087036
    },
    "pair_chains_iptm": {
        "0": {
            "0": 0.9663775563240051,
            "1": 0.5038318634033203
        },
        "1": {
            "0": 0.9110367894172668,
            "1": 0.9346410036087036
        }
    }
}