seed,sample,ranking_score
1,0,0.7680524561104175
1,1,0.7558679934580127
1,2,0.7909229962440535
1,3,0.776570869258005
1,4,0.7765921927794772
