seed,sample,ranking_score
1,0,0.9214662619737435
1,1,0.9255012903458738
1,2,0.943453071504882
1,3,0.9224981728911242
1,4,0.9270192828050872
