{
    "confidence_score": 0.9450058937072754,
    "ptm": 0.9651461243629456,
    "iptm": 0.9265928268432617,
    "ligand_iptm": 0.9265928268432617,
    "protein_iptm": 0.0,
    "complex_plddt": 0.9496091604232788,
    "complex_iplddt": 0.9239234328269958,
    "complex_pde": 0.3804788291454315,
    "complex_ipde": 1.0281848907470703,
    "chains_ptm": {
        "0": 0.9668728113174438,
        "1": 0.9833901524543762
    },
    "pair_chains_iptm": {
        "0": {
            "0": 0.9668728113174438,
            "1": 0.5113934874534607
        },
        "1": {
            "0": 0.9265928268432617,
            "1": 0.9833901524543762
        }
    }
}