{
    "confidence_score": 0.9514050483703613,
    "ptm": 0.9683436155319214,
    "iptm": 0.9646534323692322,
    "ligand_iptm": 0.9646534323692322,
    "protein_iptm": 0.0,
    "complex_plddt": 0.9480929970741272,
    "complex_iplddt": 0.9160008430480957,
    "complex_pde": 0.35833942890167236,
    "complex_ipde": 0.6105618476867676,
    "chains_ptm": {
        "0": 0.968661904335022,
        "1": 0.9682093858718872
    },
    "pair_chains_iptm": {
        "0": {
            "0": 0.968661904335022,
            "1": 0.5940122008323669
        },
        "1": {
            "0": 0.9646534323692322,
            "1": 0.9682093858718872
        }
    }
}