{
    "confidence_score": 0.9222748875617981,
    "ptm": 0.9416745901107788,
    "iptm": 0.9386931657791138,
    "ligand_iptm": 0.9386931657791138,
    "protein_iptm": 0.0,
    "complex_plddt": 0.9181702733039856,
    "complex_iplddt": 0.8279718160629272,
    "complex_pde": 0.485917329788208,
    "complex_ipde": 0.8868848085403442,
    "chains_ptm": {
        "0": 0.9419169425964355,
        "1": 0.8994125723838806
    },
    "pair_chains_iptm": {
        "0": {
            "0": 0.9419169425964355,
            "1": 0.4683492183685303
        },
        "1": {
            "0": 0.9386931657791138,
            "1": 0.8994125723838806
        }
    }
}