{
    "confidence_score": 0.9416918158531189,
    "ptm": 0.9615966081619263,
    "iptm": 0.9567694067955017,
    "ligand_iptm": 0.9567694067955017,
    "protein_iptm": 0.0,
    "complex_plddt": 0.9379223585128784,
    "complex_iplddt": 0.9018126130104065,
    "complex_pde": 0.39456161856651306,
    "complex_ipde": 0.6582569479942322,
    "chains_ptm": {
        "0": 0.9621871709823608,
        "1": 0.9425897598266602
    },
    "pair_chains_iptm": {
        "0": {
            "0": 0.9621871709823608,
            "1": 0.6382440328598022
        },
        "1": {
            "0": 0.9567694067955017,
            "1": 0.9425897598266602
        }
    }
}