seed,sample,ranking_score
1,0,0.8077456356460695
1,1,0.8992106218842367
1,2,0.8954158035831526
1,3,0.8916496358127496
1,4,0.8249669383262475
