seed,sample,ranking_score
1,0,0.9545785964912072
1,1,0.9525620308141067
1,2,0.9767455715546814
1,3,0.9529295074657911
1,4,0.9592626898641814
