seed,sample,ranking_score
1,0,0.9278209163289058
1,1,0.9298283597450796
1,2,0.9489595786532173
1,3,0.9295316384645855
1,4,0.9303442558502483
