{
    "confidence_score": 0.9430108070373535,
    "ptm": 0.9599509239196777,
    "iptm": 0.9502266645431519,
    "ligand_iptm": 0.9502266645431519,
    "protein_iptm": 0.0,
    "complex_plddt": 0.9412068128585815,
    "complex_iplddt": 0.8840356469154358,
    "complex_pde": 0.40114328265190125,
    "complex_ipde": 0.7586675882339478,
    "chains_ptm": {
        "0": 0.9610884189605713,
        "1": 0.9238387942314148
    },
    "pair_chains_iptm": {
        "0": {
            "0": 0.9610884189605713,
            "1": 0.5368836522102356
        },
        "1": {
            "0": 0.9502266645431519,
            "1": 0.9238387942314148
        }
    }
}