seed,sample,ranking_score
44,0,0.8806528196868254
44,1,0.8512116891823284
44,2,0.8785707361078325
44,3,0.8717059236803223
44,4,0.8265703118926808
9,0,0.7872273720141535
9,1,0.8445193028293947
9,2,0.815971384045893
9,3,0.8415527643481334
9,4,0.8065734575550686
80,0,0.8782304374265546
80,1,0.8818568644199543
80,2,0.8223195715341639
80,3,0.8443795579858752
80,4,0.8778135150866413
