seed,sample,ranking_score
1,0,0.8772957676687004
1,1,0.8662329599217228
1,2,0.9010905202861885
1,3,0.8845151100851153
1,4,0.8954282690116016
