{
    "confidence_score": 0.9629921317100525,
    "ptm": 0.9681718945503235,
    "iptm": 0.9718279838562012,
    "ligand_iptm": 0.9718279838562012,
    "protein_iptm": 0.0,
    "complex_plddt": 0.9607831835746765,
    "complex_iplddt": 0.949824333190918,
    "complex_pde": 0.3467578887939453,
    "complex_ipde": 0.5960704684257507,
    "chains_ptm": {
        "0": 0.9681594371795654,
        "1": 0.9578698873519897
    },
    "pair_chains_iptm": {
        "0": {
            "0": 0.9681594371795654,
            "1": 0.5808824896812439
        },
        "1": {
            "0": 0.9718279838562012,
            "1": 0.9578698873519897
        }
    }
}