{
    "confidence_score": 0.951932430267334,
    "ptm": 0.9682767987251282,
    "iptm": 0.9604081511497498,
    "ligand_iptm": 0.9604081511497498,
    "protein_iptm": 0.0,
    "complex_plddt": 0.9498134851455688,
    "complex_iplddt": 0.9089940786361694,
    "complex_pde": 0.35869401693344116,
    "complex_ipde": 0.6528797149658203,
    "chains_ptm": {
        "0": 0.9685579538345337,
        "1": 0.9788879752159119
    },
    "pair_chains_iptm": {
        "0": {
            "0": 0.9685579538345337,
            "1": 0.6374729871749878
        },
        "1": {
            "0": 0.9604081511497498,
            "1": 0.9788879752159119
        }
    }
}