{
    "confidence_score": 0.9475997090339661,
    "ptm": 0.9659501314163208,
    "iptm": 0.9030764698982239,
    "ligand_iptm": 0.9030764698982239,
    "protein_iptm": 0.0,
    "complex_plddt": 0.9587305188179016,
    "complex_iplddt": 0.892577588558197,
    "complex_pde": 0.3920881450176239,
    "complex_ipde": 1.0900180339813232,
    "chains_ptm": {
        "0": 0.9693117141723633,
        "1": 0.9519148468971252
    },
    "pair_chains_iptm": {
        "0": {
            "0": 0.9693117141723633,
            "1": 0.4922938346862793
        },
        "1": {
            "0": 0.9030764698982239,
            "1": 0.9519148468971252
        }
    }
}