{
    "confidence_score": 0.9601553082466125,
    "ptm": 0.957908570766449,
    "iptm": 0.9615795612335205,
    "ligand_iptm": 0.9615795612335205,
    "protein_iptm": 0.0,
    "complex_plddt": 0.9597992897033691,
    "complex_iplddt": 0.9440876841545105,
    "complex_pde": 0.3992518484592438,
    "complex_ipde": 0.6506953239440918,
    "chains_ptm": {
        "0": 0.9576679468154907,
        "1": 0.9458525776863098
    },
    "pair_chains_iptm": {
        "0": {
            "0": 0.9576679468154907,
            "1": 0.623204231262207
        },
        "1": {
            "0": 0.9615795612335205,
            "1": 0.9458525776863098
        }
    }
}