seed,sample,ranking_score
44,0,0.8483147140694728
44,1,0.8463812036486434
44,2,0.8241262033710676
44,3,0.8411523927235752
44,4,0.8127931447425885
9,0,0.8065109616278519
9,1,0.816938840763789
9,2,0.8112134004426075
9,3,0.8187712957098101
9,4,0.8167848027623547
80,0,0.8285623530024984
80,1,0.8391837280962507
80,2,0.8163162777338691
80,3,0.81833096557794
80,4,0.8213853907086934
