{
    "confidence_score": 0.9493147134780884,
    "ptm": 0.9661494493484497,
    "iptm": 0.9553408026695251,
    "ligand_iptm": 0.9553408026695251,
    "protein_iptm": 0.0,
    "complex_plddt": 0.9478081464767456,
    "complex_iplddt": 0.9221089482307434,
    "complex_pde": 0.3680265545845032,
    "complex_ipde": 0.7221130728721619,
    "chains_ptm": {
        "0": 0.9667233228683472,
        "1": 0.9360393285751343
    },
    "pair_chains_iptm": {
        "0": {
            "0": 0.9667233228683472,
            "1": 0.443390816450119
        },
        "1": {
            "0": 0.9553408026695251,
            "1": 0.9360393285751343
        }
    }
}