{
    "confidence_score": 0.9450576901435852,
    "ptm": 0.9462829232215881,
    "iptm": 0.9723448753356934,
    "ligand_iptm": 0.9723448753356934,
    "protein_iptm": 0.0,
    "complex_plddt": 0.9382359385490417,
    "complex_iplddt": 0.9367313981056213,
    "complex_pde": 0.4577580690383911,
    "complex_ipde": 0.6110438108444214,
    "chains_ptm": {
        "0": 0.943834662437439,
        "1": 0.8942392468452454
    },
    "pair_chains_iptm": {
        "0": {
            "0": 0.943834662437439,
            "1": 0.6271958947181702
        },
        "1": {
            "0": 0.9723448753356934,
            "1": 0.8942392468452454
        }
    }
}