{
    "confidence_score": 0.954719066619873,
    "ptm": 0.9694191813468933,
    "iptm": 0.9773589372634888,
    "ligand_iptm": 0.9773589372634888,
    "protein_iptm": 0.0,
    "complex_plddt": 0.9490591287612915,
    "complex_iplddt": 0.9256009459495544,
    "complex_pde": 0.34851792454719543,
    "complex_ipde": 0.5041501522064209,
    "chains_ptm": {
        "0": 0.9690766334533691,
        "1": 0.9838419556617737
    },
    "pair_chains_iptm": {
        "0": {
            "0": 0.9690766334533691,
            "1": 0.7410508394241333
        },
        "1": {
            "0": 0.9773589372634888,
            "1": 0.9838419556617737
        }
    }
}