seed,sample,ranking_score
1,0,0.8925451194108167
1,1,0.9176740964330308
1,2,0.9406902408485268
1,3,0.9136828167043656
1,4,0.9186371124319501
