{
    "confidence_score": 0.9397565722465515,
    "ptm": 0.9508518576622009,
    "iptm": 0.9196318984031677,
    "ligand_iptm": 0.9196318984031677,
    "protein_iptm": 0.0,
    "complex_plddt": 0.9447877407073975,
    "complex_iplddt": 0.9232593774795532,
    "complex_pde": 0.4604373276233673,
    "complex_ipde": 1.0858160257339478,
    "chains_ptm": {
        "0": 0.9527458548545837,
        "1": 0.9372326135635376
    },
    "pair_chains_iptm": {
        "0": {
            "0": 0.9527458548545837,
            "1": 0.45753011107444763
        },
        "1": {
            "0": 0.9196318984031677,
            "1": 0.9372326135635376
        }
    }
}