{
    "confidence_score": 0.9524820446968079,
    "ptm": 0.9542216658592224,
    "iptm": 0.9620036482810974,
    "ligand_iptm": 0.9620036482810974,
    "protein_iptm": 0.0,
    "complex_plddt": 0.9501016736030579,
    "complex_iplddt": 0.9339772462844849,
    "complex_pde": 0.4112913906574249,
    "complex_ipde": 0.6262711882591248,
    "chains_ptm": {
        "0": 0.9538926482200623,
        "1": 0.9406901597976685
    },
    "pair_chains_iptm": {
        "0": {
            "0": 0.9538926482200623,
            "1": 0.6332079768180847
        },
        "1": {
            "0": 0.9620036482810974,
            "1": 0.9406901597976685
        }
    }
}