{
    "confidence_score": 0.9542618989944458,
    "ptm": 0.9541929960250854,
    "iptm": 0.9618404507637024,
    "ligand_iptm": 0.9618404507637024,
    "protein_iptm": 0.0,
    "complex_plddt": 0.9523672461509705,
    "complex_iplddt": 0.9453569650650024,
    "complex_pde": 0.4249173700809479,
    "complex_ipde": 0.7748094201087952,
    "chains_ptm": {
        "0": 0.9540790915489197,
        "1": 0.9534762501716614
    },
    "pair_chains_iptm": {
        "0": {
            "0": 0.9540790915489197,
            "1": 0.5507426261901855
        },
        "1": {
            "0": 0.9618404507637024,
            "1": 0.9534762501716614
        }
    }
}