seed,sample,ranking_score
1,0,0.8766088283953004
1,1,0.8662306079551831
1,2,0.901839953863213
1,3,0.8842421064106153
1,4,0.8920597888536731
