{
    "confidence_score": 0.9462605714797974,
    "ptm": 0.9607602953910828,
    "iptm": 0.9346045851707458,
    "ligand_iptm": 0.9346045851707458,
    "protein_iptm": 0.0,
    "complex_plddt": 0.9491745233535767,
    "complex_iplddt": 0.8868920803070068,
    "complex_pde": 0.3999631106853485,
    "complex_ipde": 0.8351870775222778,
    "chains_ptm": {
        "0": 0.9623159170150757,
        "1": 0.9520920515060425
    },
    "pair_chains_iptm": {
        "0": {
            "0": 0.9623159170150757,
            "1": 0.5258786678314209
        },
        "1": {
            "0": 0.9346045851707458,
            "1": 0.9520920515060425
        }
    }
}