{
    "confidence_score": 0.958053708076477,
    "ptm": 0.9558618664741516,
    "iptm": 0.9767192602157593,
    "ligand_iptm": 0.9767192602157593,
    "protein_iptm": 0.0,
    "complex_plddt": 0.9533873200416565,
    "complex_iplddt": 0.9589060544967651,
    "complex_pde": 0.40186190605163574,
    "complex_ipde": 0.6037160754203796,
    "chains_ptm": {
        "0": 0.9551141858100891,
        "1": 0.9859010577201843
    },
    "pair_chains_iptm": {
        "0": {
            "0": 0.9551141858100891,
            "1": 0.7340708374977112
        },
        "1": {
            "0": 0.9767192602157593,
            "1": 0.9859010577201843
        }
    }
}