{
    "confidence_score": 0.943838894367218,
    "ptm": 0.9503609538078308,
    "iptm": 0.9137383103370667,
    "ligand_iptm": 0.9137383103370667,
    "protein_iptm": 0.0,
    "complex_plddt": 0.9513640403747559,
    "complex_iplddt": 0.9405873417854309,
    "complex_pde": 0.45691606402397156,
    "complex_ipde": 1.088871717453003,
    "chains_ptm": {
        "0": 0.9527706503868103,
        "1": 0.8979199528694153
    },
    "pair_chains_iptm": {
        "0": {
            "0": 0.9527706503868103,
            "1": 0.4714536666870117
        },
        "1": {
            "0": 0.9137383103370667,
            "1": 0.8979199528694153
        }
    }
}