{
    "confidence_score": 0.9549131393432617,
    "ptm": 0.9465721249580383,
    "iptm": 0.9760041236877441,
    "ligand_iptm": 0.9760041236877441,
    "protein_iptm": 0.0,
    "complex_plddt": 0.9496404528617859,
    "complex_iplddt": 0.9424151182174683,
    "complex_pde": 0.4391205310821533,
    "complex_ipde": 0.5645045042037964,
    "chains_ptm": {
        "0": 0.9441900253295898,
        "1": 0.9614394307136536
    },
    "pair_chains_iptm": {
        "0": {
            "0": 0.9441900253295898,
            "1": 0.708856999874115
        },
        "1": {
            "0": 0.9760041236877441,
            "1": 0.9614394307136536
        }
    }
}