seed,sample,ranking_score
1,0,0.905583238537229
1,1,0.9008598668399034
1,2,0.9208589492354294
1,3,0.9036130235815447
1,4,0.9113109255744701
