{
    "confidence_score": 0.9608197212219238,
    "ptm": 0.9589741230010986,
    "iptm": 0.9872698187828064,
    "ligand_iptm": 0.9872698187828064,
    "protein_iptm": 0.0,
    "complex_plddt": 0.954207181930542,
    "complex_iplddt": 0.9499301314353943,
    "complex_pde": 0.36912867426872253,
    "complex_ipde": 0.41830143332481384,
    "chains_ptm": {
        "0": 0.9579275250434875,
        "1": 0.9872755408287048
    },
    "pair_chains_iptm": {
        "0": {
            "0": 0.9579275250434875,
            "1": 0.7847311496734619
        },
        "1": {
            "0": 0.9872698187828064,
            "1": 0.9872755408287048
        }
    }
}