seed,sample,ranking_score
1,0,0.8376345206521323
1,1,0.8597394603866051
1,2,0.8581638868296375
1,3,0.847239295939257
1,4,0.8398467973830656
