seed,sample,ranking_score
1,0,0.7578524560070691
1,1,0.8339521374535293
1,2,0.7521826520216071
1,3,0.7407856227793742
1,4,0.7819347990528831
