{
    "confidence_score": 0.9457495808601379,
    "ptm": 0.9512463212013245,
    "iptm": 0.9551060795783997,
    "ligand_iptm": 0.9551060795783997,
    "protein_iptm": 0.0,
    "complex_plddt": 0.9434104561805725,
    "complex_iplddt": 0.9146144986152649,
    "complex_pde": 0.43739891052246094,
    "complex_ipde": 0.7348527312278748,
    "chains_ptm": {
        "0": 0.9511247873306274,
        "1": 0.937835156917572
    },
    "pair_chains_iptm": {
        "0": {
            "0": 0.9511247873306274,
            "1": 0.56932532787323
        },
        "1": {
            "0": 0.9551060795783997,
            "1": 0.937835156917572
        }
    }
}