{
    "confidence_score": 0.9522904753684998,
    "ptm": 0.9504655003547668,
    "iptm": 0.9578344821929932,
    "ligand_iptm": 0.9578344821929932,
    "protein_iptm": 0.0,
    "complex_plddt": 0.9509044289588928,
    "complex_iplddt": 0.8939711451530457,
    "complex_pde": 0.4382685124874115,
    "complex_ipde": 0.722939133644104,
    "chains_ptm": {
        "0": 0.9500215649604797,
        "1": 0.9699275493621826
    },
    "pair_chains_iptm": {
        "0": {
            "0": 0.9500215649604797,
            "1": 0.6868770718574524
        },
        "1": {
            "0": 0.9578344821929932,
            "1": 0.9699275493621826
        }
    }
}