{
    "confidence_score": 0.9367581605911255,
    "ptm": 0.9401814341545105,
    "iptm": 0.928726851940155,
    "ligand_iptm": 0.928726851940155,
    "protein_iptm": 0.0,
    "complex_plddt": 0.9387660026550293,
    "complex_iplddt": 0.9125306606292725,
    "complex_pde": 0.5140697360038757,
    "complex_ipde": 0.9507703185081482,
    "chains_ptm": {
        "0": 0.9414172768592834,
        "1": 0.8953256607055664
    },
    "pair_chains_iptm": {
        "0": {
            "0": 0.9414172768592834,
            "1": 0.552217423915863
        },
        "1": {
            "0": 0.928726851940155,
            "1": 0.8953256607055664
        }
    }
}