{
    "confidence_score": 0.9522637724876404,
    "ptm": 0.9724170565605164,
    "iptm": 0.9582774639129639,
    "ligand_iptm": 0.9582774639129639,
    "protein_iptm": 0.0,
    "complex_plddt": 0.9507603049278259,
    "complex_iplddt": 0.9352402687072754,
    "complex_pde": 0.34927648305892944,
    "complex_ipde": 0.6784675717353821,
    "chains_ptm": {
        "0": 0.9732012748718262,
        "1": 0.9487643241882324
    },
    "pair_chains_iptm": {
        "0": {
            "0": 0.9732012748718262,
            "1": 0.589341938495636
        },
        "1": {
            "0": 0.9582774639129639,
            "1": 0.9487643241882324
        }
    }
}