{
    "confidence_score": 0.9352827072143555,
    "ptm": 0.9510651230812073,
    "iptm": 0.8842843174934387,
    "ligand_iptm": 0.8842843174934387,
    "protein_iptm": 0.0,
    "complex_plddt": 0.9480323195457458,
    "complex_iplddt": 0.9136947989463806,
    "complex_pde": 0.48197177052497864,
    "complex_ipde": 1.769300937652588,
    "chains_ptm": {
        "0": 0.9536248445510864,
        "1": 0.9280491471290588
    },
    "pair_chains_iptm": {
        "0": {
            "0": 0.9536248445510864,
            "1": 0.34068891406059265
        },
        "1": {
            "0": 0.8842843174934387,
            "1": 0.9280491471290588
        }
    }
}