{
    "confidence_score": 0.9272012114524841,
    "ptm": 0.9684597253799438,
    "iptm": 0.9452663064002991,
    "ligand_iptm": 0.9452663064002991,
    "protein_iptm": 0.0,
    "complex_plddt": 0.9226848483085632,
    "complex_iplddt": 0.8214405179023743,
    "complex_pde": 0.38989102840423584,
    "complex_ipde": 0.7209662199020386,
    "chains_ptm": {
        "0": 0.9704733490943909,
        "1": 0.9267882704734802
    },
    "pair_chains_iptm": {
        "0": {
            "0": 0.9704733490943909,
            "1": 0.5710585713386536
        },
        "1": {
            "0": 0.9452663064002991,
            "1": 0.9267882704734802
        }
    }
}