seed,sample,ranking_score
1,0,0.9499896118649405
1,1,0.9396497716763249
1,2,0.9733314277018512
1,3,0.9501582917893678
1,4,0.9655229397658558
