{
    "confidence_score": 0.9593026041984558,
    "ptm": 0.9397322535514832,
    "iptm": 0.9872737526893616,
    "ligand_iptm": 0.9872737526893616,
    "protein_iptm": 0.0,
    "complex_plddt": 0.952309787273407,
    "complex_iplddt": 0.9477732181549072,
    "complex_pde": 0.4532049596309662,
    "complex_ipde": 0.448487788438797,
    "chains_ptm": {
        "0": 0.9376230835914612,
        "1": 0.9897304177284241
    },
    "pair_chains_iptm": {
        "0": {
            "0": 0.9376230835914612,
            "1": 0.7849048376083374
        },
        "1": {
            "0": 0.9872737526893616,
            "1": 0.9897304177284241
        }
    }
}