seed,sample,ranking_score
1,0,0.8141677586577988
1,1,0.8190936497990664
1,2,0.8396321266874355
1,3,0.8175544658848336
1,4,0.8310894487308513
