seed,sample,ranking_score
44,0,0.8633855920335245
44,1,0.8644418943414581
44,2,0.8383005567268648
44,3,0.8612642838546134
44,4,0.8645982664685583
9,0,0.8279048821935268
9,1,0.8535386325467875
9,2,0.8492874925829594
9,3,0.8583158071624974
9,4,0.8179761601057994
80,0,0.8214178654481789
80,1,0.8625632231750159
80,2,0.8307653376375804
80,3,0.8329318237804176
80,4,0.8638221227626568
