seed,sample,ranking_score
1,0,0.9234033578736115
1,1,0.9304690524685797
1,2,0.9519001836058373
1,3,0.9226298856229481
1,4,0.9266456247194096
