seed,sample,ranking_score
1,0,0.7912227785664994
1,1,0.8505485243668237
1,2,0.850146462003187
1,3,0.8292522964817286
1,4,0.8105042280206126
