seed,sample,ranking_score
1,0,0.9587015927314086
1,1,0.9730701990844229
1,2,0.9731746043193827
1,3,0.9617427946443515
1,4,0.9601013888452732
