seed,sample,ranking_score
44,0,0.7776288189818706
44,1,0.7764750979925988
44,2,0.7513144418704557
44,3,0.7540245553687945
44,4,0.7477288312457169
9,0,0.7522073631672815
9,1,0.7672400166454003
9,2,0.7664377773165784
9,3,0.4670933666741367
9,4,0.7709176198405877
80,0,0.770319509039736
80,1,0.7537965971170921
80,2,0.7609072505952421
80,3,0.7720285267509244
80,4,0.7572483011531981
