seed,sample,ranking_score
1,0,0.8148315943402928
1,1,0.8148293170804648
1,2,0.8161869501177745
1,3,0.8028323847027863
1,4,0.832540441341902
