seed,sample,ranking_score
1,0,0.8212240785045846
1,1,0.8183663321734441
1,2,0.8370572398632801
1,3,0.812079530888529
1,4,0.8338579188480074
