seed,sample,ranking_score
1,0,0.823005310400981
1,1,0.8378371745006262
1,2,0.8487116707314247
1,3,0.83564927380551
1,4,0.8419617273046335
