seed,sample,ranking_score
1,0,0.8356593318417982
1,1,0.8181600802606546
1,2,0.8374287956374395
1,3,0.8173518019175133
1,4,0.8204053581252944
