seed,sample,ranking_score
1,0,0.8020719565163306
1,1,0.8170144133388677
1,2,0.826500818168701
1,3,0.8168280840331352
1,4,0.8216450722192279
