seed,sample,ranking_score
1,0,0.8810004578088257
1,1,0.9008887475175325
1,2,0.9022549685349737
1,3,0.88632278679302
1,4,0.905255224389998
