seed,sample,ranking_score
1,0,0.9085090075608093
1,1,0.9049194492840118
1,2,0.9209554606367539
1,3,0.8986486264967705
1,4,0.9067833847449909
