{
    "confidence_score": 0.9276112914085388,
    "ptm": 0.9367870688438416,
    "iptm": 0.892292857170105,
    "ligand_iptm": 0.892292857170105,
    "protein_iptm": 0.0,
    "complex_plddt": 0.9364408254623413,
    "complex_iplddt": 0.8807191252708435,
    "complex_pde": 0.5653378963470459,
    "complex_ipde": 1.2487317323684692,
    "chains_ptm": {
        "0": 0.9413071870803833,
        "1": 0.8543872237205505
    },
    "pair_chains_iptm": {
        "0": {
            "0": 0.9413071870803833,
            "1": 0.4218170940876007
        },
        "1": {
            "0": 0.892292857170105,
            "1": 0.8543872237205505
        }
    }
}