seed,sample,ranking_score
1,0,0.8616438893799109
1,1,0.8768430296241625
1,2,0.9405846811847544
1,3,0.9314534778477815
1,4,0.8729744972200628
