{
    "confidence_score": 0.9484865069389343,
    "ptm": 0.9543204307556152,
    "iptm": 0.9298315644264221,
    "ligand_iptm": 0.9298315644264221,
    "protein_iptm": 0.0,
    "complex_plddt": 0.95315021276474,
    "complex_iplddt": 0.9390531778335571,
    "complex_pde": 0.43135181069374084,
    "complex_ipde": 0.923412024974823,
    "chains_ptm": {
        "0": 0.9557934403419495,
        "1": 0.9031817317008972
    },
    "pair_chains_iptm": {
        "0": {
            "0": 0.9557934403419495,
            "1": 0.513822615146637
        },
        "1": {
            "0": 0.9298315644264221,
            "1": 0.9031817317008972
        }
    }
}