{
    "confidence_score": 0.9518302083015442,
    "ptm": 0.9467784762382507,
    "iptm": 0.9692965745925903,
    "ligand_iptm": 0.9692965745925903,
    "protein_iptm": 0.0,
    "complex_plddt": 0.9474636316299438,
    "complex_iplddt": 0.904087483882904,
    "complex_pde": 0.4355129599571228,
    "complex_ipde": 0.6507887840270996,
    "chains_ptm": {
        "0": 0.9451040625572205,
        "1": 0.973129391670227
    },
    "pair_chains_iptm": {
        "0": {
            "0": 0.9451040625572205,
            "1": 0.7173662781715393
        },
        "1": {
            "0": 0.9692965745925903,
            "1": 0.973129391670227
        }
    }
}