{
    "confidence_score": 0.9433884620666504,
    "ptm": 0.9545679092407227,
    "iptm": 0.962648332118988,
    "ligand_iptm": 0.962648332118988,
    "protein_iptm": 0.0,
    "complex_plddt": 0.9385735392570496,
    "complex_iplddt": 0.9315908551216125,
    "complex_pde": 0.418338418006897,
    "complex_ipde": 0.668389081954956,
    "chains_ptm": {
        "0": 0.9544122815132141,
        "1": 0.9235883355140686
    },
    "pair_chains_iptm": {
        "0": {
            "0": 0.9544122815132141,
            "1": 0.6085034012794495
        },
        "1": {
            "0": 0.962648332118988,
            "1": 0.9235883355140686
        }
    }
}