{
    "confidence_score": 0.9346739649772644,
    "ptm": 0.9589024782180786,
    "iptm": 0.9653058052062988,
    "ligand_iptm": 0.9653058052062988,
    "protein_iptm": 0.0,
    "complex_plddt": 0.927016019821167,
    "complex_iplddt": 0.8500702381134033,
    "complex_pde": 0.40111008286476135,
    "complex_ipde": 0.62321537733078,
    "chains_ptm": {
        "0": 0.9586308598518372,
        "1": 0.911975622177124
    },
    "pair_chains_iptm": {
        "0": {
            "0": 0.9586308598518372,
            "1": 0.5839430093765259
        },
        "1": {
            "0": 0.9653058052062988,
            "1": 0.911975622177124
        }
    }
}