seed,sample,ranking_score
1,0,0.9123140356571211
1,1,0.9107565465214466
1,2,0.9269980263596493
1,3,0.9081961514759868
1,4,0.9102111662779356
