{
    "confidence_score": 0.9346762895584106,
    "ptm": 0.9526135325431824,
    "iptm": 0.9386986494064331,
    "ligand_iptm": 0.9386986494064331,
    "protein_iptm": 0.0,
    "complex_plddt": 0.9336706399917603,
    "complex_iplddt": 0.865215539932251,
    "complex_pde": 0.43401506543159485,
    "complex_ipde": 0.7729977369308472,
    "chains_ptm": {
        "0": 0.9541305303573608,
        "1": 0.9071950316429138
    },
    "pair_chains_iptm": {
        "0": {
            "0": 0.9541305303573608,
            "1": 0.4924696087837219
        },
        "1": {
            "0": 0.9386986494064331,
            "1": 0.9071950316429138
        }
    }
}