seed,sample,ranking_score
1,0,0.9242185889807477
1,1,0.9186380696340803
1,2,0.9406946147523181
1,3,0.9220714869384035
1,4,0.9256710991068778
