seed,sample,ranking_score
1,0,0.8879730072447694
1,1,0.878182053518011
1,2,0.9052780008755743
1,3,0.8849888674421381
1,4,0.8867968369996532
