seed,sample,ranking_score
44,0,0.9724383814248067
44,1,0.9739758147107556
44,2,0.9520108400920227
44,3,0.9617886113513812
44,4,0.9599976266744566
9,0,0.96091977311929
9,1,0.9479599307218965
9,2,0.9466775992716991
9,3,0.8566535503290931
9,4,0.9493622784405231
80,0,0.9497572512702466
80,1,0.9556185150002179
80,2,0.9432986599878126
80,3,0.9478470074232145
80,4,0.9466570950845365
