{
    "confidence_score": 0.9516940116882324,
    "ptm": 0.9481070041656494,
    "iptm": 0.9645696878433228,
    "ligand_iptm": 0.9645696878433228,
    "protein_iptm": 0.0,
    "complex_plddt": 0.9484751224517822,
    "complex_iplddt": 0.9275219440460205,
    "complex_pde": 0.4558431804180145,
    "complex_ipde": 0.6504804491996765,
    "chains_ptm": {
        "0": 0.9466244578361511,
        "1": 0.911210834980011
    },
    "pair_chains_iptm": {
        "0": {
            "0": 0.9466244578361511,
            "1": 0.6871324181556702
        },
        "1": {
            "0": 0.9645696878433228,
            "1": 0.911210834980011
        }
    }
}