{
    "confidence_score": 0.9512525796890259,
    "ptm": 0.95594322681427,
    "iptm": 0.9704685211181641,
    "ligand_iptm": 0.9704685211181641,
    "protein_iptm": 0.0,
    "complex_plddt": 0.946448564529419,
    "complex_iplddt": 0.9301437735557556,
    "complex_pde": 0.4118139445781708,
    "complex_ipde": 0.5906372666358948,
    "chains_ptm": {
        "0": 0.9546465277671814,
        "1": 0.9573341608047485
    },
    "pair_chains_iptm": {
        "0": {
            "0": 0.9546465277671814,
            "1": 0.7801263928413391
        },
        "1": {
            "0": 0.9704685211181641,
            "1": 0.9573341608047485
        }
    }
}