seed,sample,ranking_score
44,0,0.8221843762541419
44,1,0.8525374250870578
44,2,0.8248368140946544
44,3,0.8271935127126324
44,4,0.8401515714095014
9,0,0.8127875087606092
9,1,0.8041886674624221
9,2,0.8161582185733436
9,3,0.8153170979919631
9,4,0.8139305709712749
80,0,0.8207121964864095
80,1,0.8061537406289165
80,2,0.8090685501094793
80,3,0.8189695203474444
80,4,0.8224451891876964
