{
    "confidence_score": 0.9519155621528625,
    "ptm": 0.9385767579078674,
    "iptm": 0.9683725833892822,
    "ligand_iptm": 0.9683725833892822,
    "protein_iptm": 0.0,
    "complex_plddt": 0.9478012919425964,
    "complex_iplddt": 0.9509379863739014,
    "complex_pde": 0.46938902139663696,
    "complex_ipde": 0.6527264714241028,
    "chains_ptm": {
        "0": 0.936154305934906,
        "1": 0.96163409948349
    },
    "pair_chains_iptm": {
        "0": {
            "0": 0.936154305934906,
            "1": 0.7170608043670654
        },
        "1": {
            "0": 0.9683725833892822,
            "1": 0.96163409948349
        }
    }
}