seed,sample,ranking_score
1,0,0.8956146776078344
1,1,0.904292550145349
1,2,0.913085388754797
1,3,0.869146260359018
1,4,0.8889133044352074
