{
    "confidence_score": 0.945407509803772,
    "ptm": 0.9416966438293457,
    "iptm": 0.9693379998207092,
    "ligand_iptm": 0.9693379998207092,
    "protein_iptm": 0.0,
    "complex_plddt": 0.9394248723983765,
    "complex_iplddt": 0.8837623596191406,
    "complex_pde": 0.46174439787864685,
    "complex_ipde": 0.6181753277778625,
    "chains_ptm": {
        "0": 0.939788281917572,
        "1": 0.9385747909545898
    },
    "pair_chains_iptm": {
        "0": {
            "0": 0.939788281917572,
            "1": 0.6244277954101562
        },
        "1": {
            "0": 0.9693379998207092,
            "1": 0.9385747909545898
        }
    }
}