{
    "confidence_score": 0.9535921216011047,
    "ptm": 0.9641356468200684,
    "iptm": 0.9627017974853516,
    "ligand_iptm": 0.9627017974853516,
    "protein_iptm": 0.0,
    "complex_plddt": 0.9513146877288818,
    "complex_iplddt": 0.917970597743988,
    "complex_pde": 0.37813612818717957,
    "complex_ipde": 0.6363288164138794,
    "chains_ptm": {
        "0": 0.9642796516418457,
        "1": 0.9535527229309082
    },
    "pair_chains_iptm": {
        "0": {
            "0": 0.9642796516418457,
            "1": 0.6210006475448608
        },
        "1": {
            "0": 0.9627017974853516,
            "1": 0.9535527229309082
        }
    }
}