seed,sample,ranking_score
1,0,0.8076084105240455
1,1,0.7496289969080261
1,2,0.8424007848076399
1,3,0.8115659108395913
1,4,0.8268097868822046
