{
    "confidence_score": 0.9482602477073669,
    "ptm": 0.9405102133750916,
    "iptm": 0.944675087928772,
    "ligand_iptm": 0.944675087928772,
    "protein_iptm": 0.0,
    "complex_plddt": 0.9491565227508545,
    "complex_iplddt": 0.9335691928863525,
    "complex_pde": 0.4829838275909424,
    "complex_ipde": 0.9806863069534302,
    "chains_ptm": {
        "0": 0.9405035376548767,
        "1": 0.9661285877227783
    },
    "pair_chains_iptm": {
        "0": {
            "0": 0.9405035376548767,
            "1": 0.46758538484573364
        },
        "1": {
            "0": 0.944675087928772,
            "1": 0.9661285877227783
        }
    }
}