{
    "confidence_score": 0.9389578104019165,
    "ptm": 0.9539167284965515,
    "iptm": 0.9463956356048584,
    "ligand_iptm": 0.9463956356048584,
    "protein_iptm": 0.0,
    "complex_plddt": 0.9370982646942139,
    "complex_iplddt": 0.8843921422958374,
    "complex_pde": 0.42447295784950256,
    "complex_ipde": 0.7432974576950073,
    "chains_ptm": {
        "0": 0.9546741247177124,
        "1": 0.9356975555419922
    },
    "pair_chains_iptm": {
        "0": {
            "0": 0.9546741247177124,
            "1": 0.602837324142456
        },
        "1": {
            "0": 0.9463956356048584,
            "1": 0.9356975555419922
        }
    }
}