seed,sample,ranking_score
1,0,0.7925344374431027
1,1,0.7841938209012544
1,2,0.8063052081407607
1,3,0.7663405114651667
1,4,0.8066133397963786
