seed,sample,ranking_score
1,0,0.8895658000431163
1,1,0.8880539532207319
1,2,0.9183889757684177
1,3,0.8887086483553088
1,4,0.8980050408336371
