{
    "confidence_score": 0.9516147971153259,
    "ptm": 0.9563014507293701,
    "iptm": 0.9258649945259094,
    "ligand_iptm": 0.9258649945259094,
    "protein_iptm": 0.0,
    "complex_plddt": 0.9580521583557129,
    "complex_iplddt": 0.9397887587547302,
    "complex_pde": 0.4178464114665985,
    "complex_ipde": 0.9403036236763,
    "chains_ptm": {
        "0": 0.9582585096359253,
        "1": 0.9526923894882202
    },
    "pair_chains_iptm": {
        "0": {
            "0": 0.9582585096359253,
            "1": 0.49522873759269714
        },
        "1": {
            "0": 0.9258649945259094,
            "1": 0.9526923894882202
        }
    }
}