seed,sample,ranking_score
1,0,0.7011066449603176
1,1,0.7151584932182294
1,2,0.7499745678608416
1,3,0.7098154716740094
1,4,0.72954320283491
