seed,sample,ranking_score
1,0,0.7327456081708362
1,1,0.7382908302593687
1,2,0.7546427045451354
1,3,0.7593264514981505
1,4,0.6478596148693013
