{
    "confidence_score": 0.9463146328926086,
    "ptm": 0.9477252960205078,
    "iptm": 0.932316243648529,
    "ligand_iptm": 0.932316243648529,
    "protein_iptm": 0.0,
    "complex_plddt": 0.9498142600059509,
    "complex_iplddt": 0.9258278012275696,
    "complex_pde": 0.4560014009475708,
    "complex_ipde": 0.9682142734527588,
    "chains_ptm": {
        "0": 0.9483714699745178,
        "1": 0.9819915294647217
    },
    "pair_chains_iptm": {
        "0": {
            "0": 0.9483714699745178,
            "1": 0.5225017666816711
        },
        "1": {
            "0": 0.932316243648529,
            "1": 0.9819915294647217
        }
    }
}