{
    "confidence_score": 0.9407462477684021,
    "ptm": 0.963891327381134,
    "iptm": 0.9654203057289124,
    "ligand_iptm": 0.9654203057289124,
    "protein_iptm": 0.0,
    "complex_plddt": 0.9345776438713074,
    "complex_iplddt": 0.9111719131469727,
    "complex_pde": 0.38333186507225037,
    "complex_ipde": 0.626113772392273,
    "chains_ptm": {
        "0": 0.9639325737953186,
        "1": 0.943051815032959
    },
    "pair_chains_iptm": {
        "0": {
            "0": 0.9639325737953186,
            "1": 0.693180501461029
        },
        "1": {
            "0": 0.9654203057289124,
            "1": 0.943051815032959
        }
    }
}