seed,sample,ranking_score
44,0,0.895241872102691
44,1,0.8952058208942822
44,2,0.8721256900730954
44,3,0.8888063941556534
44,4,0.8857682910061037
9,0,0.8636560281807285
9,1,0.8618987731519442
9,2,0.8746257105300365
9,3,0.8577843706373414
9,4,0.8645994822732959
80,0,0.8609801574503896
80,1,0.8729221502908502
80,2,0.8682131455316822
80,3,0.876143145946897
80,4,0.8734873020401086
