seed,sample,ranking_score
1,0,0.725367431996069
1,1,0.7403264735784056
1,2,0.762447545597408
1,3,0.7553335239227841
1,4,0.7316179253672028
