seed,sample,ranking_score
1,0,0.8309171116387282
1,1,0.8156436059110163
1,2,0.8255898122649912
1,3,0.8154195571231637
1,4,0.8042318734634323
