seed,sample,ranking_score
1,0,0.5921344932760494
1,1,0.6673532015535185
1,2,0.606844649746694
1,3,0.6290412756240694
1,4,0.5875998803419147
