seed,sample,ranking_score
1,0,0.8770036974146146
1,1,0.8663114129368558
1,2,0.9049654551652547
1,3,0.881739072963645
1,4,0.8958907596844704
