seed,sample,ranking_score
1,0,0.9655487048857281
1,1,0.9802403213169586
1,2,0.9810915530828282
1,3,0.9671049040143944
1,4,0.9744665104945851
