{
    "confidence_score": 0.9168903231620789,
    "ptm": 0.9433441162109375,
    "iptm": 0.9106531143188477,
    "ligand_iptm": 0.9106531143188477,
    "protein_iptm": 0.0,
    "complex_plddt": 0.9184495806694031,
    "complex_iplddt": 0.8007043600082397,
    "complex_pde": 0.5042033195495605,
    "complex_ipde": 1.0385409593582153,
    "chains_ptm": {
        "0": 0.9465829133987427,
        "1": 0.8300905227661133
    },
    "pair_chains_iptm": {
        "0": {
            "0": 0.9465829133987427,
            "1": 0.41344794631004333
        },
        "1": {
            "0": 0.9106531143188477,
            "1": 0.8300905227661133
        }
    }
}