{
    "confidence_score": 0.9574492573738098,
    "ptm": 0.9428382515907288,
    "iptm": 0.9622496962547302,
    "ligand_iptm": 0.9622496962547302,
    "protein_iptm": 0.0,
    "complex_plddt": 0.9562491178512573,
    "complex_iplddt": 0.9364849925041199,
    "complex_pde": 0.4532875418663025,
    "complex_ipde": 0.7048656344413757,
    "chains_ptm": {
        "0": 0.9416221380233765,
        "1": 0.9697805047035217
    },
    "pair_chains_iptm": {
        "0": {
            "0": 0.9416221380233765,
            "1": 0.6906795501708984
        },
        "1": {
            "0": 0.9622496962547302,
            "1": 0.9697805047035217
        }
    }
}