seed,sample,ranking_score
44,0,0.838918606979246
44,1,0.8143923000536153
44,2,0.7641755563202882
44,3,0.7978089879744689
44,4,0.8063684416061419
9,0,0.7827999241843484
9,1,0.7820479286559338
9,2,0.7958854746939927
9,3,0.7830719310136659
9,4,0.7712861229232342
80,0,0.7901680986685058
80,1,0.8049504261808622
80,2,0.7791013389705886
80,3,0.7792998124267517
80,4,0.7929628871562088
