{
    "confidence_score": 0.9173154830932617,
    "ptm": 0.9333730936050415,
    "iptm": 0.8598146438598633,
    "ligand_iptm": 0.8598146438598633,
    "protein_iptm": 0.0,
    "complex_plddt": 0.9316906929016113,
    "complex_iplddt": 0.8339129090309143,
    "complex_pde": 0.5575721263885498,
    "complex_ipde": 1.6248087882995605,
    "chains_ptm": {
        "0": 0.9382980465888977,
        "1": 0.9122921228408813
    },
    "pair_chains_iptm": {
        "0": {
            "0": 0.9382980465888977,
            "1": 0.39676183462142944
        },
        "1": {
            "0": 0.8598146438598633,
            "1": 0.9122921228408813
        }
    }
}