seed,sample,ranking_score
1,0,0.8203455981044941
1,1,0.8147028050641337
1,2,0.8373118797611107
1,3,0.8049928309371163
1,4,0.7945002654499574
