seed,sample,ranking_score
1,0,0.806250889524279
1,1,0.7424780218507017
1,2,0.8422323741300832
1,3,0.810299986816158
1,4,0.8265249845501318
