{
    "confidence_score": 0.9597434997558594,
    "ptm": 0.9629078507423401,
    "iptm": 0.9901071786880493,
    "ligand_iptm": 0.9901071786880493,
    "protein_iptm": 0.0,
    "complex_plddt": 0.9521525502204895,
    "complex_iplddt": 0.9506052136421204,
    "complex_pde": 0.3618806004524231,
    "complex_ipde": 0.3741493225097656,
    "chains_ptm": {
        "0": 0.9617153406143188,
        "1": 0.9906343221664429
    },
    "pair_chains_iptm": {
        "0": {
            "0": 0.9617153406143188,
            "1": 0.8180482983589172
        },
        "1": {
            "0": 0.9901071786880493,
            "1": 0.9906343221664429
        }
    }
}