{
    "confidence_score": 0.953761875629425,
    "ptm": 0.9410011768341064,
    "iptm": 0.9675386548042297,
    "ligand_iptm": 0.9675386548042297,
    "protein_iptm": 0.0,
    "complex_plddt": 0.9503176808357239,
    "complex_iplddt": 0.9298194050788879,
    "complex_pde": 0.46805065870285034,
    "complex_ipde": 0.67933589220047,
    "chains_ptm": {
        "0": 0.9394927024841309,
        "1": 0.9755686521530151
    },
    "pair_chains_iptm": {
        "0": {
            "0": 0.9394927024841309,
            "1": 0.7018921375274658
        },
        "1": {
            "0": 0.9675386548042297,
            "1": 0.9755686521530151
        }
    }
}