seed,sample,ranking_score
1,0,0.8091435897216298
1,1,0.8160337670283856
1,2,0.8332604925873536
1,3,0.8167091966625626
1,4,0.827510104164348
