seed,sample,ranking_score
1,0,0.8664397835917655
1,1,0.8581180692003019
1,2,0.8370255566251595
1,3,0.8065053285957203
1,4,0.8150460648154664
