{
    "confidence_score": 0.9165166020393372,
    "ptm": 0.958403468132019,
    "iptm": 0.9372448921203613,
    "ligand_iptm": 0.9372448921203613,
    "protein_iptm": 0.0,
    "complex_plddt": 0.9113345146179199,
    "complex_iplddt": 0.7950294017791748,
    "complex_pde": 0.4161180257797241,
    "complex_ipde": 0.8454427719116211,
    "chains_ptm": {
        "0": 0.9600342512130737,
        "1": 0.8915421962738037
    },
    "pair_chains_iptm": {
        "0": {
            "0": 0.9600342512130737,
            "1": 0.4438540041446686
        },
        "1": {
            "0": 0.9372448921203613,
            "1": 0.8915421962738037
        }
    }
}