{
    "confidence_score": 0.9441066980361938,
    "ptm": 0.9621414542198181,
    "iptm": 0.8896223902702332,
    "ligand_iptm": 0.8896223902702332,
    "protein_iptm": 0.0,
    "complex_plddt": 0.9577277302742004,
    "complex_iplddt": 0.9217426180839539,
    "complex_pde": 0.39936068654060364,
    "complex_ipde": 1.392275094985962,
    "chains_ptm": {
        "0": 0.9648756980895996,
        "1": 0.9631493091583252
    },
    "pair_chains_iptm": {
        "0": {
            "0": 0.9648756980895996,
            "1": 0.4077153503894806
        },
        "1": {
            "0": 0.8896223902702332,
            "1": 0.9631493091583252
        }
    }
}