{
    "confidence_score": 0.9405455589294434,
    "ptm": 0.9368908405303955,
    "iptm": 0.9111960530281067,
    "ligand_iptm": 0.9111960530281067,
    "protein_iptm": 0.0,
    "complex_plddt": 0.947882890701294,
    "complex_iplddt": 0.9135159254074097,
    "complex_pde": 0.5040736198425293,
    "complex_ipde": 1.1061897277832031,
    "chains_ptm": {
        "0": 0.9385162591934204,
        "1": 0.9518995881080627
    },
    "pair_chains_iptm": {
        "0": {
            "0": 0.9385162591934204,
            "1": 0.44854283332824707
        },
        "1": {
            "0": 0.9111960530281067,
            "1": 0.9518995881080627
        }
    }
}