{
    "confidence_score": 0.9495183825492859,
    "ptm": 0.9472805261611938,
    "iptm": 0.9714673757553101,
    "ligand_iptm": 0.9714673757553101,
    "protein_iptm": 0.0,
    "complex_plddt": 0.9440311193466187,
    "complex_iplddt": 0.9314075112342834,
    "complex_pde": 0.44259780645370483,
    "complex_ipde": 0.6101276874542236,
    "chains_ptm": {
        "0": 0.9452770948410034,
        "1": 0.9628511667251587
    },
    "pair_chains_iptm": {
        "0": {
            "0": 0.9452770948410034,
            "1": 0.7338190078735352
        },
        "1": {
            "0": 0.9714673757553101,
            "1": 0.9628511667251587
        }
    }
}