{
    "confidence_score": 0.9545277953147888,
    "ptm": 0.9562931060791016,
    "iptm": 0.9717630743980408,
    "ligand_iptm": 0.9717630743980408,
    "protein_iptm": 0.0,
    "complex_plddt": 0.950218915939331,
    "complex_iplddt": 0.9417627453804016,
    "complex_pde": 0.3980492353439331,
    "complex_ipde": 0.5556102395057678,
    "chains_ptm": {
        "0": 0.9556040167808533,
        "1": 0.9729912877082825
    },
    "pair_chains_iptm": {
        "0": {
            "0": 0.9556040167808533,
            "1": 0.6935519576072693
        },
        "1": {
            "0": 0.9717630743980408,
            "1": 0.9729912877082825
        }
    }
}