seed,sample,ranking_score
1,0,0.8323240557108359
1,1,0.8275548813108246
1,2,0.8410590162291484
1,3,0.8355866633231716
1,4,0.8404220887250627
