{
    "confidence_score": 0.9394699931144714,
    "ptm": 0.9439202547073364,
    "iptm": 0.9565501809120178,
    "ligand_iptm": 0.9565501809120178,
    "protein_iptm": 0.0,
    "complex_plddt": 0.9351999163627625,
    "complex_iplddt": 0.9255873560905457,
    "complex_pde": 0.4854394495487213,
    "complex_ipde": 0.7321156859397888,
    "chains_ptm": {
        "0": 0.9427880048751831,
        "1": 0.8167351484298706
    },
    "pair_chains_iptm": {
        "0": {
            "0": 0.9427880048751831,
            "1": 0.5047779083251953
        },
        "1": {
            "0": 0.9565501809120178,
            "1": 0.8167351484298706
        }
    }
}