{
    "confidence_score": 0.9353748559951782,
    "ptm": 0.9615971446037292,
    "iptm": 0.8797707557678223,
    "ligand_iptm": 0.8797707557678223,
    "protein_iptm": 0.0,
    "complex_plddt": 0.94927579164505,
    "complex_iplddt": 0.925387978553772,
    "complex_pde": 0.4122524857521057,
    "complex_ipde": 1.3012142181396484,
    "chains_ptm": {
        "0": 0.9659982323646545,
        "1": 0.9157573580741882
    },
    "pair_chains_iptm": {
        "0": {
            "0": 0.9659982323646545,
            "1": 0.37587088346481323
        },
        "1": {
            "0": 0.8797707557678223,
            "1": 0.9157573580741882
        }
    }
}