seed,sample,ranking_score
1,0,0.7055893531352585
1,1,0.6467197657449064
1,2,0.6229553638901338
1,3,0.6779819436909101
1,4,0.6447015346720938
