seed,sample,ranking_score
1,0,0.8624679676530346
1,1,0.8590549898218225
1,2,0.8741687859843046
1,3,0.8611030895105717
1,4,0.8634896188087655
