{
    "confidence_score": 0.9437141418457031,
    "ptm": 0.9447339177131653,
    "iptm": 0.9536206722259521,
    "ligand_iptm": 0.9536206722259521,
    "protein_iptm": 0.0,
    "complex_plddt": 0.9412375688552856,
    "complex_iplddt": 0.9088153839111328,
    "complex_pde": 0.4672945439815521,
    "complex_ipde": 0.7917011976242065,
    "chains_ptm": {
        "0": 0.9443129301071167,
        "1": 0.9506897926330566
    },
    "pair_chains_iptm": {
        "0": {
            "0": 0.9443129301071167,
            "1": 0.6415760517120361
        },
        "1": {
            "0": 0.9536206722259521,
            "1": 0.9506897926330566
        }
    }
}