seed,sample,ranking_score
1,0,0.7934264472452175
1,1,0.7983279142236389
1,2,0.8128286708876373
1,3,0.7878433231257913
1,4,0.794650987002044
