seed,sample,ranking_score
1,0,0.6716441708502418
1,1,0.6890330995522844
1,2,0.7047957357965592
1,3,0.6832597303803916
1,4,0.6787115816626862
