seed,sample,ranking_score
1,0,0.760020776659451
1,1,0.8255022760003656
1,2,0.8300967280702637
1,3,0.8141621993591159
1,4,0.8159017056774998
