{
    "confidence_score": 0.95088130235672,
    "ptm": 0.9571840167045593,
    "iptm": 0.9619352221488953,
    "ligand_iptm": 0.9619352221488953,
    "protein_iptm": 0.0,
    "complex_plddt": 0.9481177926063538,
    "complex_iplddt": 0.8945197463035583,
    "complex_pde": 0.38891178369522095,
    "complex_ipde": 0.6150619983673096,
    "chains_ptm": {
        "0": 0.9569829106330872,
        "1": 0.9670093655586243
    },
    "pair_chains_iptm": {
        "0": {
            "0": 0.9569829106330872,
            "1": 0.7084888815879822
        },
        "1": {
            "0": 0.9619352221488953,
            "1": 0.9670093655586243
        }
    }
}