seed,sample,ranking_score
1,0,0.8029881741461242
1,1,0.817624843835527
1,2,0.8423232443268732
1,3,0.8160361576612971
1,4,0.8220345855056594
