seed,sample,ranking_score
1,0,0.8136962634704992
1,1,0.8045910422462833
1,2,0.8017634485375154
1,3,0.8095561468915136
1,4,0.8064156436754182
