seed,sample,ranking_score
1,0,0.6336649465563013
1,1,0.6139479667192571
1,2,0.6615097695688684
1,3,0.6483090343044071
1,4,0.6307098826754645
