{
    "confidence_score": 0.9499022364616394,
    "ptm": 0.9578723311424255,
    "iptm": 0.9590526223182678,
    "ligand_iptm": 0.9590526223182678,
    "protein_iptm": 0.0,
    "complex_plddt": 0.9476146697998047,
    "complex_iplddt": 0.9203153252601624,
    "complex_pde": 0.40947484970092773,
    "complex_ipde": 0.6942251920700073,
    "chains_ptm": {
        "0": 0.95786452293396,
        "1": 0.9579447507858276
    },
    "pair_chains_iptm": {
        "0": {
            "0": 0.95786452293396,
            "1": 0.6640034317970276
        },
        "1": {
            "0": 0.9590526223182678,
            "1": 0.9579447507858276
        }
    }
}