{
    "confidence_score": 0.9428183436393738,
    "ptm": 0.9567734003067017,
    "iptm": 0.9330115914344788,
    "ligand_iptm": 0.9330115914344788,
    "protein_iptm": 0.0,
    "complex_plddt": 0.9452700018882751,
    "complex_iplddt": 0.914273738861084,
    "complex_pde": 0.4174287021160126,
    "complex_ipde": 0.8579245805740356,
    "chains_ptm": {
        "0": 0.9583727717399597,
        "1": 0.9527453780174255
    },
    "pair_chains_iptm": {
        "0": {
            "0": 0.9583727717399597,
            "1": 0.5956226587295532
        },
        "1": {
            "0": 0.9330115914344788,
            "1": 0.9527453780174255
        }
    }
}