{
    "confidence_score": 0.9327055215835571,
    "ptm": 0.9548311829566956,
    "iptm": 0.8549849987030029,
    "ligand_iptm": 0.8549849987030029,
    "protein_iptm": 0.0,
    "complex_plddt": 0.9521355628967285,
    "complex_iplddt": 0.9104163646697998,
    "complex_pde": 0.4724096655845642,
    "complex_ipde": 1.8534986972808838,
    "chains_ptm": {
        "0": 0.9596324563026428,
        "1": 0.9572466611862183
    },
    "pair_chains_iptm": {
        "0": {
            "0": 0.9596324563026428,
            "1": 0.33216580748558044
        },
        "1": {
            "0": 0.8549849987030029,
            "1": 0.9572466611862183
        }
    }
}