seed,sample,ranking_score
1,0,0.7832058980462849
1,1,0.7677424085405717
1,2,0.7851437887413613
1,3,0.7889552633236472
1,4,0.800488213062209
