{
    "confidence_score": 0.9508252143859863,
    "ptm": 0.9595904350280762,
    "iptm": 0.9443832635879517,
    "ligand_iptm": 0.9443832635879517,
    "protein_iptm": 0.0,
    "complex_plddt": 0.9524357318878174,
    "complex_iplddt": 0.8987330794334412,
    "complex_pde": 0.40154945850372314,
    "complex_ipde": 0.799312174320221,
    "chains_ptm": {
        "0": 0.9605764746665955,
        "1": 0.9656641483306885
    },
    "pair_chains_iptm": {
        "0": {
            "0": 0.9605764746665955,
            "1": 0.6540118455886841
        },
        "1": {
            "0": 0.9443832635879517,
            "1": 0.9656641483306885
        }
    }
}