seed,sample,ranking_score
1,0,0.8999476008442526
1,1,0.8872427325825144
1,2,0.9065065450216568
1,3,0.8982659509470063
1,4,0.8658623898670532
