seed,sample,ranking_score
44,0,0.919120534185519
44,1,0.9169560802351964
44,2,0.8802935420277839
44,3,0.8995552483447833
44,4,0.900971753308204
9,0,0.8851232435533932
9,1,0.885049239889116
9,2,0.8886134385701083
9,3,0.8786477806994659
9,4,0.8878490831358662
80,0,0.8866177230267864
80,1,0.8877471182975216
80,2,0.8731334583207574
80,3,0.8848568766696688
80,4,0.8910129757751796
