seed,sample,ranking_score
1,0,0.848930310222255
1,1,0.8592288954538723
1,2,0.8649996490458771
1,3,0.8526241829758644
1,4,0.8488488285069421
