seed,sample,ranking_score
1,0,0.8255098397669837
1,1,0.8050889902016746
1,2,0.8451399134307751
1,3,0.8192615171028058
1,4,0.8140720176203158
