{
    "confidence_score": 0.9465436935424805,
    "ptm": 0.9462143778800964,
    "iptm": 0.9546379446983337,
    "ligand_iptm": 0.9546379446983337,
    "protein_iptm": 0.0,
    "complex_plddt": 0.9445201754570007,
    "complex_iplddt": 0.915958821773529,
    "complex_pde": 0.45699670910835266,
    "complex_ipde": 0.7705592513084412,
    "chains_ptm": {
        "0": 0.9454771876335144,
        "1": 0.9466456770896912
    },
    "pair_chains_iptm": {
        "0": {
            "0": 0.9454771876335144,
            "1": 0.6855920553207397
        },
        "1": {
            "0": 0.9546379446983337,
            "1": 0.9466456770896912
        }
    }
}