seed,sample,ranking_score
1,0,0.8016072740954221
1,1,0.8980119890733668
1,2,0.8944401945819559
1,3,0.8919086854863768
1,4,0.8224804967359921
