seed,sample,ranking_score
1,0,0.6964995548018972
1,1,0.7253642350106597
1,2,0.7452934111254934
1,3,0.6688865620104483
1,4,0.7205030490873333
