seed,sample,ranking_score
1,0,0.9307393890701419
1,1,0.9355395363187738
1,2,0.9493284574789816
1,3,0.9295105360185755
1,4,0.934460114711955
