seed,sample,ranking_score
1,0,0.7844394702366125
1,1,0.8353747696223487
1,2,0.8430712159246924
1,3,0.7864171850944417
1,4,0.8275581186946577
