{
    "confidence_score": 0.9412639737129211,
    "ptm": 0.9609484076499939,
    "iptm": 0.9321487545967102,
    "ligand_iptm": 0.9321487545967102,
    "protein_iptm": 0.0,
    "complex_plddt": 0.9435427784919739,
    "complex_iplddt": 0.9255744814872742,
    "complex_pde": 0.42766961455345154,
    "complex_ipde": 0.8941298723220825,
    "chains_ptm": {
        "0": 0.9638903141021729,
        "1": 0.866129994392395
    },
    "pair_chains_iptm": {
        "0": {
            "0": 0.9638903141021729,
            "1": 0.4259917438030243
        },
        "1": {
            "0": 0.9321487545967102,
            "1": 0.866129994392395
        }
    }
}