seed,sample,ranking_score
44,0,0.8820861418968043
44,1,0.9135849152747071
44,2,0.8674392732787848
44,3,0.9072202258869013
44,4,0.9018827102260727
9,0,0.8715564077200668
9,1,0.8880801870047146
9,2,0.8961104433769697
9,3,0.8462743204076443
9,4,0.8856347376107184
80,0,0.8988841554620074
80,1,0.8708813048331916
80,2,0.867268603003022
80,3,0.891178397592531
80,4,0.8124324678585824
