{
    "confidence_score": 0.9391462206840515,
    "ptm": 0.9710435271263123,
    "iptm": 0.8819375038146973,
    "ligand_iptm": 0.8819375038146973,
    "protein_iptm": 0.0,
    "complex_plddt": 0.9534484148025513,
    "complex_iplddt": 0.9121592044830322,
    "complex_pde": 0.40084537863731384,
    "complex_ipde": 1.5610737800598145,
    "chains_ptm": {
        "0": 0.9752880334854126,
        "1": 0.9666855335235596
    },
    "pair_chains_iptm": {
        "0": {
            "0": 0.9752880334854126,
            "1": 0.43655529618263245
        },
        "1": {
            "0": 0.8819375038146973,
            "1": 0.9666855335235596
        }
    }
}