seed,sample,ranking_score
44,0,0.8277323204779217
44,1,0.8648615283456488
44,2,0.8185219995296745
44,3,0.856373411417322
44,4,0.8327603932291613
9,0,0.8288567553164975
9,1,0.8183949931644079
9,2,0.8316195193085912
9,3,0.8027316564427237
9,4,0.8130545187264419
80,0,0.8112421474554659
80,1,0.8433350263494805
80,2,0.8433526590140769
80,3,0.7881901253654001
80,4,0.855371921432561
