seed,sample,ranking_score
1,0,0.8272012858842321
1,1,0.8064824907333096
1,2,0.8086354360565036
1,3,0.7906187669457243
1,4,0.8408302631819876
