{
    "confidence_score": 0.9602486491203308,
    "ptm": 0.946729302406311,
    "iptm": 0.9559406042098999,
    "ligand_iptm": 0.9559406042098999,
    "protein_iptm": 0.0,
    "complex_plddt": 0.9613257050514221,
    "complex_iplddt": 0.9254655838012695,
    "complex_pde": 0.4450911283493042,
    "complex_ipde": 0.7039927244186401,
    "chains_ptm": {
        "0": 0.9463685154914856,
        "1": 0.9701390862464905
    },
    "pair_chains_iptm": {
        "0": {
            "0": 0.9463685154914856,
            "1": 0.5994467735290527
        },
        "1": {
            "0": 0.9559406042098999,
            "1": 0.9701390862464905
        }
    }
}