{
    "confidence_score": 0.9410358667373657,
    "ptm": 0.958976149559021,
    "iptm": 0.9601503610610962,
    "ligand_iptm": 0.9601503610610962,
    "protein_iptm": 0.0,
    "complex_plddt": 0.9362572431564331,
    "complex_iplddt": 0.9020512700080872,
    "complex_pde": 0.40806812047958374,
    "complex_ipde": 0.6153416037559509,
    "chains_ptm": {
        "0": 0.9589276313781738,
        "1": 0.8856398463249207
    },
    "pair_chains_iptm": {
        "0": {
            "0": 0.9589276313781738,
            "1": 0.6547338366508484
        },
        "1": {
            "0": 0.9601503610610962,
            "1": 0.8856398463249207
        }
    }
}