seed,sample,ranking_score
44,0,0.7256637688801603
44,1,0.6149087594269236
44,2,0.5368972341619781
44,3,0.6895387393498811
44,4,0.6249588654887527
9,0,0.6022959701883809
9,1,0.5867543582496973
9,2,0.6657833609822736
9,3,0.7068438187041307
9,4,0.72395195454477
80,0,0.6834330424279207
80,1,0.671203724005505
80,2,0.6252286869490592
80,3,0.6706635667706139
80,4,0.6142433635938915
