{
    "confidence_score": 0.951633095741272,
    "ptm": 0.9534584283828735,
    "iptm": 0.9719196557998657,
    "ligand_iptm": 0.9719196557998657,
    "protein_iptm": 0.0,
    "complex_plddt": 0.9465614557266235,
    "complex_iplddt": 0.9215084314346313,
    "complex_pde": 0.4289655387401581,
    "complex_ipde": 0.5936599373817444,
    "chains_ptm": {
        "0": 0.951892614364624,
        "1": 0.9516927599906921
    },
    "pair_chains_iptm": {
        "0": {
            "0": 0.951892614364624,
            "1": 0.7108531594276428
        },
        "1": {
            "0": 0.9719196557998657,
            "1": 0.9516927599906921
        }
    }
}