seed,sample,ranking_score
1,0,0.8453615496644058
1,1,0.8503244973203656
1,2,0.8501501392755684
1,3,0.8241515912198207
1,4,0.8571681517650654
