seed,sample,ranking_score
1,0,0.8678808133421655
1,1,0.8676250080125089
1,2,0.9016088775866482
1,3,0.8675947799834324
1,4,0.8796442261673647
