{
    "confidence_score": 0.909781277179718,
    "ptm": 0.9436732530593872,
    "iptm": 0.9372730255126953,
    "ligand_iptm": 0.9372730255126953,
    "protein_iptm": 0.0,
    "complex_plddt": 0.9029083251953125,
    "complex_iplddt": 0.796893835067749,
    "complex_pde": 0.5004861354827881,
    "complex_ipde": 0.9178985953330994,
    "chains_ptm": {
        "0": 0.9443898797035217,
        "1": 0.8937630653381348
    },
    "pair_chains_iptm": {
        "0": {
            "0": 0.9443898797035217,
            "1": 0.5443806648254395
        },
        "1": {
            "0": 0.9372730255126953,
            "1": 0.8937630653381348
        }
    }
}