{
    "confidence_score": 0.9320523142814636,
    "ptm": 0.9377658367156982,
    "iptm": 0.9358865022659302,
    "ligand_iptm": 0.9358865022659302,
    "protein_iptm": 0.0,
    "complex_plddt": 0.9310938119888306,
    "complex_iplddt": 0.8435181975364685,
    "complex_pde": 0.5028615593910217,
    "complex_ipde": 0.9262115359306335,
    "chains_ptm": {
        "0": 0.9382524490356445,
        "1": 0.8883355259895325
    },
    "pair_chains_iptm": {
        "0": {
            "0": 0.9382524490356445,
            "1": 0.4877280294895172
        },
        "1": {
            "0": 0.9358865022659302,
            "1": 0.8883355259895325
        }
    }
}