seed,sample,ranking_score
1,0,0.6420299571041949
1,1,0.6695662160574787
1,2,0.652193113513361
1,3,0.6523074266178208
1,4,0.6481197766913599
