{
    "confidence_score": 0.9504594206809998,
    "ptm": 0.9662251472473145,
    "iptm": 0.9488655924797058,
    "ligand_iptm": 0.9488655924797058,
    "protein_iptm": 0.0,
    "complex_plddt": 0.9508578777313232,
    "complex_iplddt": 0.9246533513069153,
    "complex_pde": 0.3668099343776703,
    "complex_ipde": 0.7474821209907532,
    "chains_ptm": {
        "0": 0.9671767354011536,
        "1": 0.9452388882637024
    },
    "pair_chains_iptm": {
        "0": {
            "0": 0.9671767354011536,
            "1": 0.5466503500938416
        },
        "1": {
            "0": 0.9488655924797058,
            "1": 0.9452388882637024
        }
    }
}