{
    "confidence_score": 0.933285653591156,
    "ptm": 0.9551553130149841,
    "iptm": 0.9642649292945862,
    "ligand_iptm": 0.9642649292945862,
    "protein_iptm": 0.0,
    "complex_plddt": 0.9255407452583313,
    "complex_iplddt": 0.8541058301925659,
    "complex_pde": 0.41612252593040466,
    "complex_ipde": 0.608483612537384,
    "chains_ptm": {
        "0": 0.9544042348861694,
        "1": 0.8676636219024658
    },
    "pair_chains_iptm": {
        "0": {
            "0": 0.9544042348861694,
            "1": 0.5562650561332703
        },
        "1": {
            "0": 0.9642649292945862,
            "1": 0.8676636219024658
        }
    }
}