{
    "confidence_score": 0.9441949725151062,
    "ptm": 0.9589733481407166,
    "iptm": 0.9471812844276428,
    "ligand_iptm": 0.9471812844276428,
    "protein_iptm": 0.0,
    "complex_plddt": 0.9434484243392944,
    "complex_iplddt": 0.9098555445671082,
    "complex_pde": 0.40393558144569397,
    "complex_ipde": 0.7928789258003235,
    "chains_ptm": {
        "0": 0.959909200668335,
        "1": 0.9430060982704163
    },
    "pair_chains_iptm": {
        "0": {
            "0": 0.959909200668335,
            "1": 0.5637218356132507
        },
        "1": {
            "0": 0.9471812844276428,
            "1": 0.9430060982704163
        }
    }
}