seed,sample,ranking_score
1,0,0.8509489673582132
1,1,0.8514964091522735
1,2,0.8553392684356433
1,3,0.856447061172044
1,4,0.8381617247190515
