seed,sample,ranking_score
1,0,0.8143759132032498
1,1,0.8224477855999167
1,2,0.844261122216377
1,3,0.8215114153078821
1,4,0.8538062232741854
