seed,sample,ranking_score
1,0,0.5621500508876401
1,1,0.6553454756940431
1,2,0.6601406544287957
1,3,0.6032626370670351
1,4,0.6102787352076223
