seed,sample,ranking_score
1,0,0.6045980736167835
1,1,0.618927763854792
1,2,0.5764019244868139
1,3,0.5859504577489629
1,4,0.5724728975058181
