seed,sample,ranking_score
1,0,0.8215285451588967
1,1,0.8287205183220977
1,2,0.8234277461244842
1,3,0.8365443953848456
1,4,0.826524181258707
