seed,sample,ranking_score
1,0,0.900953223528403
1,1,0.9125726406081358
1,2,0.9106030956313137
1,3,0.8617615424202807
1,4,0.8991847342261299
