{
    "confidence_score": 0.9553539156913757,
    "ptm": 0.9473740458488464,
    "iptm": 0.9643884301185608,
    "ligand_iptm": 0.9643884301185608,
    "protein_iptm": 0.0,
    "complex_plddt": 0.9530952572822571,
    "complex_iplddt": 0.915823757648468,
    "complex_pde": 0.44773972034454346,
    "complex_ipde": 0.6763266921043396,
    "chains_ptm": {
        "0": 0.9465150833129883,
        "1": 0.9479368925094604
    },
    "pair_chains_iptm": {
        "0": {
            "0": 0.9465150833129883,
            "1": 0.669344961643219
        },
        "1": {
            "0": 0.9643884301185608,
            "1": 0.9479368925094604
        }
    }
}