seed,sample,ranking_score
1,0,0.8222233880304922
1,1,0.8052737827817983
1,2,0.8480859813842625
1,3,0.824207754479416
1,4,0.7982834664609203
