seed,sample,ranking_score
1,0,0.8908629406125159
1,1,0.8898968932635838
1,2,0.911392713354325
1,3,0.8641883622987565
1,4,0.8962232463347581
