seed,sample,ranking_score
1,0,0.7453349428070623
1,1,0.8341162186202797
1,2,0.7476999496873362
1,3,0.7456679139813472
1,4,0.758745573301422
