{
    "confidence_score": 0.9276615381240845,
    "ptm": 0.9537407159805298,
    "iptm": 0.8487867712974548,
    "ligand_iptm": 0.8487867712974548,
    "protein_iptm": 0.0,
    "complex_plddt": 0.9473802447319031,
    "complex_iplddt": 0.9080699682235718,
    "complex_pde": 0.49800869822502136,
    "complex_ipde": 2.2191646099090576,
    "chains_ptm": {
        "0": 0.9577787518501282,
        "1": 0.9355189204216003
    },
    "pair_chains_iptm": {
        "0": {
            "0": 0.9577787518501282,
            "1": 0.31059521436691284
        },
        "1": {
            "0": 0.8487867712974548,
            "1": 0.9355189204216003
        }
    }
}