seed,sample,ranking_score
1,0,0.8507563770765869
1,1,0.8799241792052591
1,2,0.8563174366713122
1,3,0.8628406340050052
1,4,0.862451911291652
