seed,sample,ranking_score
1,0,0.8696102812488937
1,1,0.8837200071184907
1,2,0.8755448598801187
1,3,0.8663795303272347
1,4,0.8817805720854249
