seed,sample,ranking_score
1,0,0.8011652529878321
1,1,0.8009999733566844
1,2,0.7907864656103736
1,3,0.7774057284220125
1,4,0.807031524761807
