{
    "confidence_score": 0.9543368220329285,
    "ptm": 0.963532567024231,
    "iptm": 0.9612323641777039,
    "ligand_iptm": 0.9612323641777039,
    "protein_iptm": 0.0,
    "complex_plddt": 0.9526129364967346,
    "complex_iplddt": 0.9288497567176819,
    "complex_pde": 0.3742443025112152,
    "complex_ipde": 0.6211624145507812,
    "chains_ptm": {
        "0": 0.9637532234191895,
        "1": 0.9452856779098511
    },
    "pair_chains_iptm": {
        "0": {
            "0": 0.9637532234191895,
            "1": 0.581490695476532
        },
        "1": {
            "0": 0.9612323641777039,
            "1": 0.9452856779098511
        }
    }
}