{
    "confidence_score": 0.9445765614509583,
    "ptm": 0.96302729845047,
    "iptm": 0.9759236574172974,
    "ligand_iptm": 0.9759236574172974,
    "protein_iptm": 0.0,
    "complex_plddt": 0.9367397427558899,
    "complex_iplddt": 0.9240989685058594,
    "complex_pde": 0.3743037283420563,
    "complex_ipde": 0.52756267786026,
    "chains_ptm": {
        "0": 0.961868941783905,
        "1": 0.9661794900894165
    },
    "pair_chains_iptm": {
        "0": {
            "0": 0.961868941783905,
            "1": 0.7546968460083008
        },
        "1": {
            "0": 0.9759236574172974,
            "1": 0.9661794900894165
        }
    }
}