{
    "confidence_score": 0.9552714228630066,
    "ptm": 0.9670810699462891,
    "iptm": 0.969980001449585,
    "ligand_iptm": 0.969980001449585,
    "protein_iptm": 0.0,
    "complex_plddt": 0.9515942931175232,
    "complex_iplddt": 0.9457648992538452,
    "complex_pde": 0.3689943850040436,
    "complex_ipde": 0.5826712250709534,
    "chains_ptm": {
        "0": 0.9669886231422424,
        "1": 0.9155963063240051
    },
    "pair_chains_iptm": {
        "0": {
            "0": 0.9669886231422424,
            "1": 0.6575441956520081
        },
        "1": {
            "0": 0.969980001449585,
            "1": 0.9155963063240051
        }
    }
}