{
    "confidence_score": 0.9523617625236511,
    "ptm": 0.9606342911720276,
    "iptm": 0.9585521817207336,
    "ligand_iptm": 0.9585521817207336,
    "protein_iptm": 0.0,
    "complex_plddt": 0.9508141875267029,
    "complex_iplddt": 0.9165363311767578,
    "complex_pde": 0.38661521673202515,
    "complex_ipde": 0.6770692467689514,
    "chains_ptm": {
        "0": 0.9608456492424011,
        "1": 0.9383007884025574
    },
    "pair_chains_iptm": {
        "0": {
            "0": 0.9608456492424011,
            "1": 0.49914437532424927
        },
        "1": {
            "0": 0.9585521817207336,
            "1": 0.9383007884025574
        }
    }
}