{
    "confidence_score": 0.9443976283073425,
    "ptm": 0.9593816995620728,
    "iptm": 0.9388286471366882,
    "ligand_iptm": 0.9388286471366882,
    "protein_iptm": 0.0,
    "complex_plddt": 0.9457898736000061,
    "complex_iplddt": 0.8918212056159973,
    "complex_pde": 0.42641958594322205,
    "complex_ipde": 0.7937537431716919,
    "chains_ptm": {
        "0": 0.9615017175674438,
        "1": 0.8980405330657959
    },
    "pair_chains_iptm": {
        "0": {
            "0": 0.9615017175674438,
            "1": 0.4982296824455261
        },
        "1": {
            "0": 0.9388286471366882,
            "1": 0.8980405330657959
        }
    }
}