{
    "confidence_score": 0.9543161392211914,
    "ptm": 0.9667691588401794,
    "iptm": 0.9471022486686707,
    "ligand_iptm": 0.9471022486686707,
    "protein_iptm": 0.0,
    "complex_plddt": 0.9561196565628052,
    "complex_iplddt": 0.9417452216148376,
    "complex_pde": 0.3720659017562866,
    "complex_ipde": 0.8005419969558716,
    "chains_ptm": {
        "0": 0.9680032134056091,
        "1": 0.9358698725700378
    },
    "pair_chains_iptm": {
        "0": {
            "0": 0.9680032134056091,
            "1": 0.4768906533718109
        },
        "1": {
            "0": 0.9471022486686707,
            "1": 0.9358698725700378
        }
    }
}