seed,sample,ranking_score
1,0,0.8773889498629004
1,1,0.8594167892729814
1,2,0.897812346193807
1,3,0.8774790870465523
1,4,0.8564731208648596
