seed,sample,ranking_score
1,0,0.8160314367539697
1,1,0.8249653399813307
1,2,0.846554691492014
1,3,0.8121681160809243
1,4,0.824448050818492
