seed,sample,ranking_score
1,0,0.9353523958225255
1,1,0.9485122807143898
1,2,0.9564398975290501
1,3,0.9524239689130637
1,4,0.9480428081751506
