seed,sample,ranking_score
44,0,0.8441640350108162
44,1,0.8204964673718396
44,2,0.7880248037430131
44,3,0.8209769013221595
44,4,0.8076717003117738
9,0,0.8053680946761627
9,1,0.8176199568623376
9,2,0.8223521259432294
9,3,0.8010085948052815
9,4,0.8015646221376949
80,0,0.7669769507199932
80,1,0.8054530416472795
80,2,0.7967489814784926
80,3,0.7876507266910165
80,4,0.8222213302264413
