seed,sample,ranking_score
1,0,0.8378131667146949
1,1,0.8230795328574784
1,2,0.8427960077503419
1,3,0.8381218725546301
1,4,0.8567714456746078
