seed,sample,ranking_score
1,0,0.8202807762491942
1,1,0.8376936174340378
1,2,0.8249453322204846
1,3,0.8132201484266262
1,4,0.7986388063349679
