{
    "confidence_score": 0.9335021376609802,
    "ptm": 0.9428488612174988,
    "iptm": 0.8683567047119141,
    "ligand_iptm": 0.8683567047119141,
    "protein_iptm": 0.0,
    "complex_plddt": 0.9497884511947632,
    "complex_iplddt": 0.8969920873641968,
    "complex_pde": 0.5070786476135254,
    "complex_ipde": 1.6849452257156372,
    "chains_ptm": {
        "0": 0.9458997249603271,
        "1": 0.923839807510376
    },
    "pair_chains_iptm": {
        "0": {
            "0": 0.9458997249603271,
            "1": 0.3690732419490814
        },
        "1": {
            "0": 0.8683567047119141,
            "1": 0.923839807510376
        }
    }
}