{
    "confidence_score": 0.9519657492637634,
    "ptm": 0.9511641263961792,
    "iptm": 0.9786049127578735,
    "ligand_iptm": 0.9786049127578735,
    "protein_iptm": 0.0,
    "complex_plddt": 0.9453059434890747,
    "complex_iplddt": 0.930156946182251,
    "complex_pde": 0.4183824360370636,
    "complex_ipde": 0.5301728844642639,
    "chains_ptm": {
        "0": 0.9498422145843506,
        "1": 0.9459779262542725
    },
    "pair_chains_iptm": {
        "0": {
            "0": 0.9498422145843506,
            "1": 0.6330602765083313
        },
        "1": {
            "0": 0.9786049127578735,
            "1": 0.9459779262542725
        }
    }
}