seed,sample,ranking_score
1,0,0.8308361461944168
1,1,0.8384017842226229
1,2,0.8482660166302421
1,3,0.8046560610862623
1,4,0.846925815343576
