seed,sample,ranking_score
44,0,0.8245002069159638
44,1,0.8569864768892204
44,2,0.8251577555986778
44,3,0.8347885787538136
44,4,0.8422680983597406
9,0,0.7718058596475085
9,1,0.8337454038979256
9,2,0.7739512991792288
9,3,0.8098054978932887
9,4,0.8205013849296674
80,0,0.7981038729671183
80,1,0.8240389392607493
80,2,0.8024660897428999
80,3,0.759553980183407
80,4,0.8185465830566889
