{
    "confidence_score": 0.9231839179992676,
    "ptm": 0.9644056558609009,
    "iptm": 0.9299852252006531,
    "ligand_iptm": 0.9299852252006531,
    "protein_iptm": 0.0,
    "complex_plddt": 0.92148357629776,
    "complex_iplddt": 0.8248257040977478,
    "complex_pde": 0.3972272276878357,
    "complex_ipde": 0.829078733921051,
    "chains_ptm": {
        "0": 0.9670310020446777,
        "1": 0.9194306135177612
    },
    "pair_chains_iptm": {
        "0": {
            "0": 0.9670310020446777,
            "1": 0.5376089811325073
        },
        "1": {
            "0": 0.9299852252006531,
            "1": 0.9194306135177612
        }
    }
}