{
    "confidence_score": 0.9548681378364563,
    "ptm": 0.9667212963104248,
    "iptm": 0.967828631401062,
    "ligand_iptm": 0.967828631401062,
    "protein_iptm": 0.0,
    "complex_plddt": 0.9516279697418213,
    "complex_iplddt": 0.9260200262069702,
    "complex_pde": 0.3659668564796448,
    "complex_ipde": 0.5844971537590027,
    "chains_ptm": {
        "0": 0.9667066931724548,
        "1": 0.9582593441009521
    },
    "pair_chains_iptm": {
        "0": {
            "0": 0.9667066931724548,
            "1": 0.6546186208724976
        },
        "1": {
            "0": 0.967828631401062,
            "1": 0.9582593441009521
        }
    }
}