{
    "confidence_score": 0.9432079195976257,
    "ptm": 0.951982319355011,
    "iptm": 0.9348244071006775,
    "ligand_iptm": 0.9348244071006775,
    "protein_iptm": 0.0,
    "complex_plddt": 0.9453037977218628,
    "complex_iplddt": 0.9087585806846619,
    "complex_pde": 0.4573080539703369,
    "complex_ipde": 0.8765217065811157,
    "chains_ptm": {
        "0": 0.9533291459083557,
        "1": 0.9000112414360046
    },
    "pair_chains_iptm": {
        "0": {
            "0": 0.9533291459083557,
            "1": 0.5792934894561768
        },
        "1": {
            "0": 0.9348244071006775,
            "1": 0.9000112414360046
        }
    }
}