{
    "confidence_score": 0.9461844563484192,
    "ptm": 0.9539077281951904,
    "iptm": 0.9556499123573303,
    "ligand_iptm": 0.9556499123573303,
    "protein_iptm": 0.0,
    "complex_plddt": 0.9438180923461914,
    "complex_iplddt": 0.9102054238319397,
    "complex_pde": 0.4417596459388733,
    "complex_ipde": 0.7657208442687988,
    "chains_ptm": {
        "0": 0.9538388848304749,
        "1": 0.9426043033599854
    },
    "pair_chains_iptm": {
        "0": {
            "0": 0.9538388848304749,
            "1": 0.6007315516471863
        },
        "1": {
            "0": 0.9556499123573303,
            "1": 0.9426043033599854
        }
    }
}