seed,sample,ranking_score
1,0,0.6821815100287341
1,1,0.7146543497664427
1,2,0.6652642067024539
1,3,0.6950255949168618
1,4,0.6742645656635475
