{
    "confidence_score": 0.9512745141983032,
    "ptm": 0.9481815695762634,
    "iptm": 0.9533991813659668,
    "ligand_iptm": 0.9533991813659668,
    "protein_iptm": 0.0,
    "complex_plddt": 0.9507432579994202,
    "complex_iplddt": 0.9328492879867554,
    "complex_pde": 0.4561269283294678,
    "complex_ipde": 0.759116530418396,
    "chains_ptm": {
        "0": 0.9479541182518005,
        "1": 0.9341772794723511
    },
    "pair_chains_iptm": {
        "0": {
            "0": 0.9479541182518005,
            "1": 0.605504035949707
        },
        "1": {
            "0": 0.9533991813659668,
            "1": 0.9341772794723511
        }
    }
}