{
    "confidence_score": 0.9512273669242859,
    "ptm": 0.9598008394241333,
    "iptm": 0.9556724429130554,
    "ligand_iptm": 0.9556724429130554,
    "protein_iptm": 0.0,
    "complex_plddt": 0.9501160979270935,
    "complex_iplddt": 0.9275002479553223,
    "complex_pde": 0.403493732213974,
    "complex_ipde": 0.6694039702415466,
    "chains_ptm": {
        "0": 0.9602606892585754,
        "1": 0.8997843861579895
    },
    "pair_chains_iptm": {
        "0": {
            "0": 0.9602606892585754,
            "1": 0.5894330143928528
        },
        "1": {
            "0": 0.9556724429130554,
            "1": 0.8997843861579895
        }
    }
}