seed,sample,ranking_score
1,0,0.9728247062560007
1,1,0.9833528312302723
1,2,0.9831734261176589
1,3,0.9755807830461909
1,4,0.9691771464815466
