seed,sample,ranking_score
44,0,0.9595103239839882
44,1,0.9604458597152116
44,2,0.9513641924487177
44,3,0.9593498591242016
44,4,0.9482477932045082
9,0,0.9345208795366936
9,1,0.9440488896237764
9,2,0.9493591927764372
9,3,0.8756496106929722
9,4,0.9480096198060571
80,0,0.9463121439927025
80,1,0.9432092791844264
80,2,0.9324964017223133
80,3,0.9413137698891003
80,4,0.9361198811793064
