{
    "confidence_score": 0.939081609249115,
    "ptm": 0.9626402854919434,
    "iptm": 0.9309485554695129,
    "ligand_iptm": 0.9309485554695129,
    "protein_iptm": 0.0,
    "complex_plddt": 0.9411148428916931,
    "complex_iplddt": 0.9231283068656921,
    "complex_pde": 0.41837823390960693,
    "complex_ipde": 0.8842092752456665,
    "chains_ptm": {
        "0": 0.966001570224762,
        "1": 0.8689196109771729
    },
    "pair_chains_iptm": {
        "0": {
            "0": 0.966001570224762,
            "1": 0.44098296761512756
        },
        "1": {
            "0": 0.9309485554695129,
            "1": 0.8689196109771729
        }
    }
}