seed,sample,ranking_score
44,0,0.8291836303440476
44,1,0.8111512199070656
44,2,0.80379962625102
44,3,0.8195089383212215
44,4,0.7892932028446684
9,0,0.8121033841693583
9,1,0.8091993443537747
9,2,0.7721740775964326
9,3,0.803331104292013
9,4,0.7952093756308429
80,0,0.7635209327375609
80,1,0.7827635974779351
80,2,0.7742795840070124
80,3,0.7576504569339034
80,4,0.8199569377499939
