seed,sample,ranking_score
1,0,0.8321872509840095
1,1,0.8383733887014884
1,2,0.8498309772986296
1,3,0.8048694525649753
1,4,0.8439824227772144
