{
    "confidence_score": 0.945690929889679,
    "ptm": 0.9573066830635071,
    "iptm": 0.9679648876190186,
    "ligand_iptm": 0.9679648876190186,
    "protein_iptm": 0.0,
    "complex_plddt": 0.9401224255561829,
    "complex_iplddt": 0.9127209186553955,
    "complex_pde": 0.4024428427219391,
    "complex_ipde": 0.573658287525177,
    "chains_ptm": {
        "0": 0.9564127922058105,
        "1": 0.8991881608963013
    },
    "pair_chains_iptm": {
        "0": {
            "0": 0.9564127922058105,
            "1": 0.669403612613678
        },
        "1": {
            "0": 0.9679648876190186,
            "1": 0.8991881608963013
        }
    }
}