{
    "confidence_score": 0.9512518048286438,
    "ptm": 0.9662821292877197,
    "iptm": 0.9509353637695312,
    "ligand_iptm": 0.9509353637695312,
    "protein_iptm": 0.0,
    "complex_plddt": 0.9513309597969055,
    "complex_iplddt": 0.9029865860939026,
    "complex_pde": 0.37523093819618225,
    "complex_ipde": 0.7246957421302795,
    "chains_ptm": {
        "0": 0.9672341346740723,
        "1": 0.9449315071105957
    },
    "pair_chains_iptm": {
        "0": {
            "0": 0.9672341346740723,
            "1": 0.5844353437423706
        },
        "1": {
            "0": 0.9509353637695312,
            "1": 0.9449315071105957
        }
    }
}