{
    "confidence_score": 0.9199288487434387,
    "ptm": 0.9461356997489929,
    "iptm": 0.9092515707015991,
    "ligand_iptm": 0.9092515707015991,
    "protein_iptm": 0.0,
    "complex_plddt": 0.922598123550415,
    "complex_iplddt": 0.8424245715141296,
    "complex_pde": 0.4718339443206787,
    "complex_ipde": 1.0048171281814575,
    "chains_ptm": {
        "0": 0.9493271708488464,
        "1": 0.9092753529548645
    },
    "pair_chains_iptm": {
        "0": {
            "0": 0.9493271708488464,
            "1": 0.5518751740455627
        },
        "1": {
            "0": 0.9092515707015991,
            "1": 0.9092753529548645
        }
    }
}