{
    "confidence_score": 0.946497917175293,
    "ptm": 0.9631378054618835,
    "iptm": 0.9733104109764099,
    "ligand_iptm": 0.9733104109764099,
    "protein_iptm": 0.0,
    "complex_plddt": 0.9397948384284973,
    "complex_iplddt": 0.910345733165741,
    "complex_pde": 0.38508063554763794,
    "complex_ipde": 0.5529502630233765,
    "chains_ptm": {
        "0": 0.9623098373413086,
        "1": 0.9542362689971924
    },
    "pair_chains_iptm": {
        "0": {
            "0": 0.9623098373413086,
            "1": 0.7440431118011475
        },
        "1": {
            "0": 0.9733104109764099,
            "1": 0.9542362689971924
        }
    }
}