seed,sample,ranking_score
1,0,0.8264853338245237
1,1,0.8362289093707349
1,2,0.828325578125085
1,3,0.8220689990378236
1,4,0.8048377070387821
