seed,sample,ranking_score
1,0,0.911874060183324
1,1,0.9157844488747636
1,2,0.9286695584413603
1,3,0.9090060320857126
1,4,0.9136979321331142
