{
    "confidence_score": 0.9528825879096985,
    "ptm": 0.9422905445098877,
    "iptm": 0.9828634262084961,
    "ligand_iptm": 0.9828634262084961,
    "protein_iptm": 0.0,
    "complex_plddt": 0.9453874230384827,
    "complex_iplddt": 0.9435112476348877,
    "complex_pde": 0.4521448314189911,
    "complex_ipde": 0.5225686430931091,
    "chains_ptm": {
        "0": 0.9406558871269226,
        "1": 0.9858188629150391
    },
    "pair_chains_iptm": {
        "0": {
            "0": 0.9406558871269226,
            "1": 0.7570361495018005
        },
        "1": {
            "0": 0.9828634262084961,
            "1": 0.9858188629150391
        }
    }
}