seed,sample,ranking_score
1,0,0.939091586085306
1,1,0.9434659882605844
1,2,0.9596347602268179
1,3,0.93825665107465
1,4,0.9493177043682568
