seed,sample,ranking_score
1,0,0.7957438983675179
1,1,0.7728614194142323
1,2,0.796117974793824
1,3,0.7969204860095408
1,4,0.778287674737351
