{
    "confidence_score": 0.9209405779838562,
    "ptm": 0.9615073204040527,
    "iptm": 0.8357177972793579,
    "ligand_iptm": 0.8357177972793579,
    "protein_iptm": 0.0,
    "complex_plddt": 0.9422462582588196,
    "complex_iplddt": 0.8627949953079224,
    "complex_pde": 0.46119359135627747,
    "complex_ipde": 2.168914556503296,
    "chains_ptm": {
        "0": 0.9665637612342834,
        "1": 0.9443886280059814
    },
    "pair_chains_iptm": {
        "0": {
            "0": 0.9665637612342834,
            "1": 0.34876346588134766
        },
        "1": {
            "0": 0.8357177972793579,
            "1": 0.9443886280059814
        }
    }
}