seed,sample,ranking_score
1,0,0.6809845727595345
1,1,0.6906365235596139
1,2,0.714333199168358
1,3,0.6846926569113685
1,4,0.6788636534956098
