{
    "confidence_score": 0.946297824382782,
    "ptm": 0.9458593130111694,
    "iptm": 0.9216368198394775,
    "ligand_iptm": 0.9216368198394775,
    "protein_iptm": 0.0,
    "complex_plddt": 0.9524630308151245,
    "complex_iplddt": 0.9251828193664551,
    "complex_pde": 0.45579609274864197,
    "complex_ipde": 1.094424843788147,
    "chains_ptm": {
        "0": 0.9469162821769714,
        "1": 0.9818000793457031
    },
    "pair_chains_iptm": {
        "0": {
            "0": 0.9469162821769714,
            "1": 0.49826642870903015
        },
        "1": {
            "0": 0.9216368198394775,
            "1": 0.9818000793457031
        }
    }
}