{
    "confidence_score": 0.894273579120636,
    "ptm": 0.9305194020271301,
    "iptm": 0.6980904340744019,
    "ligand_iptm": 0.6980904340744019,
    "protein_iptm": 0.0,
    "complex_plddt": 0.9433193206787109,
    "complex_iplddt": 0.869314432144165,
    "complex_pde": 0.7827925682067871,
    "complex_ipde": 4.851700782775879,
    "chains_ptm": {
        "0": 0.9447982907295227,
        "1": 0.8744492530822754
    },
    "pair_chains_iptm": {
        "0": {
            "0": 0.9447982907295227,
            "1": 0.28603875637054443
        },
        "1": {
            "0": 0.6980904340744019,
            "1": 0.8744492530822754
        }
    }
}