{
    "confidence_score": 0.933180034160614,
    "ptm": 0.9564839601516724,
    "iptm": 0.8219930529594421,
    "ligand_iptm": 0.8219930529594421,
    "protein_iptm": 0.0,
    "complex_plddt": 0.960976779460907,
    "complex_iplddt": 0.9174972772598267,
    "complex_pde": 0.47099927067756653,
    "complex_ipde": 2.2217679023742676,
    "chains_ptm": {
        "0": 0.9610740542411804,
        "1": 0.959073007106781
    },
    "pair_chains_iptm": {
        "0": {
            "0": 0.9610740542411804,
            "1": 0.32610103487968445
        },
        "1": {
            "0": 0.8219930529594421,
            "1": 0.959073007106781
        }
    }
}