{
    "confidence_score": 0.9445905685424805,
    "ptm": 0.9657397270202637,
    "iptm": 0.9483360052108765,
    "ligand_iptm": 0.9483360052108765,
    "protein_iptm": 0.0,
    "complex_plddt": 0.9436541795730591,
    "complex_iplddt": 0.8967426419258118,
    "complex_pde": 0.37332409620285034,
    "complex_ipde": 0.713732123374939,
    "chains_ptm": {
        "0": 0.9668605923652649,
        "1": 0.9450690746307373
    },
    "pair_chains_iptm": {
        "0": {
            "0": 0.9668605923652649,
            "1": 0.5569665431976318
        },
        "1": {
            "0": 0.9483360052108765,
            "1": 0.9450690746307373
        }
    }
}