{
    "confidence_score": 0.9505718350410461,
    "ptm": 0.9512969255447388,
    "iptm": 0.9441084861755371,
    "ligand_iptm": 0.9441084861755371,
    "protein_iptm": 0.0,
    "complex_plddt": 0.9521875977516174,
    "complex_iplddt": 0.9305282235145569,
    "complex_pde": 0.43567904829978943,
    "complex_ipde": 0.8235346078872681,
    "chains_ptm": {
        "0": 0.9517004489898682,
        "1": 0.9467766284942627
    },
    "pair_chains_iptm": {
        "0": {
            "0": 0.9517004489898682,
            "1": 0.5624332427978516
        },
        "1": {
            "0": 0.9441084861755371,
            "1": 0.9467766284942627
        }
    }
}