seed,sample,ranking_score
1,0,0.8960589427793734
1,1,0.8943365019538595
1,2,0.91682165049342
1,3,0.8911760461378638
1,4,0.8908158488122789
