seed,sample,ranking_score
1,0,0.9497850297201827
1,1,0.9630201981916121
1,2,0.9603120410061444
1,3,0.9523677787281587
1,4,0.9518560929051535
