seed,sample,ranking_score
1,0,0.825983101741756
1,1,0.8303806507382098
1,2,0.7865328403011093
1,3,0.822993464036305
1,4,0.8200014358842873
