{
    "confidence_score": 0.9422137141227722,
    "ptm": 0.9599025249481201,
    "iptm": 0.9072109460830688,
    "ligand_iptm": 0.9072109460830688,
    "protein_iptm": 0.0,
    "complex_plddt": 0.9509644508361816,
    "complex_iplddt": 0.899357259273529,
    "complex_pde": 0.41235876083374023,
    "complex_ipde": 1.2697964906692505,
    "chains_ptm": {
        "0": 0.9622457027435303,
        "1": 0.9652873277664185
    },
    "pair_chains_iptm": {
        "0": {
            "0": 0.9622457027435303,
            "1": 0.40881457924842834
        },
        "1": {
            "0": 0.9072109460830688,
            "1": 0.9652873277664185
        }
    }
}