{
    "confidence_score": 0.9482790231704712,
    "ptm": 0.9473085403442383,
    "iptm": 0.9737268686294556,
    "ligand_iptm": 0.9737268686294556,
    "protein_iptm": 0.0,
    "complex_plddt": 0.9419170022010803,
    "complex_iplddt": 0.9205975532531738,
    "complex_pde": 0.44455426931381226,
    "complex_ipde": 0.6225233674049377,
    "chains_ptm": {
        "0": 0.945214569568634,
        "1": 0.9654741883277893
    },
    "pair_chains_iptm": {
        "0": {
            "0": 0.945214569568634,
            "1": 0.7398300170898438
        },
        "1": {
            "0": 0.9737268686294556,
            "1": 0.9654741883277893
        }
    }
}