{
    "confidence_score": 0.9409615397453308,
    "ptm": 0.9675602912902832,
    "iptm": 0.911823034286499,
    "ligand_iptm": 0.911823034286499,
    "protein_iptm": 0.0,
    "complex_plddt": 0.9482461810112,
    "complex_iplddt": 0.9010799527168274,
    "complex_pde": 0.3884739875793457,
    "complex_ipde": 1.1666630506515503,
    "chains_ptm": {
        "0": 0.9699975848197937,
        "1": 0.9328821897506714
    },
    "pair_chains_iptm": {
        "0": {
            "0": 0.9699975848197937,
            "1": 0.40313220024108887
        },
        "1": {
            "0": 0.911823034286499,
            "1": 0.9328821897506714
        }
    }
}