seed,sample,ranking_score
44,0,0.6268870027924792
44,1,0.6046342510137797
44,2,0.5646598658172899
44,3,0.5992378431861185
44,4,0.6202775437171257
9,0,0.6074973789611923
9,1,0.5447359296107918
9,2,0.5953487843632672
9,3,0.6255696929605579
9,4,0.601342624748677
80,0,0.5916542156698966
80,1,0.6103606009243434
80,2,0.5871030920182803
80,3,0.576245082436842
80,4,0.6292273514964163
