seed,sample,ranking_score
1,0,0.8356944892441509
1,1,0.8488115714669646
1,2,0.8488183046842211
1,3,0.7999837581050727
1,4,0.803942681572251
