seed,sample,ranking_score
1,0,0.7719099460310452
1,1,0.7890235817920651
1,2,0.764245807868123
1,3,0.7649686611754187
1,4,0.7725092447064617
