{
    "confidence_score": 0.9358084797859192,
    "ptm": 0.9638055562973022,
    "iptm": 0.9745082259178162,
    "ligand_iptm": 0.9745082259178162,
    "protein_iptm": 0.0,
    "complex_plddt": 0.9261335134506226,
    "complex_iplddt": 0.8703966736793518,
    "complex_pde": 0.37617459893226624,
    "complex_ipde": 0.5168703198432922,
    "chains_ptm": {
        "0": 0.9630810022354126,
        "1": 0.9282926321029663
    },
    "pair_chains_iptm": {
        "0": {
            "0": 0.9630810022354126,
            "1": 0.6856945753097534
        },
        "1": {
            "0": 0.9745082259178162,
            "1": 0.9282926321029663
        }
    }
}