{
    "confidence_score": 0.9563956260681152,
    "ptm": 0.9648125171661377,
    "iptm": 0.9609766006469727,
    "ligand_iptm": 0.9609766006469727,
    "protein_iptm": 0.0,
    "complex_plddt": 0.9552503824234009,
    "complex_iplddt": 0.9361112713813782,
    "complex_pde": 0.37867769598960876,
    "complex_ipde": 0.6411371231079102,
    "chains_ptm": {
        "0": 0.9650460481643677,
        "1": 0.9415298104286194
    },
    "pair_chains_iptm": {
        "0": {
            "0": 0.9650460481643677,
            "1": 0.6472913026809692
        },
        "1": {
            "0": 0.9609766006469727,
            "1": 0.9415298104286194
        }
    }
}