{
    "confidence_score": 0.9413720965385437,
    "ptm": 0.9458979368209839,
    "iptm": 0.9503965377807617,
    "ligand_iptm": 0.9503965377807617,
    "protein_iptm": 0.0,
    "complex_plddt": 0.9391160607337952,
    "complex_iplddt": 0.8544029593467712,
    "complex_pde": 0.45926210284233093,
    "complex_ipde": 0.733395516872406,
    "chains_ptm": {
        "0": 0.9457074403762817,
        "1": 0.935612678527832
    },
    "pair_chains_iptm": {
        "0": {
            "0": 0.9457074403762817,
            "1": 0.6014858484268188
        },
        "1": {
            "0": 0.9503965377807617,
            "1": 0.935612678527832
        }
    }
}