{
    "confidence_score": 0.9416537284851074,
    "ptm": 0.962926983833313,
    "iptm": 0.8962854743003845,
    "ligand_iptm": 0.8962854743003845,
    "protein_iptm": 0.0,
    "complex_plddt": 0.9529958367347717,
    "complex_iplddt": 0.9172921180725098,
    "complex_pde": 0.4244990050792694,
    "complex_ipde": 1.3318370580673218,
    "chains_ptm": {
        "0": 0.9670616388320923,
        "1": 0.9419379830360413
    },
    "pair_chains_iptm": {
        "0": {
            "0": 0.9670616388320923,
            "1": 0.37028414011001587
        },
        "1": {
            "0": 0.8962854743003845,
            "1": 0.9419379830360413
        }
    }
}