{
    "confidence_score": 0.959799587726593,
    "ptm": 0.9623212814331055,
    "iptm": 0.9765945672988892,
    "ligand_iptm": 0.9765945672988892,
    "protein_iptm": 0.0,
    "complex_plddt": 0.9556008577346802,
    "complex_iplddt": 0.9428008198738098,
    "complex_pde": 0.36965733766555786,
    "complex_ipde": 0.5155259966850281,
    "chains_ptm": {
        "0": 0.961634635925293,
        "1": 0.9570714831352234
    },
    "pair_chains_iptm": {
        "0": {
            "0": 0.961634635925293,
            "1": 0.7083514928817749
        },
        "1": {
            "0": 0.9765945672988892,
            "1": 0.9570714831352234
        }
    }
}