{
    "confidence_score": 0.952942967414856,
    "ptm": 0.9671109914779663,
    "iptm": 0.9755827188491821,
    "ligand_iptm": 0.9755827188491821,
    "protein_iptm": 0.0,
    "complex_plddt": 0.9472829699516296,
    "complex_iplddt": 0.9316719770431519,
    "complex_pde": 0.35417237877845764,
    "complex_ipde": 0.5217464566230774,
    "chains_ptm": {
        "0": 0.9667448997497559,
        "1": 0.9575879573822021
    },
    "pair_chains_iptm": {
        "0": {
            "0": 0.9667448997497559,
            "1": 0.7083693742752075
        },
        "1": {
            "0": 0.9755827188491821,
            "1": 0.9575879573822021
        }
    }
}