seed,sample,ranking_score
1,0,0.8635271320046967
1,1,0.8387957422266481
1,2,0.9051395950876566
1,3,0.8875231786606044
1,4,0.8837377910643469
