{
    "confidence_score": 0.9472381472587585,
    "ptm": 0.9461947679519653,
    "iptm": 0.9587326049804688,
    "ligand_iptm": 0.9587326049804688,
    "protein_iptm": 0.0,
    "complex_plddt": 0.9443644881248474,
    "complex_iplddt": 0.9342707991600037,
    "complex_pde": 0.4557567834854126,
    "complex_ipde": 0.7074581980705261,
    "chains_ptm": {
        "0": 0.945134162902832,
        "1": 0.8745436668395996
    },
    "pair_chains_iptm": {
        "0": {
            "0": 0.945134162902832,
            "1": 0.5896281599998474
        },
        "1": {
            "0": 0.9587326049804688,
            "1": 0.8745436668395996
        }
    }
}