seed,sample,ranking_score
1,0,0.8290880571499417
1,1,0.8432443281183645
1,2,0.8416396309868395
1,3,0.810960815801945
1,4,0.8177236930489724
