{
    "confidence_score": 0.9558776021003723,
    "ptm": 0.9469107985496521,
    "iptm": 0.9436566233634949,
    "ligand_iptm": 0.9436566233634949,
    "protein_iptm": 0.0,
    "complex_plddt": 0.9589328169822693,
    "complex_iplddt": 0.9127152562141418,
    "complex_pde": 0.4493114650249481,
    "complex_ipde": 0.7738431692123413,
    "chains_ptm": {
        "0": 0.9471750855445862,
        "1": 0.9461063742637634
    },
    "pair_chains_iptm": {
        "0": {
            "0": 0.9471750855445862,
            "1": 0.5755243301391602
        },
        "1": {
            "0": 0.9436566233634949,
            "1": 0.9461063742637634
        }
    }
}