seed,sample,ranking_score
1,0,0.9048578572078292
1,1,0.8969886030598858
1,2,0.9235134023804681
1,3,0.8842673963330142
1,4,0.9075638097293567
