seed,sample,ranking_score
1,0,0.8414281125422292
1,1,0.8727068290416898
1,2,0.8034273350661204
1,3,0.846910781552747
1,4,0.8350771586125213
