{
    "confidence_score": 0.9506781697273254,
    "ptm": 0.9442445039749146,
    "iptm": 0.9401043653488159,
    "ligand_iptm": 0.9401043653488159,
    "protein_iptm": 0.0,
    "complex_plddt": 0.953321635723114,
    "complex_iplddt": 0.9101797938346863,
    "complex_pde": 0.46491363644599915,
    "complex_ipde": 0.8781947493553162,
    "chains_ptm": {
        "0": 0.9444423913955688,
        "1": 0.9722997546195984
    },
    "pair_chains_iptm": {
        "0": {
            "0": 0.9444423913955688,
            "1": 0.6043153405189514
        },
        "1": {
            "0": 0.9401043653488159,
            "1": 0.9722997546195984
        }
    }
}