seed,sample,ranking_score
1,0,0.8027495805465419
1,1,0.8183020730335692
1,2,0.7915317390195176
1,3,0.8000869775191443
1,4,0.7661015358473293
