seed,sample,ranking_score
44,0,0.8494712054503915
44,1,0.8943297070725977
44,2,0.8562778852112681
44,3,0.8431548976077436
44,4,0.8826649331869543
9,0,0.8613822919303394
9,1,0.8541827960082119
9,2,0.873588357407646
9,3,0.871233317905534
9,4,0.8590740873249052
80,0,0.8688285723945504
80,1,0.8480966324282536
80,2,0.8383442330166742
80,3,0.8621134166713458
80,4,0.8704256539911824
