{
    "confidence_score": 0.9401365518569946,
    "ptm": 0.9447623491287231,
    "iptm": 0.9545325040817261,
    "ligand_iptm": 0.9545325040817261,
    "protein_iptm": 0.0,
    "complex_plddt": 0.9365375638008118,
    "complex_iplddt": 0.8777989745140076,
    "complex_pde": 0.46319061517715454,
    "complex_ipde": 0.7543867826461792,
    "chains_ptm": {
        "0": 0.9440210461616516,
        "1": 0.949508011341095
    },
    "pair_chains_iptm": {
        "0": {
            "0": 0.9440210461616516,
            "1": 0.6682724356651306
        },
        "1": {
            "0": 0.9545325040817261,
            "1": 0.949508011341095
        }
    }
}