seed,sample,ranking_score
1,0,0.938893429510792
1,1,0.9548722430844431
1,2,0.9496094274890347
1,3,0.9355910719390828
1,4,0.9330719120030004
