{
    "confidence_score": 0.9611836671829224,
    "ptm": 0.961182713508606,
    "iptm": 0.9749721884727478,
    "ligand_iptm": 0.9749721884727478,
    "protein_iptm": 0.0,
    "complex_plddt": 0.9577364921569824,
    "complex_iplddt": 0.9544429779052734,
    "complex_pde": 0.3764899969100952,
    "complex_ipde": 0.5310594439506531,
    "chains_ptm": {
        "0": 0.9601242542266846,
        "1": 0.9648995995521545
    },
    "pair_chains_iptm": {
        "0": {
            "0": 0.9601242542266846,
            "1": 0.730976939201355
        },
        "1": {
            "0": 0.9749721884727478,
            "1": 0.9648995995521545
        }
    }
}