seed,sample,ranking_score
1,0,0.9338750031500034
1,1,0.9556506593650665
1,2,0.9560938332933953
1,3,0.9464175268055781
1,4,0.9466213754017522
