{
    "confidence_score": 0.9485416412353516,
    "ptm": 0.9668232202529907,
    "iptm": 0.9442068934440613,
    "ligand_iptm": 0.9442068934440613,
    "protein_iptm": 0.0,
    "complex_plddt": 0.9496253132820129,
    "complex_iplddt": 0.8795034885406494,
    "complex_pde": 0.37054938077926636,
    "complex_ipde": 0.7213779091835022,
    "chains_ptm": {
        "0": 0.968194305896759,
        "1": 0.9643238186836243
    },
    "pair_chains_iptm": {
        "0": {
            "0": 0.968194305896759,
            "1": 0.5532128214836121
        },
        "1": {
            "0": 0.9442068934440613,
            "1": 0.9643238186836243
        }
    }
}