{
    "confidence_score": 0.9229719042778015,
    "ptm": 0.9422733187675476,
    "iptm": 0.923058807849884,
    "ligand_iptm": 0.923058807849884,
    "protein_iptm": 0.0,
    "complex_plddt": 0.9229501485824585,
    "complex_iplddt": 0.8005427718162537,
    "complex_pde": 0.4925899803638458,
    "complex_ipde": 0.9495338201522827,
    "chains_ptm": {
        "0": 0.9441930651664734,
        "1": 0.8543895483016968
    },
    "pair_chains_iptm": {
        "0": {
            "0": 0.9441930651664734,
            "1": 0.4599137604236603
        },
        "1": {
            "0": 0.923058807849884,
            "1": 0.8543895483016968
        }
    }
}