{
    "confidence_score": 0.928531289100647,
    "ptm": 0.9626538157463074,
    "iptm": 0.976021945476532,
    "ligand_iptm": 0.976021945476532,
    "protein_iptm": 0.0,
    "complex_plddt": 0.9166586399078369,
    "complex_iplddt": 0.8261644840240479,
    "complex_pde": 0.37677448987960815,
    "complex_ipde": 0.5155079364776611,
    "chains_ptm": {
        "0": 0.961708664894104,
        "1": 0.9623080492019653
    },
    "pair_chains_iptm": {
        "0": {
            "0": 0.961708664894104,
            "1": 0.7177385687828064
        },
        "1": {
            "0": 0.976021945476532,
            "1": 0.9623080492019653
        }
    }
}