{
    "confidence_score": 0.9326836466789246,
    "ptm": 0.956264078617096,
    "iptm": 0.9264525175094604,
    "ligand_iptm": 0.9264525175094604,
    "protein_iptm": 0.0,
    "complex_plddt": 0.9342414736747742,
    "complex_iplddt": 0.849818229675293,
    "complex_pde": 0.4309570789337158,
    "complex_ipde": 0.8556602597236633,
    "chains_ptm": {
        "0": 0.958947479724884,
        "1": 0.890230655670166
    },
    "pair_chains_iptm": {
        "0": {
            "0": 0.958947479724884,
            "1": 0.4124961495399475
        },
        "1": {
            "0": 0.9264525175094604,
            "1": 0.890230655670166
        }
    }
}