seed,sample,ranking_score
44,0,0.7919348542791353
44,1,0.7684111041327658
44,2,0.7171951683884451
44,3,0.7806188350728058
44,4,0.7561630158743539
9,0,0.7678843853359176
9,1,0.7400308174991741
9,2,0.8004351062351693
9,3,0.8329758165673955
9,4,0.72641975909957
80,0,0.7567227148548594
80,1,0.7732338935465918
80,2,0.724602554667434
80,3,0.7521235752201838
80,4,0.7446158676198771
