seed,sample,ranking_score
44,0,0.7723721952575243
44,1,0.7673702079593511
44,2,0.7381654488238034
44,3,0.7878461535837529
44,4,0.7858989972377012
9,0,0.7830004238431918
9,1,0.799380437292348
9,2,0.7865094500984425
9,3,0.7385984478681734
9,4,0.78792531848463
80,0,0.7639936233117411
80,1,0.808258974435978
80,2,0.7473877775513756
80,3,0.7408096893569122
80,4,0.7479323728598422
