{
    "confidence_score": 0.9460094571113586,
    "ptm": 0.9524359107017517,
    "iptm": 0.9567262530326843,
    "ligand_iptm": 0.9567262530326843,
    "protein_iptm": 0.0,
    "complex_plddt": 0.9433302879333496,
    "complex_iplddt": 0.901168942451477,
    "complex_pde": 0.4324745237827301,
    "complex_ipde": 0.7356855273246765,
    "chains_ptm": {
        "0": 0.9525086283683777,
        "1": 0.9000055193901062
    },
    "pair_chains_iptm": {
        "0": {
            "0": 0.9525086283683777,
            "1": 0.5218908190727234
        },
        "1": {
            "0": 0.9567262530326843,
            "1": 0.9000055193901062
        }
    }
}