{
    "confidence_score": 0.9596527218818665,
    "ptm": 0.9552685022354126,
    "iptm": 0.9820906519889832,
    "ligand_iptm": 0.9820906519889832,
    "protein_iptm": 0.0,
    "complex_plddt": 0.9540432095527649,
    "complex_iplddt": 0.9493942856788635,
    "complex_pde": 0.39060327410697937,
    "complex_ipde": 0.47528743743896484,
    "chains_ptm": {
        "0": 0.9541144967079163,
        "1": 0.9361194968223572
    },
    "pair_chains_iptm": {
        "0": {
            "0": 0.9541144967079163,
            "1": 0.5839607119560242
        },
        "1": {
            "0": 0.9820906519889832,
            "1": 0.9361194968223572
        }
    }
}