seed,sample,ranking_score
1,0,0.7967401339510655
1,1,0.8376649764139199
1,2,0.8591233999250248
1,3,0.8124939820116733
1,4,0.8504239249155859
