{
    "confidence_score": 0.9542657732963562,
    "ptm": 0.9632696509361267,
    "iptm": 0.9290478825569153,
    "ligand_iptm": 0.9290478825569153,
    "protein_iptm": 0.0,
    "complex_plddt": 0.9605702757835388,
    "complex_iplddt": 0.9431347846984863,
    "complex_pde": 0.3931429982185364,
    "complex_ipde": 0.9023151397705078,
    "chains_ptm": {
        "0": 0.9653851389884949,
        "1": 0.9002029299736023
    },
    "pair_chains_iptm": {
        "0": {
            "0": 0.9653851389884949,
            "1": 0.5088016986846924
        },
        "1": {
            "0": 0.9290478825569153,
            "1": 0.9002029299736023
        }
    }
}