{
    "confidence_score": 0.9523528218269348,
    "ptm": 0.9649771451950073,
    "iptm": 0.9524954557418823,
    "ligand_iptm": 0.9524954557418823,
    "protein_iptm": 0.0,
    "complex_plddt": 0.9523171186447144,
    "complex_iplddt": 0.9090412855148315,
    "complex_pde": 0.36782315373420715,
    "complex_ipde": 0.6564271450042725,
    "chains_ptm": {
        "0": 0.9656822085380554,
        "1": 0.9202499985694885
    },
    "pair_chains_iptm": {
        "0": {
            "0": 0.9656822085380554,
            "1": 0.48199471831321716
        },
        "1": {
            "0": 0.9524954557418823,
            "1": 0.9202499985694885
        }
    }
}