{
    "confidence_score": 0.94281405210495,
    "ptm": 0.9586070775985718,
    "iptm": 0.9752395749092102,
    "ligand_iptm": 0.9752395749092102,
    "protein_iptm": 0.0,
    "complex_plddt": 0.9347076416015625,
    "complex_iplddt": 0.9134154915809631,
    "complex_pde": 0.38722988963127136,
    "complex_ipde": 0.5167276263237,
    "chains_ptm": {
        "0": 0.9571870565414429,
        "1": 0.9701281189918518
    },
    "pair_chains_iptm": {
        "0": {
            "0": 0.9571870565414429,
            "1": 0.7656011581420898
        },
        "1": {
            "0": 0.9752395749092102,
            "1": 0.9701281189918518
        }
    }
}