seed,sample,ranking_score
44,0,0.9761234186990136
44,1,0.9775765158940549
44,2,0.9566634201564298
44,3,0.9605738679684056
44,4,0.9621012062765263
9,0,0.9539250862532517
9,1,0.9596585126158265
9,2,0.9523555241139882
9,3,0.9559593992828247
9,4,0.9552555712326979
80,0,0.919698828474106
80,1,0.9313092975506023
80,2,0.9167116237490194
80,3,0.9220148212908886
80,4,0.9201912486652617
