{
    "confidence_score": 0.9490882158279419,
    "ptm": 0.9636624455451965,
    "iptm": 0.9652155041694641,
    "ligand_iptm": 0.9652155041694641,
    "protein_iptm": 0.0,
    "complex_plddt": 0.9450563788414001,
    "complex_iplddt": 0.9086864590644836,
    "complex_pde": 0.3769878149032593,
    "complex_ipde": 0.5734376311302185,
    "chains_ptm": {
        "0": 0.9635623097419739,
        "1": 0.9369911551475525
    },
    "pair_chains_iptm": {
        "0": {
            "0": 0.9635623097419739,
            "1": 0.6570224165916443
        },
        "1": {
            "0": 0.9652155041694641,
            "1": 0.9369911551475525
        }
    }
}