seed,sample,ranking_score
1,0,0.8243564654517228
1,1,0.8490252598761769
1,2,0.846131278221721
1,3,0.8251918623744431
1,4,0.8253085431212538
