{
    "confidence_score": 0.9430940747261047,
    "ptm": 0.9659743309020996,
    "iptm": 0.9078763723373413,
    "ligand_iptm": 0.9078763723373413,
    "protein_iptm": 0.0,
    "complex_plddt": 0.951898455619812,
    "complex_iplddt": 0.9170622825622559,
    "complex_pde": 0.40020012855529785,
    "complex_ipde": 1.3617894649505615,
    "chains_ptm": {
        "0": 0.9683581590652466,
        "1": 0.9862481951713562
    },
    "pair_chains_iptm": {
        "0": {
            "0": 0.9683581590652466,
            "1": 0.5477551221847534
        },
        "1": {
            "0": 0.9078763723373413,
            "1": 0.9862481951713562
        }
    }
}