seed,sample,ranking_score
44,0,0.9059901090084705
44,1,0.9101970909846632
44,2,0.8849042692737644
44,3,0.9066898700303456
44,4,0.8834864702901669
9,0,0.8761238267956346
9,1,0.8732758112650518
9,2,0.8730510783861393
9,3,0.8792588380466176
9,4,0.8735831538322034
80,0,0.8759011703556617
80,1,0.8844125590544556
80,2,0.8702793693955394
80,3,0.8762137728317433
80,4,0.8717876477584198
