{
    "confidence_score": 0.9589213728904724,
    "ptm": 0.9603438973426819,
    "iptm": 0.9700019955635071,
    "ligand_iptm": 0.9700019955635071,
    "protein_iptm": 0.0,
    "complex_plddt": 0.9561511874198914,
    "complex_iplddt": 0.9456629753112793,
    "complex_pde": 0.3893430233001709,
    "complex_ipde": 0.5779836177825928,
    "chains_ptm": {
        "0": 0.9599011540412903,
        "1": 0.9735442996025085
    },
    "pair_chains_iptm": {
        "0": {
            "0": 0.9599011540412903,
            "1": 0.6961979269981384
        },
        "1": {
            "0": 0.9700019955635071,
            "1": 0.9735442996025085
        }
    }
}