seed,sample,ranking_score
1,0,0.7830406624675771
1,1,0.7959134412104656
1,2,0.8246754378120236
1,3,0.7741593064419102
1,4,0.8032069698799625
