{
    "confidence_score": 0.939771831035614,
    "ptm": 0.9425731897354126,
    "iptm": 0.9357670545578003,
    "ligand_iptm": 0.9357670545578003,
    "protein_iptm": 0.0,
    "complex_plddt": 0.940773069858551,
    "complex_iplddt": 0.8980194926261902,
    "complex_pde": 0.49285823106765747,
    "complex_ipde": 0.9160451889038086,
    "chains_ptm": {
        "0": 0.943061888217926,
        "1": 0.9264233112335205
    },
    "pair_chains_iptm": {
        "0": {
            "0": 0.943061888217926,
            "1": 0.522760808467865
        },
        "1": {
            "0": 0.9357670545578003,
            "1": 0.9264233112335205
        }
    }
}