{
    "confidence_score": 0.9599491953849792,
    "ptm": 0.9712516665458679,
    "iptm": 0.9831761717796326,
    "ligand_iptm": 0.9831761717796326,
    "protein_iptm": 0.0,
    "complex_plddt": 0.9541425108909607,
    "complex_iplddt": 0.9361233115196228,
    "complex_pde": 0.32423824071884155,
    "complex_ipde": 0.47267186641693115,
    "chains_ptm": {
        "0": 0.9708629846572876,
        "1": 0.9762982726097107
    },
    "pair_chains_iptm": {
        "0": {
            "0": 0.9708629846572876,
            "1": 0.737308144569397
        },
        "1": {
            "0": 0.9831761717796326,
            "1": 0.9762982726097107
        }
    }
}