seed,sample,ranking_score
1,0,0.9407741838172735
1,1,0.9659852101258123
1,2,0.964818214524274
1,3,0.9412427392134212
1,4,0.9485949391561657
