{
    "confidence_score": 0.9447061419487,
    "ptm": 0.9650174379348755,
    "iptm": 0.9037624001502991,
    "ligand_iptm": 0.9037624001502991,
    "protein_iptm": 0.0,
    "complex_plddt": 0.9549421072006226,
    "complex_iplddt": 0.9148081541061401,
    "complex_pde": 0.39208856225013733,
    "complex_ipde": 1.2837833166122437,
    "chains_ptm": {
        "0": 0.9676628112792969,
        "1": 0.9650603532791138
    },
    "pair_chains_iptm": {
        "0": {
            "0": 0.9676628112792969,
            "1": 0.4051664471626282
        },
        "1": {
            "0": 0.9037624001502991,
            "1": 0.9650603532791138
        }
    }
}