seed,sample,ranking_score
1,0,0.8274120486153705
1,1,0.8274923410965841
1,2,0.8404823812156398
1,3,0.8409385377507285
1,4,0.8380999355884653
