{
    "confidence_score": 0.930945098400116,
    "ptm": 0.9396874308586121,
    "iptm": 0.8622444868087769,
    "ligand_iptm": 0.8622444868087769,
    "protein_iptm": 0.0,
    "complex_plddt": 0.9481202960014343,
    "complex_iplddt": 0.8822258114814758,
    "complex_pde": 0.5350951552391052,
    "complex_ipde": 1.9960135221481323,
    "chains_ptm": {
        "0": 0.9430273175239563,
        "1": 0.9434694647789001
    },
    "pair_chains_iptm": {
        "0": {
            "0": 0.9430273175239563,
            "1": 0.3151416480541229
        },
        "1": {
            "0": 0.8622444868087769,
            "1": 0.9434694647789001
        }
    }
}