{
    "confidence_score": 0.92426598072052,
    "ptm": 0.9567855000495911,
    "iptm": 0.8776622414588928,
    "ligand_iptm": 0.8776622414588928,
    "protein_iptm": 0.0,
    "complex_plddt": 0.9359168410301208,
    "complex_iplddt": 0.8768365383148193,
    "complex_pde": 0.4361743628978729,
    "complex_ipde": 1.260711908340454,
    "chains_ptm": {
        "0": 0.9609664678573608,
        "1": 0.9432302117347717
    },
    "pair_chains_iptm": {
        "0": {
            "0": 0.9609664678573608,
            "1": 0.4782261252403259
        },
        "1": {
            "0": 0.8776622414588928,
            "1": 0.9432302117347717
        }
    }
}