{
    "confidence_score": 0.9540168642997742,
    "ptm": 0.9472106099128723,
    "iptm": 0.9617817401885986,
    "ligand_iptm": 0.9617817401885986,
    "protein_iptm": 0.0,
    "complex_plddt": 0.9520756006240845,
    "complex_iplddt": 0.909456729888916,
    "complex_pde": 0.4448291063308716,
    "complex_ipde": 0.6968268156051636,
    "chains_ptm": {
        "0": 0.9467132687568665,
        "1": 0.9782791137695312
    },
    "pair_chains_iptm": {
        "0": {
            "0": 0.9467132687568665,
            "1": 0.616538941860199
        },
        "1": {
            "0": 0.9617817401885986,
            "1": 0.9782791137695312
        }
    }
}