{
    "confidence_score": 0.9320883750915527,
    "ptm": 0.9402931928634644,
    "iptm": 0.8584288358688354,
    "ligand_iptm": 0.8584288358688354,
    "protein_iptm": 0.0,
    "complex_plddt": 0.9505032896995544,
    "complex_iplddt": 0.8554980158805847,
    "complex_pde": 0.5214949250221252,
    "complex_ipde": 1.4077082872390747,
    "chains_ptm": {
        "0": 0.9446181058883667,
        "1": 0.9481340646743774
    },
    "pair_chains_iptm": {
        "0": {
            "0": 0.9446181058883667,
            "1": 0.3889939486980438
        },
        "1": {
            "0": 0.8584288358688354,
            "1": 0.9481340646743774
        }
    }
}