{
    "confidence_score": 0.9366678595542908,
    "ptm": 0.9396299123764038,
    "iptm": 0.9158127307891846,
    "ligand_iptm": 0.9158127307891846,
    "protein_iptm": 0.0,
    "complex_plddt": 0.9418816566467285,
    "complex_iplddt": 0.8782081007957458,
    "complex_pde": 0.4968852698802948,
    "complex_ipde": 1.1455821990966797,
    "chains_ptm": {
        "0": 0.9413223266601562,
        "1": 0.9494951367378235
    },
    "pair_chains_iptm": {
        "0": {
            "0": 0.9413223266601562,
            "1": 0.490510493516922
        },
        "1": {
            "0": 0.9158127307891846,
            "1": 0.9494951367378235
        }
    }
}