seed,sample,ranking_score
1,0,0.7504023873346882
1,1,0.5921301875277344
1,2,0.7664174432916624
1,3,0.7562621629706714
1,4,0.7579488886899629
