seed,sample,ranking_score
1,0,0.7661522328213177
1,1,0.7788450225853458
1,2,0.8081684679676654
1,3,0.7467192736197621
1,4,0.8035709501169246
