{
    "confidence_score": 0.9248742461204529,
    "ptm": 0.9486053586006165,
    "iptm": 0.9397346377372742,
    "ligand_iptm": 0.9397346377372742,
    "protein_iptm": 0.0,
    "complex_plddt": 0.9211590886116028,
    "complex_iplddt": 0.8034628629684448,
    "complex_pde": 0.4656088054180145,
    "complex_ipde": 0.8750078678131104,
    "chains_ptm": {
        "0": 0.9499455690383911,
        "1": 0.8760978579521179
    },
    "pair_chains_iptm": {
        "0": {
            "0": 0.9499455690383911,
            "1": 0.5142288208007812
        },
        "1": {
            "0": 0.9397346377372742,
            "1": 0.8760978579521179
        }
    }
}