{
    "confidence_score": 0.9456329345703125,
    "ptm": 0.9647780656814575,
    "iptm": 0.9685046076774597,
    "ligand_iptm": 0.9685046076774597,
    "protein_iptm": 0.0,
    "complex_plddt": 0.9399150609970093,
    "complex_iplddt": 0.8972872495651245,
    "complex_pde": 0.3610597550868988,
    "complex_ipde": 0.5412185192108154,
    "chains_ptm": {
        "0": 0.9646490812301636,
        "1": 0.9331616163253784
    },
    "pair_chains_iptm": {
        "0": {
            "0": 0.9646490812301636,
            "1": 0.5601584911346436
        },
        "1": {
            "0": 0.9685046076774597,
            "1": 0.9331616163253784
        }
    }
}