{
    "confidence_score": 0.9349493384361267,
    "ptm": 0.9544727206230164,
    "iptm": 0.8465039134025574,
    "ligand_iptm": 0.8465039134025574,
    "protein_iptm": 0.0,
    "complex_plddt": 0.9570606350898743,
    "complex_iplddt": 0.8755733966827393,
    "complex_pde": 0.4765319228172302,
    "complex_ipde": 2.0971338748931885,
    "chains_ptm": {
        "0": 0.958555281162262,
        "1": 0.9625630378723145
    },
    "pair_chains_iptm": {
        "0": {
            "0": 0.958555281162262,
            "1": 0.3661927282810211
        },
        "1": {
            "0": 0.8465039134025574,
            "1": 0.9625630378723145
        }
    }
}