{
    "confidence_score": 0.9441697001457214,
    "ptm": 0.9608765840530396,
    "iptm": 0.9582738280296326,
    "ligand_iptm": 0.9582738280296326,
    "protein_iptm": 0.0,
    "complex_plddt": 0.9406437277793884,
    "complex_iplddt": 0.9129656553268433,
    "complex_pde": 0.3862323760986328,
    "complex_ipde": 0.6840081214904785,
    "chains_ptm": {
        "0": 0.961040198802948,
        "1": 0.9884443879127502
    },
    "pair_chains_iptm": {
        "0": {
            "0": 0.961040198802948,
            "1": 0.658116340637207
        },
        "1": {
            "0": 0.9582738280296326,
            "1": 0.9884443879127502
        }
    }
}