seed,sample,ranking_score
1,0,0.8600674947158862
1,1,0.8500663187102943
1,2,0.8677316139604266
1,3,0.8436424563751866
1,4,0.8641918461542711
