{
    "confidence_score": 0.9651126861572266,
    "ptm": 0.949431300163269,
    "iptm": 0.9865126609802246,
    "ligand_iptm": 0.9865126609802246,
    "protein_iptm": 0.0,
    "complex_plddt": 0.9597627520561218,
    "complex_iplddt": 0.9658244252204895,
    "complex_pde": 0.424648255109787,
    "complex_ipde": 0.4910154938697815,
    "chains_ptm": {
        "0": 0.9475621581077576,
        "1": 0.9818344712257385
    },
    "pair_chains_iptm": {
        "0": {
            "0": 0.9475621581077576,
            "1": 0.803027331829071
        },
        "1": {
            "0": 0.9865126609802246,
            "1": 0.9818344712257385
        }
    }
}