seed,sample,ranking_score
1,0,0.8796789356590147
1,1,0.8792187183409677
1,2,0.9038051626103396
1,3,0.8722432518897207
1,4,0.8966450379380402
