{
    "confidence_score": 0.9423766136169434,
    "ptm": 0.9617056250572205,
    "iptm": 0.9707996249198914,
    "ligand_iptm": 0.9707996249198914,
    "protein_iptm": 0.0,
    "complex_plddt": 0.9352709054946899,
    "complex_iplddt": 0.9270293116569519,
    "complex_pde": 0.389459490776062,
    "complex_ipde": 0.5577704906463623,
    "chains_ptm": {
        "0": 0.9609224796295166,
        "1": 0.8899775147438049
    },
    "pair_chains_iptm": {
        "0": {
            "0": 0.9609224796295166,
            "1": 0.5807667970657349
        },
        "1": {
            "0": 0.9707996249198914,
            "1": 0.8899775147438049
        }
    }
}