seed,sample,ranking_score
1,0,0.8286020106670415
1,1,0.8652549955122748
1,2,0.8475769187756911
1,3,0.8472838085795171
1,4,0.8378381546606138
