{
    "confidence_score": 0.9138167500495911,
    "ptm": 0.9445409774780273,
    "iptm": 0.8915210962295532,
    "ligand_iptm": 0.8915210962295532,
    "protein_iptm": 0.0,
    "complex_plddt": 0.9193906784057617,
    "complex_iplddt": 0.8461328744888306,
    "complex_pde": 0.49696069955825806,
    "complex_ipde": 1.183497428894043,
    "chains_ptm": {
        "0": 0.9489534497261047,
        "1": 0.9126898050308228
    },
    "pair_chains_iptm": {
        "0": {
            "0": 0.9489534497261047,
            "1": 0.5474668145179749
        },
        "1": {
            "0": 0.8915210962295532,
            "1": 0.9126898050308228
        }
    }
}