seed,sample,ranking_score
44,0,0.869765535634021
44,1,0.8948498735890448
44,2,0.8810144624173046
44,3,0.8960059879041733
44,4,0.8871151726721413
9,0,0.8597202842469395
9,1,0.8784285675115129
9,2,0.89211589166452
9,3,0.8068233308276872
9,4,0.8813333856606255
80,0,0.8686117611765756
80,1,0.8890688721526008
80,2,0.871675060588055
80,3,0.8752946649902613
80,4,0.845829252533468
