{
    "confidence_score": 0.9576269388198853,
    "ptm": 0.9475579857826233,
    "iptm": 0.9649074077606201,
    "ligand_iptm": 0.9649074077606201,
    "protein_iptm": 0.0,
    "complex_plddt": 0.9558067321777344,
    "complex_iplddt": 0.9439702033996582,
    "complex_pde": 0.4557862877845764,
    "complex_ipde": 0.6560139060020447,
    "chains_ptm": {
        "0": 0.9465832114219666,
        "1": 0.9718648195266724
    },
    "pair_chains_iptm": {
        "0": {
            "0": 0.9465832114219666,
            "1": 0.6655974388122559
        },
        "1": {
            "0": 0.9649074077606201,
            "1": 0.9718648195266724
        }
    }
}