seed,sample,ranking_score
1,0,0.7462683717786339
1,1,0.7040350324604882
1,2,0.7673573015777992
1,3,0.72000120143049
1,4,0.7474327840446
