seed,sample,ranking_score
1,0,0.899898085273095
1,1,0.89756141356282
1,2,0.9213412339092767
1,3,0.8966712546490293
1,4,0.909034572163055
