seed,sample,ranking_score
1,0,0.8208084254900875
1,1,0.833522380661087
1,2,0.8010961687673301
1,3,0.816018071178009
1,4,0.8364771568877698
