{
    "confidence_score": 0.9506987929344177,
    "ptm": 0.9559412598609924,
    "iptm": 0.9506121873855591,
    "ligand_iptm": 0.9506121873855591,
    "protein_iptm": 0.0,
    "complex_plddt": 0.9507204294204712,
    "complex_iplddt": 0.9256718158721924,
    "complex_pde": 0.4010460376739502,
    "complex_ipde": 0.6822690963745117,
    "chains_ptm": {
        "0": 0.9562752842903137,
        "1": 0.923383355140686
    },
    "pair_chains_iptm": {
        "0": {
            "0": 0.9562752842903137,
            "1": 0.4918610155582428
        },
        "1": {
            "0": 0.9506121873855591,
            "1": 0.923383355140686
        }
    }
}