seed,sample,ranking_score
1,0,0.871740389162292
1,1,0.8792227185432611
1,2,0.900865935051803
1,3,0.878682158966306
1,4,0.8971358010593844
