{
    "confidence_score": 0.9520751237869263,
    "ptm": 0.9625616073608398,
    "iptm": 0.9607455134391785,
    "ligand_iptm": 0.9607455134391785,
    "protein_iptm": 0.0,
    "complex_plddt": 0.9499075412750244,
    "complex_iplddt": 0.9339232444763184,
    "complex_pde": 0.37560656666755676,
    "complex_ipde": 0.7220861315727234,
    "chains_ptm": {
        "0": 0.9626942873001099,
        "1": 0.9713065028190613
    },
    "pair_chains_iptm": {
        "0": {
            "0": 0.9626942873001099,
            "1": 0.5564233660697937
        },
        "1": {
            "0": 0.9607455134391785,
            "1": 0.9713065028190613
        }
    }
}