{
    "confidence_score": 0.9475156664848328,
    "ptm": 0.9648953676223755,
    "iptm": 0.9667350053787231,
    "ligand_iptm": 0.9667350053787231,
    "protein_iptm": 0.0,
    "complex_plddt": 0.942710816860199,
    "complex_iplddt": 0.9300064444541931,
    "complex_pde": 0.37783074378967285,
    "complex_ipde": 0.5972474813461304,
    "chains_ptm": {
        "0": 0.9649074077606201,
        "1": 0.9524428844451904
    },
    "pair_chains_iptm": {
        "0": {
            "0": 0.9649074077606201,
            "1": 0.7189637422561646
        },
        "1": {
            "0": 0.9667350053787231,
            "1": 0.9524428844451904
        }
    }
}