{
    "confidence_score": 0.9418399930000305,
    "ptm": 0.9492775201797485,
    "iptm": 0.9554800987243652,
    "ligand_iptm": 0.9554800987243652,
    "protein_iptm": 0.0,
    "complex_plddt": 0.9384300112724304,
    "complex_iplddt": 0.8954834342002869,
    "complex_pde": 0.46357300877571106,
    "complex_ipde": 0.7338617444038391,
    "chains_ptm": {
        "0": 0.9488421082496643,
        "1": 0.8988828659057617
    },
    "pair_chains_iptm": {
        "0": {
            "0": 0.9488421082496643,
            "1": 0.7083557844161987
        },
        "1": {
            "0": 0.9554800987243652,
            "1": 0.8988828659057617
        }
    }
}