{
    "confidence_score": 0.9407595992088318,
    "ptm": 0.9581120014190674,
    "iptm": 0.9664553999900818,
    "ligand_iptm": 0.9664553999900818,
    "protein_iptm": 0.0,
    "complex_plddt": 0.9343356490135193,
    "complex_iplddt": 0.8612645268440247,
    "complex_pde": 0.3936307728290558,
    "complex_ipde": 0.6146920323371887,
    "chains_ptm": {
        "0": 0.9575185775756836,
        "1": 0.9718431234359741
    },
    "pair_chains_iptm": {
        "0": {
            "0": 0.9575185775756836,
            "1": 0.7117701172828674
        },
        "1": {
            "0": 0.9664553999900818,
            "1": 0.9718431234359741
        }
    }
}