seed,sample,ranking_score
1,0,0.616565115517256
1,1,0.6335107484916056
1,2,0.6231000915934616
1,3,0.5972733182347755
1,4,0.6254670848502069
