seed,sample,ranking_score
1,0,0.5684716602994571
1,1,0.6564649771911596
1,2,0.6666896588491447
1,3,0.6132106927526252
1,4,0.6181051451329155
