{
    "confidence_score": 0.9561263918876648,
    "ptm": 0.9659723043441772,
    "iptm": 0.9274970293045044,
    "ligand_iptm": 0.9274970293045044,
    "protein_iptm": 0.0,
    "complex_plddt": 0.9632837772369385,
    "complex_iplddt": 0.9452910423278809,
    "complex_pde": 0.3914928436279297,
    "complex_ipde": 1.0393667221069336,
    "chains_ptm": {
        "0": 0.9681521654129028,
        "1": 0.9760497212409973
    },
    "pair_chains_iptm": {
        "0": {
            "0": 0.9681521654129028,
            "1": 0.5534341931343079
        },
        "1": {
            "0": 0.9274970293045044,
            "1": 0.9760497212409973
        }
    }
}