seed,sample,ranking_score
1,0,0.7864681656839649
1,1,0.808122127042944
1,2,0.8168240495240181
1,3,0.7879170732703562
1,4,0.7965978104415855
