{
    "confidence_score": 0.9370412826538086,
    "ptm": 0.9429150223731995,
    "iptm": 0.9649218916893005,
    "ligand_iptm": 0.9649218916893005,
    "protein_iptm": 0.0,
    "complex_plddt": 0.9300711750984192,
    "complex_iplddt": 0.8925665020942688,
    "complex_pde": 0.46396082639694214,
    "complex_ipde": 0.6655828952789307,
    "chains_ptm": {
        "0": 0.9412552118301392,
        "1": 0.9537052512168884
    },
    "pair_chains_iptm": {
        "0": {
            "0": 0.9412552118301392,
            "1": 0.6855016350746155
        },
        "1": {
            "0": 0.9649218916893005,
            "1": 0.9537052512168884
        }
    }
}