{
    "confidence_score": 0.9157005548477173,
    "ptm": 0.9521191120147705,
    "iptm": 0.949556827545166,
    "ligand_iptm": 0.949556827545166,
    "protein_iptm": 0.0,
    "complex_plddt": 0.9072364568710327,
    "complex_iplddt": 0.7384884357452393,
    "complex_pde": 0.4206419289112091,
    "complex_ipde": 0.7130817770957947,
    "chains_ptm": {
        "0": 0.9524530172348022,
        "1": 0.9325904250144958
    },
    "pair_chains_iptm": {
        "0": {
            "0": 0.9524530172348022,
            "1": 0.5511137843132019
        },
        "1": {
            "0": 0.949556827545166,
            "1": 0.9325904250144958
        }
    }
}