{
    "confidence_score": 0.9517175555229187,
    "ptm": 0.9373379349708557,
    "iptm": 0.9566845893859863,
    "ligand_iptm": 0.9566845893859863,
    "protein_iptm": 0.0,
    "complex_plddt": 0.9504757523536682,
    "complex_iplddt": 0.9396157264709473,
    "complex_pde": 0.49943068623542786,
    "complex_ipde": 0.8006203174591064,
    "chains_ptm": {
        "0": 0.936383843421936,
        "1": 0.9658203125
    },
    "pair_chains_iptm": {
        "0": {
            "0": 0.936383843421936,
            "1": 0.6171076893806458
        },
        "1": {
            "0": 0.9566845893859863,
            "1": 0.9658203125
        }
    }
}