seed,sample,ranking_score
1,0,0.8302009556569305
1,1,0.8435049321389585
1,2,0.8821614420847449
1,3,0.8329905919646546
1,4,0.8549096789186333
