{
    "confidence_score": 0.9464746713638306,
    "ptm": 0.9505259990692139,
    "iptm": 0.9505847692489624,
    "ligand_iptm": 0.9505847692489624,
    "protein_iptm": 0.0,
    "complex_plddt": 0.9454471468925476,
    "complex_iplddt": 0.9215291738510132,
    "complex_pde": 0.4429527819156647,
    "complex_ipde": 0.7989886403083801,
    "chains_ptm": {
        "0": 0.9506363868713379,
        "1": 0.9895867705345154
    },
    "pair_chains_iptm": {
        "0": {
            "0": 0.9506363868713379,
            "1": 0.6361399292945862
        },
        "1": {
            "0": 0.9505847692489624,
            "1": 0.9895867705345154
        }
    }
}