{
    "confidence_score": 0.9428534507751465,
    "ptm": 0.9535878300666809,
    "iptm": 0.9511588215827942,
    "ligand_iptm": 0.9511588215827942,
    "protein_iptm": 0.0,
    "complex_plddt": 0.9407771229743958,
    "complex_iplddt": 0.9031363129615784,
    "complex_pde": 0.4264305531978607,
    "complex_ipde": 0.7300623059272766,
    "chains_ptm": {
        "0": 0.9538805484771729,
        "1": 0.9412080645561218
    },
    "pair_chains_iptm": {
        "0": {
            "0": 0.9538805484771729,
            "1": 0.5836855173110962
        },
        "1": {
            "0": 0.9511588215827942,
            "1": 0.9412080645561218
        }
    }
}