{
    "confidence_score": 0.939479649066925,
    "ptm": 0.956985354423523,
    "iptm": 0.9620027542114258,
    "ligand_iptm": 0.9620027542114258,
    "protein_iptm": 0.0,
    "complex_plddt": 0.9338488578796387,
    "complex_iplddt": 0.9042994976043701,
    "complex_pde": 0.40844953060150146,
    "complex_ipde": 0.6572005748748779,
    "chains_ptm": {
        "0": 0.9568520784378052,
        "1": 0.915265679359436
    },
    "pair_chains_iptm": {
        "0": {
            "0": 0.9568520784378052,
            "1": 0.6037755012512207
        },
        "1": {
            "0": 0.9620027542114258,
            "1": 0.915265679359436
        }
    }
}