{
    "confidence_score": 0.926435112953186,
    "ptm": 0.9574406147003174,
    "iptm": 0.8519612550735474,
    "ligand_iptm": 0.8519612550735474,
    "protein_iptm": 0.0,
    "complex_plddt": 0.9450535774230957,
    "complex_iplddt": 0.8770625591278076,
    "complex_pde": 0.4470899999141693,
    "complex_ipde": 1.5136008262634277,
    "chains_ptm": {
        "0": 0.9627604484558105,
        "1": 0.96091628074646
    },
    "pair_chains_iptm": {
        "0": {
            "0": 0.9627604484558105,
            "1": 0.4160110056400299
        },
        "1": {
            "0": 0.8519612550735474,
            "1": 0.96091628074646
        }
    }
}