seed,sample,ranking_score
1,0,0.806536198520195
1,1,0.8078144581487676
1,2,0.7975601290748058
1,3,0.7976545674193668
1,4,0.8184096448687602
