seed,sample,ranking_score
1,0,0.6781811921587915
1,1,0.7011555898612029
1,2,0.6773771406509469
1,3,0.673588403456011
1,4,0.6966212316889157
