{
    "confidence_score": 0.9324539303779602,
    "ptm": 0.941877007484436,
    "iptm": 0.9166743755340576,
    "ligand_iptm": 0.9166743755340576,
    "protein_iptm": 0.0,
    "complex_plddt": 0.9363988637924194,
    "complex_iplddt": 0.8763216137886047,
    "complex_pde": 0.5268696546554565,
    "complex_ipde": 1.0697317123413086,
    "chains_ptm": {
        "0": 0.9447353482246399,
        "1": 0.886679470539093
    },
    "pair_chains_iptm": {
        "0": {
            "0": 0.9447353482246399,
            "1": 0.43704754114151
        },
        "1": {
            "0": 0.9166743755340576,
            "1": 0.886679470539093
        }
    }
}