seed,sample,ranking_score
1,0,0.8680963468534431
1,1,0.9046071569615165
1,2,0.9007409200302073
1,3,0.8835998433461603
1,4,0.8976634176781941
