{
    "confidence_score": 0.9411279559135437,
    "ptm": 0.9591100215911865,
    "iptm": 0.8892084360122681,
    "ligand_iptm": 0.8892084360122681,
    "protein_iptm": 0.0,
    "complex_plddt": 0.9541078209877014,
    "complex_iplddt": 0.8671539425849915,
    "complex_pde": 0.4208375811576843,
    "complex_ipde": 1.1535223722457886,
    "chains_ptm": {
        "0": 0.9628651142120361,
        "1": 0.9530555605888367
    },
    "pair_chains_iptm": {
        "0": {
            "0": 0.9628651142120361,
            "1": 0.462076336145401
        },
        "1": {
            "0": 0.8892084360122681,
            "1": 0.9530555605888367
        }
    }
}