seed,sample,ranking_score
1,0,0.9119813264384554
1,1,0.9197118046590731
1,2,0.9286818692994759
1,3,0.9101574688560419
1,4,0.9162311632679294
