seed,sample,ranking_score
1,0,0.682740936429713
1,1,0.7054078290958549
1,2,0.818786267169091
1,3,0.7049212575434782
1,4,0.6818283593559227
