seed,sample,ranking_score
1,0,0.9441679090921664
1,1,0.9509784871788152
1,2,0.965073673655088
1,3,0.9476376754711393
1,4,0.9525519192521404
