seed,sample,ranking_score
1,0,0.906465383771093
1,1,0.9221621025978824
1,2,0.9248675906271399
1,3,0.9092761096109505
1,4,0.9113648258382924
