seed,sample,ranking_score
44,0,0.8320308761248065
44,1,0.8585506263700742
44,2,0.8027199695186928
44,3,0.842729846637618
44,4,0.8188832490523569
9,0,0.7952529115780047
9,1,0.8170678065906019
9,2,0.8553996934671273
9,3,0.8296292481198733
9,4,0.8012775175911591
80,0,0.7980237347456739
80,1,0.8372322736491238
80,2,0.81269945617957
80,3,0.8010876773059807
80,4,0.8246794668839519
