seed,sample,ranking_score
1,0,0.8567181727319366
1,1,0.8745233896136948
1,2,0.8621232792914264
1,3,0.8751748308018272
1,4,0.8631043571027368
