{
    "confidence_score": 0.9532923102378845,
    "ptm": 0.9581760764122009,
    "iptm": 0.981390655040741,
    "ligand_iptm": 0.981390655040741,
    "protein_iptm": 0.0,
    "complex_plddt": 0.9462677240371704,
    "complex_iplddt": 0.9467473030090332,
    "complex_pde": 0.3892177641391754,
    "complex_ipde": 0.46912074089050293,
    "chains_ptm": {
        "0": 0.9566600322723389,
        "1": 0.9503807425498962
    },
    "pair_chains_iptm": {
        "0": {
            "0": 0.9566600322723389,
            "1": 0.7355338335037231
        },
        "1": {
            "0": 0.981390655040741,
            "1": 0.9503807425498962
        }
    }
}