seed,sample,ranking_score
44,0,0.9090918383383697
44,1,0.915730039078372
44,2,0.8715462861422708
44,3,0.8963880978759782
44,4,0.9045750545484378
9,0,0.8871700186128262
9,1,0.8855515148792382
9,2,0.8853994448659975
9,3,0.886022054687919
9,4,0.8814395016288282
80,0,0.8887793741693085
80,1,0.8993249872464547
80,2,0.8874900514530126
80,3,0.8894577586440444
80,4,0.8857140667216477
