{
    "confidence_score": 0.9591355323791504,
    "ptm": 0.9601125121116638,
    "iptm": 0.9866900444030762,
    "ligand_iptm": 0.9866900444030762,
    "protein_iptm": 0.0,
    "complex_plddt": 0.952246904373169,
    "complex_iplddt": 0.9546738266944885,
    "complex_pde": 0.37547752261161804,
    "complex_ipde": 0.4396444857120514,
    "chains_ptm": {
        "0": 0.9588059782981873,
        "1": 0.9823646545410156
    },
    "pair_chains_iptm": {
        "0": {
            "0": 0.9588059782981873,
            "1": 0.8139708042144775
        },
        "1": {
            "0": 0.9866900444030762,
            "1": 0.9823646545410156
        }
    }
}