{
    "confidence_score": 0.9530683755874634,
    "ptm": 0.9519850611686707,
    "iptm": 0.9709434509277344,
    "ligand_iptm": 0.9709434509277344,
    "protein_iptm": 0.0,
    "complex_plddt": 0.9485995769500732,
    "complex_iplddt": 0.9373499751091003,
    "complex_pde": 0.42154327034950256,
    "complex_ipde": 0.6287785768508911,
    "chains_ptm": {
        "0": 0.951088011264801,
        "1": 0.9557161331176758
    },
    "pair_chains_iptm": {
        "0": {
            "0": 0.951088011264801,
            "1": 0.680580198764801
        },
        "1": {
            "0": 0.9709434509277344,
            "1": 0.9557161331176758
        }
    }
}