seed,sample,ranking_score
1,0,0.9644393850058585
1,1,0.96773789731797
1,2,0.9760120681543324
1,3,0.9622593982332855
1,4,0.9698956328905446
