seed,sample,ranking_score
44,0,0.9316945099781329
44,1,0.934542970295033
44,2,0.9095045909918947
44,3,0.9226616089902182
44,4,0.9201302958345721
9,0,0.9206868983109479
9,1,0.9402178281218789
9,2,0.9344566503594005
9,3,0.937478548986246
9,4,0.9360238891189714
80,0,0.9109283836702377
80,1,0.9204801654705789
80,2,0.9085186191005186
80,3,0.9132553042608917
80,4,0.9123088583250929
