seed,sample,ranking_score
1,0,0.8029247944247646
1,1,0.8265656964628104
1,2,0.8539822780774887
1,3,0.7976645231066485
1,4,0.8494106046341033
