{
    "confidence_score": 0.9472190141677856,
    "ptm": 0.9442844986915588,
    "iptm": 0.9525833129882812,
    "ligand_iptm": 0.9525833129882812,
    "protein_iptm": 0.0,
    "complex_plddt": 0.9458779096603394,
    "complex_iplddt": 0.9194442629814148,
    "complex_pde": 0.47823017835617065,
    "complex_ipde": 0.7582055926322937,
    "chains_ptm": {
        "0": 0.9437029957771301,
        "1": 0.8950008749961853
    },
    "pair_chains_iptm": {
        "0": {
            "0": 0.9437029957771301,
            "1": 0.5298586487770081
        },
        "1": {
            "0": 0.9525833129882812,
            "1": 0.8950008749961853
        }
    }
}