seed,sample,ranking_score
1,0,0.8696617637740562
1,1,0.8665386401377394
1,2,0.9013716711757103
1,3,0.8680753898487841
1,4,0.8790419007799781
