seed,sample,ranking_score
1,0,0.7561378770344426
1,1,0.7619959049086119
1,2,0.748727673897809
1,3,0.7489419494028255
1,4,0.757883771463137
