seed,sample,ranking_score
1,0,0.7975982472017322
1,1,0.6071591718462318
1,2,0.7992528002139462
1,3,0.7961284886466263
1,4,0.7990837563863378
