{
    "confidence_score": 0.9435891509056091,
    "ptm": 0.9565282464027405,
    "iptm": 0.8933253884315491,
    "ligand_iptm": 0.8933253884315491,
    "protein_iptm": 0.0,
    "complex_plddt": 0.956155002117157,
    "complex_iplddt": 0.9209786653518677,
    "complex_pde": 0.44461315870285034,
    "complex_ipde": 1.337281346321106,
    "chains_ptm": {
        "0": 0.96039879322052,
        "1": 0.9418787956237793
    },
    "pair_chains_iptm": {
        "0": {
            "0": 0.96039879322052,
            "1": 0.3649301826953888
        },
        "1": {
            "0": 0.8933253884315491,
            "1": 0.9418787956237793
        }
    }
}