{
    "confidence_score": 0.9344251751899719,
    "ptm": 0.9411062598228455,
    "iptm": 0.9104294776916504,
    "ligand_iptm": 0.9104294776916504,
    "protein_iptm": 0.0,
    "complex_plddt": 0.9404240250587463,
    "complex_iplddt": 0.8767370581626892,
    "complex_pde": 0.5155190229415894,
    "complex_ipde": 1.063218593597412,
    "chains_ptm": {
        "0": 0.9442130327224731,
        "1": 0.8854137063026428
    },
    "pair_chains_iptm": {
        "0": {
            "0": 0.9442130327224731,
            "1": 0.5115993022918701
        },
        "1": {
            "0": 0.9104294776916504,
            "1": 0.8854137063026428
        }
    }
}