seed,sample,ranking_score
1,0,0.8603018631184567
1,1,0.8686798504150971
1,2,0.8721823899477437
1,3,0.83081576951222
1,4,0.8244578262085656
