seed,sample,ranking_score
1,0,0.7930203285191937
1,1,0.8546708251049862
1,2,0.857407075085422
1,3,0.8246582380330512
1,4,0.8459989961088026
