seed,sample,ranking_score
1,0,0.8997029256084998
1,1,0.9084683843825055
1,2,0.9138907872692631
1,3,0.9038696539167
1,4,0.8885188181142345
