{
    "confidence_score": 0.9492010474205017,
    "ptm": 0.9598414301872253,
    "iptm": 0.9275230765342712,
    "ligand_iptm": 0.9275230765342712,
    "protein_iptm": 0.0,
    "complex_plddt": 0.9546204805374146,
    "complex_iplddt": 0.9323469400405884,
    "complex_pde": 0.40183836221694946,
    "complex_ipde": 0.9399640560150146,
    "chains_ptm": {
        "0": 0.9617623090744019,
        "1": 0.9314901232719421
    },
    "pair_chains_iptm": {
        "0": {
            "0": 0.9617623090744019,
            "1": 0.4287624955177307
        },
        "1": {
            "0": 0.9275230765342712,
            "1": 0.9314901232719421
        }
    }
}