seed,sample,ranking_score
1,0,0.8312528259738189
1,1,0.8235982374875255
1,2,0.8280409727218904
1,3,0.7957858708141722
1,4,0.8078291968074811
