{
    "confidence_score": 0.9466234445571899,
    "ptm": 0.9576778411865234,
    "iptm": 0.962956428527832,
    "ligand_iptm": 0.962956428527832,
    "protein_iptm": 0.0,
    "complex_plddt": 0.9425401091575623,
    "complex_iplddt": 0.9267191290855408,
    "complex_pde": 0.41119349002838135,
    "complex_ipde": 0.6659553050994873,
    "chains_ptm": {
        "0": 0.9572761058807373,
        "1": 0.8763178586959839
    },
    "pair_chains_iptm": {
        "0": {
            "0": 0.9572761058807373,
            "1": 0.6089125871658325
        },
        "1": {
            "0": 0.962956428527832,
            "1": 0.8763178586959839
        }
    }
}