{
    "confidence_score": 0.9584782719612122,
    "ptm": 0.9669603109359741,
    "iptm": 0.9511681199073792,
    "ligand_iptm": 0.9511681199073792,
    "protein_iptm": 0.0,
    "complex_plddt": 0.9603057503700256,
    "complex_iplddt": 0.927147388458252,
    "complex_pde": 0.36468935012817383,
    "complex_ipde": 0.7380958795547485,
    "chains_ptm": {
        "0": 0.9678096771240234,
        "1": 0.9451401829719543
    },
    "pair_chains_iptm": {
        "0": {
            "0": 0.9678096771240234,
            "1": 0.5799761414527893
        },
        "1": {
            "0": 0.9511681199073792,
            "1": 0.9451401829719543
        }
    }
}