seed,sample,ranking_score
1,0,0.774150622756701
1,1,0.8255134069243649
1,2,0.8307620695852258
1,3,0.8264013093423075
1,4,0.833312716478288
