seed,sample,ranking_score
44,0,0.8736610468102008
44,1,0.8819862214009241
44,2,0.8599263907881793
44,3,0.8584808275017441
44,4,0.8721475105618095
9,0,0.8427537919502865
9,1,0.846009240986605
9,2,0.8603999955678445
9,3,0.8580024874062583
9,4,0.8584365346863837
80,0,0.8503950454816464
80,1,0.8679080488175289
80,2,0.8573048673357542
80,3,0.8726207768981838
80,4,0.8595678308060152
