seed,sample,ranking_score
1,0,0.8141101911115751
1,1,0.8680355598411037
1,2,0.8680735900431769
1,3,0.8452923954174254
1,4,0.845300924877527
