{
    "confidence_score": 0.9306122064590454,
    "ptm": 0.9558616876602173,
    "iptm": 0.8952949047088623,
    "ligand_iptm": 0.8952949047088623,
    "protein_iptm": 0.0,
    "complex_plddt": 0.939441442489624,
    "complex_iplddt": 0.8841498494148254,
    "complex_pde": 0.424775630235672,
    "complex_ipde": 1.0990605354309082,
    "chains_ptm": {
        "0": 0.9590310454368591,
        "1": 0.9476462006568909
    },
    "pair_chains_iptm": {
        "0": {
            "0": 0.9590310454368591,
            "1": 0.5199113488197327
        },
        "1": {
            "0": 0.8952949047088623,
            "1": 0.9476462006568909
        }
    }
}