{
    "confidence_score": 0.9548094868659973,
    "ptm": 0.95906662940979,
    "iptm": 0.9596825838088989,
    "ligand_iptm": 0.9596825838088989,
    "protein_iptm": 0.0,
    "complex_plddt": 0.9535911679267883,
    "complex_iplddt": 0.937156617641449,
    "complex_pde": 0.4001190662384033,
    "complex_ipde": 0.6845937371253967,
    "chains_ptm": {
        "0": 0.9592270851135254,
        "1": 0.9627450704574585
    },
    "pair_chains_iptm": {
        "0": {
            "0": 0.9592270851135254,
            "1": 0.6270774602890015
        },
        "1": {
            "0": 0.9596825838088989,
            "1": 0.9627450704574585
        }
    }
}