{
    "confidence_score": 0.9423959851264954,
    "ptm": 0.9543290734291077,
    "iptm": 0.9665623903274536,
    "ligand_iptm": 0.9665623903274536,
    "protein_iptm": 0.0,
    "complex_plddt": 0.936354398727417,
    "complex_iplddt": 0.8989408016204834,
    "complex_pde": 0.43745002150535583,
    "complex_ipde": 0.6526919603347778,
    "chains_ptm": {
        "0": 0.953461229801178,
        "1": 0.9132822155952454
    },
    "pair_chains_iptm": {
        "0": {
            "0": 0.953461229801178,
            "1": 0.6270849704742432
        },
        "1": {
            "0": 0.9665623903274536,
            "1": 0.9132822155952454
        }
    }
}