{
    "confidence_score": 0.9525648951530457,
    "ptm": 0.9505448341369629,
    "iptm": 0.9728283286094666,
    "ligand_iptm": 0.9728283286094666,
    "protein_iptm": 0.0,
    "complex_plddt": 0.9474990367889404,
    "complex_iplddt": 0.9320159554481506,
    "complex_pde": 0.42685726284980774,
    "complex_ipde": 0.56105637550354,
    "chains_ptm": {
        "0": 0.9488086104393005,
        "1": 0.9518328309059143
    },
    "pair_chains_iptm": {
        "0": {
            "0": 0.9488086104393005,
            "1": 0.6727033257484436
        },
        "1": {
            "0": 0.9728283286094666,
            "1": 0.9518328309059143
        }
    }
}