seed,sample,ranking_score
1,0,0.8386776320563999
1,1,0.8550715440717626
1,2,0.8525424437362343
1,3,0.8843389205132497
1,4,0.8331478523097753
