{
    "confidence_score": 0.9491226077079773,
    "ptm": 0.9482337236404419,
    "iptm": 0.9114668369293213,
    "ligand_iptm": 0.9114668369293213,
    "protein_iptm": 0.0,
    "complex_plddt": 0.9585365056991577,
    "complex_iplddt": 0.8896870613098145,
    "complex_pde": 0.46779799461364746,
    "complex_ipde": 1.1837321519851685,
    "chains_ptm": {
        "0": 0.94986492395401,
        "1": 0.9212565422058105
    },
    "pair_chains_iptm": {
        "0": {
            "0": 0.94986492395401,
            "1": 0.46700674295425415
        },
        "1": {
            "0": 0.9114668369293213,
            "1": 0.9212565422058105
        }
    }
}