seed,sample,ranking_score
1,0,0.6445031738957694
1,1,0.6066178868414163
1,2,0.6636140648881802
1,3,0.6498084713847175
1,4,0.6535040254555565
