seed,sample,ranking_score
1,0,0.7333724797065643
1,1,0.7403657683882159
1,2,0.7550385957442367
1,3,0.7578369973122933
1,4,0.6493959220008434
