seed,sample,ranking_score
1,0,0.8705721515129509
1,1,0.8779470513248812
1,2,0.9105203374487644
1,3,0.8791970961340466
1,4,0.8808603021422768
