seed,sample,ranking_score
1,0,0.8587408677804824
1,1,0.9417301753586708
1,2,0.9379019760232664
1,3,0.9378246875893488
1,4,0.8768116640290421
