seed,sample,ranking_score
1,0,0.8917803323173085
1,1,0.8843870719716128
1,2,0.9149363305617375
1,3,0.8905693206610026
1,4,0.9005246309652369
