seed,sample,ranking_score
44,0,0.8622264438580018
44,1,0.882776476809756
44,2,0.8611406264842458
44,3,0.8579532702296762
44,4,0.8497523252234934
9,0,0.8546986537943105
9,1,0.8500375455729581
9,2,0.8536105579839129
9,3,0.863303021156491
9,4,0.8526274743437996
80,0,0.8442858016084174
80,1,0.8676718295329031
80,2,0.8629378870075192
80,3,0.8578260390785376
80,4,0.8484134688139894
