{
    "confidence_score": 0.9408499002456665,
    "ptm": 0.964790403842926,
    "iptm": 0.9261157512664795,
    "ligand_iptm": 0.9261157512664795,
    "protein_iptm": 0.0,
    "complex_plddt": 0.9445333480834961,
    "complex_iplddt": 0.8943615555763245,
    "complex_pde": 0.40078994631767273,
    "complex_ipde": 0.9159722328186035,
    "chains_ptm": {
        "0": 0.9671427011489868,
        "1": 0.9343015551567078
    },
    "pair_chains_iptm": {
        "0": {
            "0": 0.9671427011489868,
            "1": 0.5282833576202393
        },
        "1": {
            "0": 0.9261157512664795,
            "1": 0.9343015551567078
        }
    }
}