seed,sample,ranking_score
44,0,0.7725731169712546
44,1,0.7925989405019568
44,2,0.7358995640294889
44,3,0.7977526058684636
44,4,0.7805360007111952
9,0,0.7499984614157772
9,1,0.7575187337024337
9,2,0.7717885625234311
9,3,0.7255893260469798
9,4,0.7524831842293979
80,0,0.7500942386799242
80,1,0.7752251504458334
80,2,0.7692169392003737
80,3,0.7710719818036774
80,4,0.7697385677397444
