seed,sample,ranking_score
1,0,0.93902060963718
1,1,0.9474099396108198
1,2,0.9636384001197462
1,3,0.9419497024453826
1,4,0.9436720658636103
