seed,sample,ranking_score
1,0,0.8746235527334739
1,1,0.8334170909284997
1,2,0.8920552424689104
1,3,0.8708799330431102
1,4,0.8580442917794353
