seed,sample,ranking_score
44,0,0.9199924936066005
44,1,0.9225153067983147
44,2,0.8973097893694025
44,3,0.9058425857208753
44,4,0.9129033025067494
9,0,0.8682352119255323
9,1,0.8934296019067782
9,2,0.8970220142779635
9,3,0.8981043168357898
9,4,0.8964850133682765
80,0,0.8888573533922142
80,1,0.8971338540988867
80,2,0.8848886724689407
80,3,0.8933352614710972
80,4,0.8924032187477071
