seed,sample,ranking_score
1,0,0.7869673816215211
1,1,0.77472515364648
1,2,0.8104761342707297
1,3,0.7846630215431968
1,4,0.8023531345185514
