seed,sample,ranking_score
1,0,0.8745948654563541
1,1,0.8841506262713815
1,2,0.9006658827165744
1,3,0.8791454232942894
1,4,0.8971750221816955
