seed,sample,ranking_score
1,0,0.6372455913277797
1,1,0.662150593419521
1,2,0.6230999226378638
1,3,0.6021714523167545
1,4,0.6006517701936656
