seed,sample,ranking_score
1,0,0.8459662866157931
1,1,0.8512686444186723
1,2,0.873499189208722
1,3,0.8519000669821022
1,4,0.8553487301567103
