{
    "confidence_score": 0.9614269137382507,
    "ptm": 0.9498968720436096,
    "iptm": 0.9578752517700195,
    "ligand_iptm": 0.9578752517700195,
    "protein_iptm": 0.0,
    "complex_plddt": 0.9623148441314697,
    "complex_iplddt": 0.9281512498855591,
    "complex_pde": 0.4295504093170166,
    "complex_ipde": 0.7234053611755371,
    "chains_ptm": {
        "0": 0.9494962096214294,
        "1": 0.9504290223121643
    },
    "pair_chains_iptm": {
        "0": {
            "0": 0.9494962096214294,
            "1": 0.5958728790283203
        },
        "1": {
            "0": 0.9578752517700195,
            "1": 0.9504290223121643
        }
    }
}