seed,sample,ranking_score
1,0,0.8304536416449633
1,1,0.841151839674011
1,2,0.8773111423356913
1,3,0.8368738789241628
1,4,0.838055197564021
