{
    "confidence_score": 0.9464177489280701,
    "ptm": 0.9579540491104126,
    "iptm": 0.9760366082191467,
    "ligand_iptm": 0.9760366082191467,
    "protein_iptm": 0.0,
    "complex_plddt": 0.9390129446983337,
    "complex_iplddt": 0.9204400777816772,
    "complex_pde": 0.39717134833335876,
    "complex_ipde": 0.5291540026664734,
    "chains_ptm": {
        "0": 0.9565736651420593,
        "1": 0.9641284942626953
    },
    "pair_chains_iptm": {
        "0": {
            "0": 0.9565736651420593,
            "1": 0.7206303477287292
        },
        "1": {
            "0": 0.9760366082191467,
            "1": 0.9641284942626953
        }
    }
}