{
    "confidence_score": 0.9452300071716309,
    "ptm": 0.9436862468719482,
    "iptm": 0.9488956332206726,
    "ligand_iptm": 0.9488956332206726,
    "protein_iptm": 0.0,
    "complex_plddt": 0.944313645362854,
    "complex_iplddt": 0.9062080979347229,
    "complex_pde": 0.47338858246803284,
    "complex_ipde": 0.78617262840271,
    "chains_ptm": {
        "0": 0.9434127807617188,
        "1": 0.9339415431022644
    },
    "pair_chains_iptm": {
        "0": {
            "0": 0.9434127807617188,
            "1": 0.5690478682518005
        },
        "1": {
            "0": 0.9488956332206726,
            "1": 0.9339415431022644
        }
    }
}