{
    "confidence_score": 0.9575292468070984,
    "ptm": 0.9647710919380188,
    "iptm": 0.9685671329498291,
    "ligand_iptm": 0.9685671329498291,
    "protein_iptm": 0.0,
    "complex_plddt": 0.9547697901725769,
    "complex_iplddt": 0.9393733739852905,
    "complex_pde": 0.371217280626297,
    "complex_ipde": 0.5821813344955444,
    "chains_ptm": {
        "0": 0.9646987915039062,
        "1": 0.9709398746490479
    },
    "pair_chains_iptm": {
        "0": {
            "0": 0.9646987915039062,
            "1": 0.681365966796875
        },
        "1": {
            "0": 0.9685671329498291,
            "1": 0.9709398746490479
        }
    }
}