{
    "confidence_score": 0.9584102034568787,
    "ptm": 0.9582813382148743,
    "iptm": 0.9806525707244873,
    "ligand_iptm": 0.9806525707244873,
    "protein_iptm": 0.0,
    "complex_plddt": 0.9528495669364929,
    "complex_iplddt": 0.9429736137390137,
    "complex_pde": 0.3799862265586853,
    "complex_ipde": 0.4631325900554657,
    "chains_ptm": {
        "0": 0.9564951658248901,
        "1": 0.9677586555480957
    },
    "pair_chains_iptm": {
        "0": {
            "0": 0.9564951658248901,
            "1": 0.7419043183326721
        },
        "1": {
            "0": 0.9806525707244873,
            "1": 0.9677586555480957
        }
    }
}