seed,sample,ranking_score
1,0,0.8214615730960613
1,1,0.8465560486856196
1,2,0.8402140781311882
1,3,0.8211206066586724
1,4,0.8306463203123652
