{
    "confidence_score": 0.9350266456604004,
    "ptm": 0.958580732345581,
    "iptm": 0.9493856430053711,
    "ligand_iptm": 0.9493856430053711,
    "protein_iptm": 0.0,
    "complex_plddt": 0.9314368963241577,
    "complex_iplddt": 0.8465232849121094,
    "complex_pde": 0.4192001223564148,
    "complex_ipde": 0.771162211894989,
    "chains_ptm": {
        "0": 0.9596822261810303,
        "1": 0.8992668390274048
    },
    "pair_chains_iptm": {
        "0": {
            "0": 0.9596822261810303,
            "1": 0.5142280459403992
        },
        "1": {
            "0": 0.9493856430053711,
            "1": 0.8992668390274048
        }
    }
}