{
    "confidence_score": 0.9213497042655945,
    "ptm": 0.9563486576080322,
    "iptm": 0.9301255345344543,
    "ligand_iptm": 0.9301255345344543,
    "protein_iptm": 0.0,
    "complex_plddt": 0.9191557765007019,
    "complex_iplddt": 0.8293959498405457,
    "complex_pde": 0.4443526566028595,
    "complex_ipde": 0.8571003079414368,
    "chains_ptm": {
        "0": 0.959100604057312,
        "1": 0.867549479007721
    },
    "pair_chains_iptm": {
        "0": {
            "0": 0.959100604057312,
            "1": 0.45725053548812866
        },
        "1": {
            "0": 0.9301255345344543,
            "1": 0.867549479007721
        }
    }
}