seed,sample,ranking_score
44,0,0.8633351090999422
44,1,0.8678457688385245
44,2,0.8411154106362292
44,3,0.8623883115626929
44,4,0.8611187328879759
9,0,0.8584887211518635
9,1,0.8590892244747875
9,2,0.8478965058178745
9,3,0.8309832573176392
9,4,0.8438414901124781
80,0,0.8591618703520829
80,1,0.8648025508636081
80,2,0.8491424605987847
80,3,0.8317415023875052
80,4,0.8377818158326409
