seed,sample,ranking_score
1,0,0.8613185751179495
1,1,0.8587447112885673
1,2,0.8733525423634264
1,3,0.8599196679096321
1,4,0.8630000854300762
