seed,sample,ranking_score
1,0,0.889665692782069
1,1,0.9055590121965884
1,2,0.8998513402444599
1,3,0.8797178181705834
1,4,0.9036141375627832
