seed,sample,ranking_score
1,0,0.948990091030183
1,1,0.971403167786025
1,2,0.9701895896509719
1,3,0.9499210104714
1,4,0.954412411310124
