{
    "confidence_score": 0.9399986267089844,
    "ptm": 0.954649031162262,
    "iptm": 0.9753126502037048,
    "ligand_iptm": 0.9753126502037048,
    "protein_iptm": 0.0,
    "complex_plddt": 0.9311701655387878,
    "complex_iplddt": 0.9009688496589661,
    "complex_pde": 0.40039554238319397,
    "complex_ipde": 0.5225494503974915,
    "chains_ptm": {
        "0": 0.952930748462677,
        "1": 0.9649316072463989
    },
    "pair_chains_iptm": {
        "0": {
            "0": 0.952930748462677,
            "1": 0.7505078911781311
        },
        "1": {
            "0": 0.9753126502037048,
            "1": 0.9649316072463989
        }
    }
}