seed,sample,ranking_score
1,0,0.824801380176619
1,1,0.8352026677943272
1,2,0.8502675602076903
1,3,0.8384254277616012
1,4,0.8434026416068572
