{
    "confidence_score": 0.9588128924369812,
    "ptm": 0.9598552584648132,
    "iptm": 0.965391993522644,
    "ligand_iptm": 0.965391993522644,
    "protein_iptm": 0.0,
    "complex_plddt": 0.9571681618690491,
    "complex_iplddt": 0.9427333474159241,
    "complex_pde": 0.3887731432914734,
    "complex_ipde": 0.6298297047615051,
    "chains_ptm": {
        "0": 0.9597365856170654,
        "1": 0.9702181220054626
    },
    "pair_chains_iptm": {
        "0": {
            "0": 0.9597365856170654,
            "1": 0.6754912734031677
        },
        "1": {
            "0": 0.965391993522644,
            "1": 0.9702181220054626
        }
    }
}