seed,sample,ranking_score
1,0,0.8680337273397085
1,1,0.8766441646270217
1,2,0.8895613385546367
1,3,0.8642795837336422
1,4,0.8905403636201552
