seed,sample,ranking_score
1,0,0.8127614769707365
1,1,0.8045494515544541
1,2,0.8067351866331747
1,3,0.7989251913704207
1,4,0.7920694143535665
