{
    "confidence_score": 0.9538089036941528,
    "ptm": 0.9580771327018738,
    "iptm": 0.9735393524169922,
    "ligand_iptm": 0.9735393524169922,
    "protein_iptm": 0.0,
    "complex_plddt": 0.9488762617111206,
    "complex_iplddt": 0.9420695900917053,
    "complex_pde": 0.38940298557281494,
    "complex_ipde": 0.5114105939865112,
    "chains_ptm": {
        "0": 0.9570953845977783,
        "1": 0.9423061013221741
    },
    "pair_chains_iptm": {
        "0": {
            "0": 0.9570953845977783,
            "1": 0.6315352320671082
        },
        "1": {
            "0": 0.9735393524169922,
            "1": 0.9423061013221741
        }
    }
}