seed,sample,ranking_score
1,0,0.890848071986665
1,1,0.8871580743975926
1,2,0.912077040008969
1,3,0.8920854244950919
1,4,0.8883027797858338
