{
    "confidence_score": 0.955108642578125,
    "ptm": 0.9603645205497742,
    "iptm": 0.966346263885498,
    "ligand_iptm": 0.966346263885498,
    "protein_iptm": 0.0,
    "complex_plddt": 0.9522992372512817,
    "complex_iplddt": 0.9213904142379761,
    "complex_pde": 0.38283511996269226,
    "complex_ipde": 0.6013948917388916,
    "chains_ptm": {
        "0": 0.9601688385009766,
        "1": 0.9359676241874695
    },
    "pair_chains_iptm": {
        "0": {
            "0": 0.9601688385009766,
            "1": 0.6554354429244995
        },
        "1": {
            "0": 0.966346263885498,
            "1": 0.9359676241874695
        }
    }
}