seed,sample,ranking_score
1,0,0.8585720500518055
1,1,0.856689090737667
1,2,0.8708760142907898
1,3,0.8581884744149735
1,4,0.8613699260047016
