{
    "confidence_score": 0.9634363055229187,
    "ptm": 0.9614933133125305,
    "iptm": 0.9908694624900818,
    "ligand_iptm": 0.9908694624900818,
    "protein_iptm": 0.0,
    "complex_plddt": 0.9565780758857727,
    "complex_iplddt": 0.9547412991523743,
    "complex_pde": 0.36042067408561707,
    "complex_ipde": 0.3628261983394623,
    "chains_ptm": {
        "0": 0.9602200984954834,
        "1": 0.990757167339325
    },
    "pair_chains_iptm": {
        "0": {
            "0": 0.9602200984954834,
            "1": 0.817520260810852
        },
        "1": {
            "0": 0.9908694624900818,
            "1": 0.990757167339325
        }
    }
}