seed,sample,ranking_score
1,0,0.9323600009305516
1,1,0.945757894241708
1,2,0.9538067292557891
1,3,0.9355272101113914
1,4,0.9450517739019026
