seed,sample,ranking_score
1,0,0.8483950156712697
1,1,0.8705152510267211
1,2,0.8564255193231476
1,3,0.8636642333625373
1,4,0.856581719158372
