{
    "confidence_score": 0.9467281699180603,
    "ptm": 0.9501363635063171,
    "iptm": 0.9521951675415039,
    "ligand_iptm": 0.9521951675415039,
    "protein_iptm": 0.0,
    "complex_plddt": 0.9453614354133606,
    "complex_iplddt": 0.9215885996818542,
    "complex_pde": 0.4554033875465393,
    "complex_ipde": 0.7619916796684265,
    "chains_ptm": {
        "0": 0.950300931930542,
        "1": 0.9450256824493408
    },
    "pair_chains_iptm": {
        "0": {
            "0": 0.950300931930542,
            "1": 0.6791211366653442
        },
        "1": {
            "0": 0.9521951675415039,
            "1": 0.9450256824493408
        }
    }
}