{
    "confidence_score": 0.9454305768013,
    "ptm": 0.9598033428192139,
    "iptm": 0.9719437956809998,
    "ligand_iptm": 0.9719437956809998,
    "protein_iptm": 0.0,
    "complex_plddt": 0.9388023018836975,
    "complex_iplddt": 0.9111713767051697,
    "complex_pde": 0.3898746967315674,
    "complex_ipde": 0.5471302270889282,
    "chains_ptm": {
        "0": 0.9588745832443237,
        "1": 0.9578731656074524
    },
    "pair_chains_iptm": {
        "0": {
            "0": 0.9588745832443237,
            "1": 0.6771320700645447
        },
        "1": {
            "0": 0.9719437956809998,
            "1": 0.9578731656074524
        }
    }
}