{
    "confidence_score": 0.9414133429527283,
    "ptm": 0.9593551158905029,
    "iptm": 0.9486739635467529,
    "ligand_iptm": 0.9486739635467529,
    "protein_iptm": 0.0,
    "complex_plddt": 0.9395982027053833,
    "complex_iplddt": 0.863854706287384,
    "complex_pde": 0.41556090116500854,
    "complex_ipde": 0.74004065990448,
    "chains_ptm": {
        "0": 0.960301399230957,
        "1": 0.9274977445602417
    },
    "pair_chains_iptm": {
        "0": {
            "0": 0.960301399230957,
            "1": 0.5255280137062073
        },
        "1": {
            "0": 0.9486739635467529,
            "1": 0.9274977445602417
        }
    }
}