{
    "confidence_score": 0.958943784236908,
    "ptm": 0.9669496417045593,
    "iptm": 0.9909473061561584,
    "ligand_iptm": 0.9909473061561584,
    "protein_iptm": 0.0,
    "complex_plddt": 0.950942873954773,
    "complex_iplddt": 0.9473927617073059,
    "complex_pde": 0.34633246064186096,
    "complex_ipde": 0.3639375865459442,
    "chains_ptm": {
        "0": 0.9659129977226257,
        "1": 0.9910899996757507
    },
    "pair_chains_iptm": {
        "0": {
            "0": 0.9659129977226257,
            "1": 0.8261617422103882
        },
        "1": {
            "0": 0.9909473061561584,
            "1": 0.9910899996757507
        }
    }
}