seed,sample,ranking_score
1,0,0.719508595344398
1,1,0.7199313033523027
1,2,0.769677987495254
1,3,0.7136276127049718
1,4,0.7531281629233247
