{
    "confidence_score": 0.9614053964614868,
    "ptm": 0.9613777995109558,
    "iptm": 0.9748568534851074,
    "ligand_iptm": 0.9748568534851074,
    "protein_iptm": 0.0,
    "complex_plddt": 0.9580424427986145,
    "complex_iplddt": 0.9386751055717468,
    "complex_pde": 0.3767680525779724,
    "complex_ipde": 0.5061830878257751,
    "chains_ptm": {
        "0": 0.9603275656700134,
        "1": 0.9544249773025513
    },
    "pair_chains_iptm": {
        "0": {
            "0": 0.9603275656700134,
            "1": 0.6994327902793884
        },
        "1": {
            "0": 0.9748568534851074,
            "1": 0.9544249773025513
        }
    }
}