{
    "confidence_score": 0.9518985748291016,
    "ptm": 0.9624989032745361,
    "iptm": 0.9560794234275818,
    "ligand_iptm": 0.9560794234275818,
    "protein_iptm": 0.0,
    "complex_plddt": 0.9508533477783203,
    "complex_iplddt": 0.931500256061554,
    "complex_pde": 0.3817964792251587,
    "complex_ipde": 0.6872621178627014,
    "chains_ptm": {
        "0": 0.9629524946212769,
        "1": 0.93734210729599
    },
    "pair_chains_iptm": {
        "0": {
            "0": 0.9629524946212769,
            "1": 0.48822250962257385
        },
        "1": {
            "0": 0.9560794234275818,
            "1": 0.93734210729599
        }
    }
}