seed,sample,ranking_score
44,0,0.9708857819379422
44,1,0.9742372150785654
44,2,0.9482380334644511
44,3,0.9561949819858648
44,4,0.9585635083622587
9,0,0.9475363537617463
9,1,0.9383230652602471
9,2,0.9478367306330983
9,3,0.9481637234830385
9,4,0.9477554577840575
80,0,0.9451533209651565
80,1,0.9528892592652186
80,2,0.9420999141675437
80,3,0.9455555218251582
80,4,0.9464472236948313
