seed,sample,ranking_score
1,0,0.9017524756841271
1,1,0.9053623803210125
1,2,0.9180521202106784
1,3,0.8953991427032003
1,4,0.9068200697706419
