seed,sample,ranking_score
1,0,0.8371124383273086
1,1,0.8227588140346496
1,2,0.8426826677920172
1,3,0.8383107503184488
1,4,0.8575546278678519
