{
    "confidence_score": 0.9508658647537231,
    "ptm": 0.9630967378616333,
    "iptm": 0.9709404706954956,
    "ligand_iptm": 0.9709404706954956,
    "protein_iptm": 0.0,
    "complex_plddt": 0.94584721326828,
    "complex_iplddt": 0.8980592489242554,
    "complex_pde": 0.36669087409973145,
    "complex_ipde": 0.5316474437713623,
    "chains_ptm": {
        "0": 0.9626085758209229,
        "1": 0.9699118733406067
    },
    "pair_chains_iptm": {
        "0": {
            "0": 0.9626085758209229,
            "1": 0.7425859570503235
        },
        "1": {
            "0": 0.9709404706954956,
            "1": 0.9699118733406067
        }
    }
}