{
    "confidence_score": 0.9416590929031372,
    "ptm": 0.9592044949531555,
    "iptm": 0.9676977396011353,
    "ligand_iptm": 0.9676977396011353,
    "protein_iptm": 0.0,
    "complex_plddt": 0.9351493716239929,
    "complex_iplddt": 0.9145241975784302,
    "complex_pde": 0.4074482321739197,
    "complex_ipde": 0.6184984445571899,
    "chains_ptm": {
        "0": 0.9584009051322937,
        "1": 0.9439741373062134
    },
    "pair_chains_iptm": {
        "0": {
            "0": 0.9584009051322937,
            "1": 0.7274963855743408
        },
        "1": {
            "0": 0.9676977396011353,
            "1": 0.9439741373062134
        }
    }
}