seed,sample,ranking_score
1,0,0.7945180457025856
1,1,0.8311999315516765
1,2,0.845157174170789
1,3,0.7972538719511687
1,4,0.8300707375484546
