{
    "confidence_score": 0.9481357932090759,
    "ptm": 0.943731427192688,
    "iptm": 0.9308310747146606,
    "ligand_iptm": 0.9308310747146606,
    "protein_iptm": 0.0,
    "complex_plddt": 0.9524619579315186,
    "complex_iplddt": 0.9147080779075623,
    "complex_pde": 0.4706948697566986,
    "complex_ipde": 0.8812593817710876,
    "chains_ptm": {
        "0": 0.9445565342903137,
        "1": 0.962081253528595
    },
    "pair_chains_iptm": {
        "0": {
            "0": 0.9445565342903137,
            "1": 0.531958281993866
        },
        "1": {
            "0": 0.9308310747146606,
            "1": 0.962081253528595
        }
    }
}