{
    "confidence_score": 0.9479817748069763,
    "ptm": 0.9449723958969116,
    "iptm": 0.9476814270019531,
    "ligand_iptm": 0.9476814270019531,
    "protein_iptm": 0.0,
    "complex_plddt": 0.9480568170547485,
    "complex_iplddt": 0.8628019094467163,
    "complex_pde": 0.45751672983169556,
    "complex_ipde": 0.7634888291358948,
    "chains_ptm": {
        "0": 0.9448795318603516,
        "1": 0.9664817452430725
    },
    "pair_chains_iptm": {
        "0": {
            "0": 0.9448795318603516,
            "1": 0.6237353682518005
        },
        "1": {
            "0": 0.9476814270019531,
            "1": 0.9664817452430725
        }
    }
}