{
    "confidence_score": 0.9444125294685364,
    "ptm": 0.9661446809768677,
    "iptm": 0.9398542642593384,
    "ligand_iptm": 0.9398542642593384,
    "protein_iptm": 0.0,
    "complex_plddt": 0.9455521106719971,
    "complex_iplddt": 0.9044451713562012,
    "complex_pde": 0.37243854999542236,
    "complex_ipde": 0.7609891295433044,
    "chains_ptm": {
        "0": 0.9675744771957397,
        "1": 0.9102833867073059
    },
    "pair_chains_iptm": {
        "0": {
            "0": 0.9675744771957397,
            "1": 0.4988759458065033
        },
        "1": {
            "0": 0.9398542642593384,
            "1": 0.9102833867073059
        }
    }
}