seed,sample,ranking_score
1,0,0.9359870808351238
1,1,0.9495956944339147
1,2,0.9475708659781397
1,3,0.9423987434326688
1,4,0.9386318518133776
