{
    "confidence_score": 0.9350488781929016,
    "ptm": 0.9427223801612854,
    "iptm": 0.8776163458824158,
    "ligand_iptm": 0.8776163458824158,
    "protein_iptm": 0.0,
    "complex_plddt": 0.9494069814682007,
    "complex_iplddt": 0.9001729488372803,
    "complex_pde": 0.49059733748435974,
    "complex_ipde": 1.3004456758499146,
    "chains_ptm": {
        "0": 0.9460553526878357,
        "1": 0.9490862488746643
    },
    "pair_chains_iptm": {
        "0": {
            "0": 0.9460553526878357,
            "1": 0.4786075949668884
        },
        "1": {
            "0": 0.8776163458824158,
            "1": 0.9490862488746643
        }
    }
}