seed,sample,ranking_score
1,0,0.6830000856496254
1,1,0.6985533110634662
1,2,0.8120189144251309
1,3,0.6993888109597663
1,4,0.6757279350537508
