{
    "confidence_score": 0.9612857699394226,
    "ptm": 0.9534658789634705,
    "iptm": 0.9900675415992737,
    "ligand_iptm": 0.9900675415992737,
    "protein_iptm": 0.0,
    "complex_plddt": 0.9540902972221375,
    "complex_iplddt": 0.9540616273880005,
    "complex_pde": 0.4006207287311554,
    "complex_ipde": 0.40638983249664307,
    "chains_ptm": {
        "0": 0.9518587589263916,
        "1": 0.9900110960006714
    },
    "pair_chains_iptm": {
        "0": {
            "0": 0.9518587589263916,
            "1": 0.8031636476516724
        },
        "1": {
            "0": 0.9900675415992737,
            "1": 0.9900110960006714
        }
    }
}