{
    "confidence_score": 0.9593437314033508,
    "ptm": 0.9644651412963867,
    "iptm": 0.9592692852020264,
    "ligand_iptm": 0.9592692852020264,
    "protein_iptm": 0.0,
    "complex_plddt": 0.959362268447876,
    "complex_iplddt": 0.9197044372558594,
    "complex_pde": 0.37033483386039734,
    "complex_ipde": 0.6330099701881409,
    "chains_ptm": {
        "0": 0.9648427367210388,
        "1": 0.956379234790802
    },
    "pair_chains_iptm": {
        "0": {
            "0": 0.9648427367210388,
            "1": 0.5574252605438232
        },
        "1": {
            "0": 0.9592692852020264,
            "1": 0.956379234790802
        }
    }
}