seed,sample,ranking_score
1,0,0.8461181007988798
1,1,0.8632754911180021
1,2,0.8744371642953781
1,3,0.864772553435327
1,4,0.8595748528246252
