{
    "confidence_score": 0.9174103140830994,
    "ptm": 0.9338282942771912,
    "iptm": 0.8704313635826111,
    "ligand_iptm": 0.8704313635826111,
    "protein_iptm": 0.0,
    "complex_plddt": 0.9291550517082214,
    "complex_iplddt": 0.8351136445999146,
    "complex_pde": 0.5470584034919739,
    "complex_ipde": 1.4679237604141235,
    "chains_ptm": {
        "0": 0.93772292137146,
        "1": 0.9450557827949524
    },
    "pair_chains_iptm": {
        "0": {
            "0": 0.93772292137146,
            "1": 0.414990097284317
        },
        "1": {
            "0": 0.8704313635826111,
            "1": 0.9450557827949524
        }
    }
}