seed,sample,ranking_score
44,0,0.8329856803357216
44,1,0.8201244632391409
44,2,0.8206886018979354
44,3,0.836229622235821
44,4,0.7745998174898365
9,0,0.7492941998401929
9,1,0.8117563318051584
9,2,0.7544584335848332
9,3,0.8163212178214145
9,4,0.7890442403190101
80,0,0.7573952548498841
80,1,0.8170483619829643
80,2,0.7567673521202369
80,3,0.7610969053763402
80,4,0.8176724979036739
