seed,sample,ranking_score
1,0,0.8507156113045623
1,1,0.8615249621735014
1,2,0.8544880707341203
1,3,0.8620574474915228
1,4,0.8620131497183082
