{
    "confidence_score": 0.9445968866348267,
    "ptm": 0.9615906476974487,
    "iptm": 0.9314774870872498,
    "ligand_iptm": 0.9314774870872498,
    "protein_iptm": 0.0,
    "complex_plddt": 0.9478767514228821,
    "complex_iplddt": 0.9096144437789917,
    "complex_pde": 0.39455273747444153,
    "complex_ipde": 0.8603354096412659,
    "chains_ptm": {
        "0": 0.963489294052124,
        "1": 0.9593943953514099
    },
    "pair_chains_iptm": {
        "0": {
            "0": 0.963489294052124,
            "1": 0.514684796333313
        },
        "1": {
            "0": 0.9314774870872498,
            "1": 0.9593943953514099
        }
    }
}