{
    "confidence_score": 0.9355339407920837,
    "ptm": 0.9361819624900818,
    "iptm": 0.8979241251945496,
    "ligand_iptm": 0.8979241251945496,
    "protein_iptm": 0.0,
    "complex_plddt": 0.9449363350868225,
    "complex_iplddt": 0.8976339101791382,
    "complex_pde": 0.526279628276825,
    "complex_ipde": 1.2185105085372925,
    "chains_ptm": {
        "0": 0.9380640983581543,
        "1": 0.96315997838974
    },
    "pair_chains_iptm": {
        "0": {
            "0": 0.9380640983581543,
            "1": 0.4881850481033325
        },
        "1": {
            "0": 0.8979241251945496,
            "1": 0.96315997838974
        }
    }
}