{
    "confidence_score": 0.948725163936615,
    "ptm": 0.9519884586334229,
    "iptm": 0.9584196209907532,
    "ligand_iptm": 0.9584196209907532,
    "protein_iptm": 0.0,
    "complex_plddt": 0.9463015198707581,
    "complex_iplddt": 0.9135608673095703,
    "complex_pde": 0.45802250504493713,
    "complex_ipde": 0.7190554738044739,
    "chains_ptm": {
        "0": 0.9514883756637573,
        "1": 0.9113357663154602
    },
    "pair_chains_iptm": {
        "0": {
            "0": 0.9514883756637573,
            "1": 0.699329137802124
        },
        "1": {
            "0": 0.9584196209907532,
            "1": 0.9113357663154602
        }
    }
}