{
    "confidence_score": 0.9563735127449036,
    "ptm": 0.9463700652122498,
    "iptm": 0.9845088720321655,
    "ligand_iptm": 0.9845088720321655,
    "protein_iptm": 0.0,
    "complex_plddt": 0.9493396282196045,
    "complex_iplddt": 0.9453261494636536,
    "complex_pde": 0.4429163336753845,
    "complex_ipde": 0.5225398540496826,
    "chains_ptm": {
        "0": 0.944942831993103,
        "1": 0.9847226738929749
    },
    "pair_chains_iptm": {
        "0": {
            "0": 0.944942831993103,
            "1": 0.7637494206428528
        },
        "1": {
            "0": 0.9845088720321655,
            "1": 0.9847226738929749
        }
    }
}