{
    "confidence_score": 0.9414351582527161,
    "ptm": 0.949446439743042,
    "iptm": 0.9633861780166626,
    "ligand_iptm": 0.9633861780166626,
    "protein_iptm": 0.0,
    "complex_plddt": 0.9359474182128906,
    "complex_iplddt": 0.9103577136993408,
    "complex_pde": 0.44790172576904297,
    "complex_ipde": 0.6920281648635864,
    "chains_ptm": {
        "0": 0.9484663009643555,
        "1": 0.9293348789215088
    },
    "pair_chains_iptm": {
        "0": {
            "0": 0.9484663009643555,
            "1": 0.622840940952301
        },
        "1": {
            "0": 0.9633861780166626,
            "1": 0.9293348789215088
        }
    }
}