{
    "confidence_score": 0.933837890625,
    "ptm": 0.947106659412384,
    "iptm": 0.9449493288993835,
    "ligand_iptm": 0.9449493288993835,
    "protein_iptm": 0.0,
    "complex_plddt": 0.9310600757598877,
    "complex_iplddt": 0.867732048034668,
    "complex_pde": 0.45735129714012146,
    "complex_ipde": 0.8409611582756042,
    "chains_ptm": {
        "0": 0.9475148916244507,
        "1": 0.9420081973075867
    },
    "pair_chains_iptm": {
        "0": {
            "0": 0.9475148916244507,
            "1": 0.5820776224136353
        },
        "1": {
            "0": 0.9449493288993835,
            "1": 0.9420081973075867
        }
    }
}