seed,sample,ranking_score
1,0,0.8049204731207319
1,1,0.8373160988138784
1,2,0.8490119397829197
1,3,0.7914989576571244
1,4,0.8039032055828162
