{
    "confidence_score": 0.9481475949287415,
    "ptm": 0.9511500000953674,
    "iptm": 0.9767085909843445,
    "ligand_iptm": 0.9767085909843445,
    "protein_iptm": 0.0,
    "complex_plddt": 0.9410073161125183,
    "complex_iplddt": 0.9244285821914673,
    "complex_pde": 0.43226873874664307,
    "complex_ipde": 0.5879181027412415,
    "chains_ptm": {
        "0": 0.948979377746582,
        "1": 0.9675199389457703
    },
    "pair_chains_iptm": {
        "0": {
            "0": 0.948979377746582,
            "1": 0.7561799883842468
        },
        "1": {
            "0": 0.9767085909843445,
            "1": 0.9675199389457703
        }
    }
}