{
    "confidence_score": 0.9435448050498962,
    "ptm": 0.9642027020454407,
    "iptm": 0.9619471430778503,
    "ligand_iptm": 0.9619471430778503,
    "protein_iptm": 0.0,
    "complex_plddt": 0.9389441609382629,
    "complex_iplddt": 0.9087764620780945,
    "complex_pde": 0.3779733180999756,
    "complex_ipde": 0.6263548135757446,
    "chains_ptm": {
        "0": 0.964575469493866,
        "1": 0.9156877994537354
    },
    "pair_chains_iptm": {
        "0": {
            "0": 0.964575469493866,
            "1": 0.6160387396812439
        },
        "1": {
            "0": 0.9619471430778503,
            "1": 0.9156877994537354
        }
    }
}