{
    "confidence_score": 0.9362844824790955,
    "ptm": 0.9649975895881653,
    "iptm": 0.9534263610839844,
    "ligand_iptm": 0.9534263610839844,
    "protein_iptm": 0.0,
    "complex_plddt": 0.9319989681243896,
    "complex_iplddt": 0.8628273606300354,
    "complex_pde": 0.38104426860809326,
    "complex_ipde": 0.6795885562896729,
    "chains_ptm": {
        "0": 0.9662514328956604,
        "1": 0.9139397144317627
    },
    "pair_chains_iptm": {
        "0": {
            "0": 0.9662514328956604,
            "1": 0.5674397349357605
        },
        "1": {
            "0": 0.9534263610839844,
            "1": 0.9139397144317627
        }
    }
}