seed,sample,ranking_score
1,0,0.8006611989916782
1,1,0.8940133510328377
1,2,0.8926000314262493
1,3,0.8775309531396241
1,4,0.8077507785491066
