{
    "confidence_score": 0.9491857886314392,
    "ptm": 0.9625976085662842,
    "iptm": 0.969377875328064,
    "ligand_iptm": 0.969377875328064,
    "protein_iptm": 0.0,
    "complex_plddt": 0.944137692451477,
    "complex_iplddt": 0.8916740417480469,
    "complex_pde": 0.37611183524131775,
    "complex_ipde": 0.5713120698928833,
    "chains_ptm": {
        "0": 0.9622551798820496,
        "1": 0.9701540470123291
    },
    "pair_chains_iptm": {
        "0": {
            "0": 0.9622551798820496,
            "1": 0.6961900591850281
        },
        "1": {
            "0": 0.969377875328064,
            "1": 0.9701540470123291
        }
    }
}