{
    "confidence_score": 0.9402984976768494,
    "ptm": 0.9573626518249512,
    "iptm": 0.9704520106315613,
    "ligand_iptm": 0.9704520106315613,
    "protein_iptm": 0.0,
    "complex_plddt": 0.9327600598335266,
    "complex_iplddt": 0.8817638158798218,
    "complex_pde": 0.40459540486335754,
    "complex_ipde": 0.5798306465148926,
    "chains_ptm": {
        "0": 0.9566512703895569,
        "1": 0.9038078188896179
    },
    "pair_chains_iptm": {
        "0": {
            "0": 0.9566512703895569,
            "1": 0.589982807636261
        },
        "1": {
            "0": 0.9704520106315613,
            "1": 0.9038078188896179
        }
    }
}