{
    "confidence_score": 0.9183723330497742,
    "ptm": 0.9401596188545227,
    "iptm": 0.9082143306732178,
    "ligand_iptm": 0.9082143306732178,
    "protein_iptm": 0.0,
    "complex_plddt": 0.9209119081497192,
    "complex_iplddt": 0.8322397470474243,
    "complex_pde": 0.5058686137199402,
    "complex_ipde": 1.0660737752914429,
    "chains_ptm": {
        "0": 0.942243218421936,
        "1": 0.8726872801780701
    },
    "pair_chains_iptm": {
        "0": {
            "0": 0.942243218421936,
            "1": 0.40972936153411865
        },
        "1": {
            "0": 0.9082143306732178,
            "1": 0.8726872801780701
        }
    }
}