{
    "confidence_score": 0.9568748474121094,
    "ptm": 0.946652889251709,
    "iptm": 0.9762025475502014,
    "ligand_iptm": 0.9762025475502014,
    "protein_iptm": 0.0,
    "complex_plddt": 0.9520429372787476,
    "complex_iplddt": 0.9393310546875,
    "complex_pde": 0.4489476680755615,
    "complex_ipde": 0.6390256881713867,
    "chains_ptm": {
        "0": 0.9455816149711609,
        "1": 0.9730140566825867
    },
    "pair_chains_iptm": {
        "0": {
            "0": 0.9455816149711609,
            "1": 0.7003502249717712
        },
        "1": {
            "0": 0.9762025475502014,
            "1": 0.9730140566825867
        }
    }
}