{
    "confidence_score": 0.9528250694274902,
    "ptm": 0.9422509074211121,
    "iptm": 0.9511442184448242,
    "ligand_iptm": 0.9511442184448242,
    "protein_iptm": 0.0,
    "complex_plddt": 0.9532452821731567,
    "complex_iplddt": 0.9228919744491577,
    "complex_pde": 0.4723031520843506,
    "complex_ipde": 0.7678520083427429,
    "chains_ptm": {
        "0": 0.9417664408683777,
        "1": 0.9670982360839844
    },
    "pair_chains_iptm": {
        "0": {
            "0": 0.9417664408683777,
            "1": 0.6258931159973145
        },
        "1": {
            "0": 0.9511442184448242,
            "1": 0.9670982360839844
        }
    }
}