seed,sample,ranking_score
1,0,0.8491773013940582
1,1,0.8494014253837278
1,2,0.8938409586289249
1,3,0.8747330391822745
1,4,0.8677484289875156
