seed,sample,ranking_score
44,0,0.8252377420084323
44,1,0.8363533686698101
44,2,0.8000041251805543
44,3,0.7893765228302919
44,4,0.8161330536374819
9,0,0.8772324548449787
9,1,0.8580121352875809
9,2,0.8820484620229084
9,3,0.83475384508898
9,4,0.8804896057557557
80,0,0.8134234951777466
80,1,0.8234940531639773
80,2,0.8054800268208743
80,3,0.8116012201379982
80,4,0.8112765458024768
