{
    "confidence_score": 0.9448291659355164,
    "ptm": 0.9503031373023987,
    "iptm": 0.97355055809021,
    "ligand_iptm": 0.97355055809021,
    "protein_iptm": 0.0,
    "complex_plddt": 0.9376488924026489,
    "complex_iplddt": 0.9139013886451721,
    "complex_pde": 0.44195353984832764,
    "complex_ipde": 0.5955872535705566,
    "chains_ptm": {
        "0": 0.948198139667511,
        "1": 0.9563920497894287
    },
    "pair_chains_iptm": {
        "0": {
            "0": 0.948198139667511,
            "1": 0.744738757610321
        },
        "1": {
            "0": 0.97355055809021,
            "1": 0.9563920497894287
        }
    }
}