{
    "confidence_score": 0.9464967846870422,
    "ptm": 0.9581103324890137,
    "iptm": 0.9791216254234314,
    "ligand_iptm": 0.9791216254234314,
    "protein_iptm": 0.0,
    "complex_plddt": 0.9383406043052673,
    "complex_iplddt": 0.9090564250946045,
    "complex_pde": 0.3845234513282776,
    "complex_ipde": 0.5063149333000183,
    "chains_ptm": {
        "0": 0.9563616514205933,
        "1": 0.971355140209198
    },
    "pair_chains_iptm": {
        "0": {
            "0": 0.9563616514205933,
            "1": 0.7718108892440796
        },
        "1": {
            "0": 0.9791216254234314,
            "1": 0.971355140209198
        }
    }
}