{
    "confidence_score": 0.946781575679779,
    "ptm": 0.9567567706108093,
    "iptm": 0.9727205038070679,
    "ligand_iptm": 0.9727205038070679,
    "protein_iptm": 0.0,
    "complex_plddt": 0.9402968287467957,
    "complex_iplddt": 0.880547285079956,
    "complex_pde": 0.3920029103755951,
    "complex_ipde": 0.5401710867881775,
    "chains_ptm": {
        "0": 0.9557586908340454,
        "1": 0.944588303565979
    },
    "pair_chains_iptm": {
        "0": {
            "0": 0.9557586908340454,
            "1": 0.6572354435920715
        },
        "1": {
            "0": 0.9727205038070679,
            "1": 0.944588303565979
        }
    }
}