{
    "confidence_score": 0.9422661066055298,
    "ptm": 0.9479482173919678,
    "iptm": 0.9585023522377014,
    "ligand_iptm": 0.9585023522377014,
    "protein_iptm": 0.0,
    "complex_plddt": 0.9382069706916809,
    "complex_iplddt": 0.8946975469589233,
    "complex_pde": 0.46229296922683716,
    "complex_ipde": 0.7237557172775269,
    "chains_ptm": {
        "0": 0.9474474787712097,
        "1": 0.8965104818344116
    },
    "pair_chains_iptm": {
        "0": {
            "0": 0.9474474787712097,
            "1": 0.5136933326721191
        },
        "1": {
            "0": 0.9585023522377014,
            "1": 0.8965104818344116
        }
    }
}