{
    "confidence_score": 0.9439423680305481,
    "ptm": 0.9574626088142395,
    "iptm": 0.949288010597229,
    "ligand_iptm": 0.949288010597229,
    "protein_iptm": 0.0,
    "complex_plddt": 0.9426059722900391,
    "complex_iplddt": 0.9021406769752502,
    "complex_pde": 0.41890642046928406,
    "complex_ipde": 0.727479875087738,
    "chains_ptm": {
        "0": 0.9584065079689026,
        "1": 0.9221044778823853
    },
    "pair_chains_iptm": {
        "0": {
            "0": 0.9584065079689026,
            "1": 0.5667755603790283
        },
        "1": {
            "0": 0.949288010597229,
            "1": 0.9221044778823853
        }
    }
}