{
    "confidence_score": 0.9594779014587402,
    "ptm": 0.9512073397636414,
    "iptm": 0.9680079221725464,
    "ligand_iptm": 0.9680079221725464,
    "protein_iptm": 0.0,
    "complex_plddt": 0.9573453664779663,
    "complex_iplddt": 0.9342769384384155,
    "complex_pde": 0.42753714323043823,
    "complex_ipde": 0.6448683738708496,
    "chains_ptm": {
        "0": 0.950373649597168,
        "1": 0.9798130393028259
    },
    "pair_chains_iptm": {
        "0": {
            "0": 0.950373649597168,
            "1": 0.6838350296020508
        },
        "1": {
            "0": 0.9680079221725464,
            "1": 0.9798130393028259
        }
    }
}