seed,sample,ranking_score
44,0,0.8764465813919677
44,1,0.864211848012922
44,2,0.8316087090894047
44,3,0.8598106933711299
44,4,0.8547064660199106
9,0,0.8363478310603781
9,1,0.8337520566113842
9,2,0.8463328858754829
9,3,0.8045286060666844
9,4,0.8335965564928547
80,0,0.854192728924421
80,1,0.8206596378605365
80,2,0.8452975949325616
80,3,0.851832532325263
80,4,0.8635970007533263
