{
    "confidence_score": 0.9429827928543091,
    "ptm": 0.9644173383712769,
    "iptm": 0.952343761920929,
    "ligand_iptm": 0.952343761920929,
    "protein_iptm": 0.0,
    "complex_plddt": 0.9406424760818481,
    "complex_iplddt": 0.8677074909210205,
    "complex_pde": 0.38808977603912354,
    "complex_ipde": 0.7156470417976379,
    "chains_ptm": {
        "0": 0.9656600952148438,
        "1": 0.9080815315246582
    },
    "pair_chains_iptm": {
        "0": {
            "0": 0.9656600952148438,
            "1": 0.5498812198638916
        },
        "1": {
            "0": 0.952343761920929,
            "1": 0.9080815315246582
        }
    }
}