{
    "confidence_score": 0.9466506242752075,
    "ptm": 0.9538228511810303,
    "iptm": 0.9654514789581299,
    "ligand_iptm": 0.9654514789581299,
    "protein_iptm": 0.0,
    "complex_plddt": 0.9419503808021545,
    "complex_iplddt": 0.9103710055351257,
    "complex_pde": 0.4095572829246521,
    "complex_ipde": 0.6138259172439575,
    "chains_ptm": {
        "0": 0.9531306028366089,
        "1": 0.9561904668807983
    },
    "pair_chains_iptm": {
        "0": {
            "0": 0.9531306028366089,
            "1": 0.6467695236206055
        },
        "1": {
            "0": 0.9654514789581299,
            "1": 0.9561904668807983
        }
    }
}