seed,sample,ranking_score
1,0,0.9274690144578541
1,1,0.9406757352791635
1,2,0.9377256798122373
1,3,0.932157090602052
1,4,0.9276577012068631
