seed,sample,ranking_score
44,0,0.9679940777721038
44,1,0.9692447131243839
44,2,0.9476963325380307
44,3,0.9542422398722814
44,4,0.9530883109317707
9,0,0.9409839446305954
9,1,0.9445331758101367
9,2,0.9415159466719565
9,3,0.9450548705363273
9,4,0.9431208988814292
80,0,0.9518659180704274
80,1,0.963229097602166
80,2,0.9479028598825998
80,3,0.9539267287292891
80,4,0.9520948423928863
