seed,sample,ranking_score
1,0,0.8083473592146053
1,1,0.8104932311446886
1,2,0.835201741325614
1,3,0.8140032153689499
1,4,0.819408889843182
