{
    "confidence_score": 0.9390332102775574,
    "ptm": 0.9724671840667725,
    "iptm": 0.9164712429046631,
    "ligand_iptm": 0.9164712429046631,
    "protein_iptm": 0.0,
    "complex_plddt": 0.9446737170219421,
    "complex_iplddt": 0.9311555624008179,
    "complex_pde": 0.36568182706832886,
    "complex_ipde": 1.026723027229309,
    "chains_ptm": {
        "0": 0.9755107164382935,
        "1": 0.9279900193214417
    },
    "pair_chains_iptm": {
        "0": {
            "0": 0.9755107164382935,
            "1": 0.4402298033237457
        },
        "1": {
            "0": 0.9164712429046631,
            "1": 0.9279900193214417
        }
    }
}