seed,sample,ranking_score
1,0,0.8086821221429853
1,1,0.8037895194317805
1,2,0.8037607936110144
1,3,0.7954134903869523
1,4,0.7915333097840059
