{
    "confidence_score": 0.9513573050498962,
    "ptm": 0.9630820155143738,
    "iptm": 0.9541952013969421,
    "ligand_iptm": 0.9541952013969421,
    "protein_iptm": 0.0,
    "complex_plddt": 0.95064777135849,
    "complex_iplddt": 0.9134809970855713,
    "complex_pde": 0.37707188725471497,
    "complex_ipde": 0.7511012554168701,
    "chains_ptm": {
        "0": 0.9638479948043823,
        "1": 0.9212507009506226
    },
    "pair_chains_iptm": {
        "0": {
            "0": 0.9638479948043823,
            "1": 0.48413902521133423
        },
        "1": {
            "0": 0.9541952013969421,
            "1": 0.9212507009506226
        }
    }
}