{
    "confidence_score": 0.9202722907066345,
    "ptm": 0.9499393701553345,
    "iptm": 0.9105814099311829,
    "ligand_iptm": 0.9105814099311829,
    "protein_iptm": 0.0,
    "complex_plddt": 0.922694981098175,
    "complex_iplddt": 0.8399786949157715,
    "complex_pde": 0.4876185357570648,
    "complex_ipde": 1.0605186223983765,
    "chains_ptm": {
        "0": 0.9537347555160522,
        "1": 0.8711369037628174
    },
    "pair_chains_iptm": {
        "0": {
            "0": 0.9537347555160522,
            "1": 0.4490501284599304
        },
        "1": {
            "0": 0.9105814099311829,
            "1": 0.8711369037628174
        }
    }
}