{
    "confidence_score": 0.9453243613243103,
    "ptm": 0.9622587561607361,
    "iptm": 0.9724714756011963,
    "ligand_iptm": 0.9724714756011963,
    "protein_iptm": 0.0,
    "complex_plddt": 0.93853759765625,
    "complex_iplddt": 0.909563422203064,
    "complex_pde": 0.3833712637424469,
    "complex_ipde": 0.5629873275756836,
    "chains_ptm": {
        "0": 0.9614437222480774,
        "1": 0.9619588851928711
    },
    "pair_chains_iptm": {
        "0": {
            "0": 0.9614437222480774,
            "1": 0.7384873032569885
        },
        "1": {
            "0": 0.9724714756011963,
            "1": 0.9619588851928711
        }
    }
}