{
    "confidence_score": 0.9483994841575623,
    "ptm": 0.9600399136543274,
    "iptm": 0.9753381013870239,
    "ligand_iptm": 0.9753381013870239,
    "protein_iptm": 0.0,
    "complex_plddt": 0.9416647553443909,
    "complex_iplddt": 0.9064839482307434,
    "complex_pde": 0.3790031373500824,
    "complex_ipde": 0.5387360453605652,
    "chains_ptm": {
        "0": 0.9591522812843323,
        "1": 0.9666827917098999
    },
    "pair_chains_iptm": {
        "0": {
            "0": 0.9591522812843323,
            "1": 0.7221401333808899
        },
        "1": {
            "0": 0.9753381013870239,
            "1": 0.9666827917098999
        }
    }
}