seed,sample,ranking_score
1,0,0.9357698106175137
1,1,0.9511310628443913
1,2,0.9537592110696976
1,3,0.9450535685680248
1,4,0.94058993833079
