seed,sample,ranking_score
1,0,0.7677212292714914
1,1,0.8098990420362289
1,2,0.792674704658204
1,3,0.77784320867954
1,4,0.7886055208339037
