{
    "confidence_score": 0.9386209845542908,
    "ptm": 0.9648663997650146,
    "iptm": 0.9704679846763611,
    "ligand_iptm": 0.9704679846763611,
    "protein_iptm": 0.0,
    "complex_plddt": 0.9306592345237732,
    "complex_iplddt": 0.8647112846374512,
    "complex_pde": 0.3823728561401367,
    "complex_ipde": 0.5873627662658691,
    "chains_ptm": {
        "0": 0.96452397108078,
        "1": 0.9411844611167908
    },
    "pair_chains_iptm": {
        "0": {
            "0": 0.96452397108078,
            "1": 0.6777321100234985
        },
        "1": {
            "0": 0.9704679846763611,
            "1": 0.9411844611167908
        }
    }
}