{
    "confidence_score": 0.9390789270401001,
    "ptm": 0.9387444257736206,
    "iptm": 0.8952861428260803,
    "ligand_iptm": 0.8952861428260803,
    "protein_iptm": 0.0,
    "complex_plddt": 0.9500271081924438,
    "complex_iplddt": 0.9445875287055969,
    "complex_pde": 0.5141017436981201,
    "complex_ipde": 1.2577955722808838,
    "chains_ptm": {
        "0": 0.9414306282997131,
        "1": 0.8985037207603455
    },
    "pair_chains_iptm": {
        "0": {
            "0": 0.9414306282997131,
            "1": 0.44419485330581665
        },
        "1": {
            "0": 0.8952861428260803,
            "1": 0.8985037207603455
        }
    }
}