{
    "confidence_score": 0.9419842958450317,
    "ptm": 0.9679135084152222,
    "iptm": 0.9424355626106262,
    "ligand_iptm": 0.9424355626106262,
    "protein_iptm": 0.0,
    "complex_plddt": 0.9418714046478271,
    "complex_iplddt": 0.8805423974990845,
    "complex_pde": 0.37187933921813965,
    "complex_ipde": 0.7868607044219971,
    "chains_ptm": {
        "0": 0.9694470167160034,
        "1": 0.9568090438842773
    },
    "pair_chains_iptm": {
        "0": {
            "0": 0.9694470167160034,
            "1": 0.5595700144767761
        },
        "1": {
            "0": 0.9424355626106262,
            "1": 0.9568090438842773
        }
    }
}