{
    "confidence_score": 0.9494579434394836,
    "ptm": 0.96310955286026,
    "iptm": 0.9764816761016846,
    "ligand_iptm": 0.9764816761016846,
    "protein_iptm": 0.0,
    "complex_plddt": 0.9427019953727722,
    "complex_iplddt": 0.9262879490852356,
    "complex_pde": 0.3707396984100342,
    "complex_ipde": 0.5151932239532471,
    "chains_ptm": {
        "0": 0.96190345287323,
        "1": 0.9666851162910461
    },
    "pair_chains_iptm": {
        "0": {
            "0": 0.96190345287323,
            "1": 0.755206823348999
        },
        "1": {
            "0": 0.9764816761016846,
            "1": 0.9666851162910461
        }
    }
}