{
    "confidence_score": 0.9481606483459473,
    "ptm": 0.9548617005348206,
    "iptm": 0.9191967248916626,
    "ligand_iptm": 0.9191967248916626,
    "protein_iptm": 0.0,
    "complex_plddt": 0.9554016590118408,
    "complex_iplddt": 0.9075637459754944,
    "complex_pde": 0.43936020135879517,
    "complex_ipde": 1.1428271532058716,
    "chains_ptm": {
        "0": 0.9565485715866089,
        "1": 0.9244910478591919
    },
    "pair_chains_iptm": {
        "0": {
            "0": 0.9565485715866089,
            "1": 0.48094964027404785
        },
        "1": {
            "0": 0.9191967248916626,
            "1": 0.9244910478591919
        }
    }
}