seed,sample,ranking_score
1,0,0.8418274492188688
1,1,0.8905064030561224
1,2,0.8899604861081069
1,3,0.8763559759684676
1,4,0.8664944860312863
