seed,sample,ranking_score
1,0,0.8886316454950175
1,1,0.8756573376751715
1,2,0.9019065731407225
1,3,0.8813719427888783
1,4,0.8745239500118863
