seed,sample,ranking_score
1,0,0.8240797333686699
1,1,0.8358683789011785
1,2,0.8431525322692542
1,3,0.8248046481251441
1,4,0.8417013108941817
