seed,sample,ranking_score
1,0,0.8263042358512768
1,1,0.8577664107306813
1,2,0.8533502416109698
1,3,0.8409399246375916
1,4,0.8329795273586927
