{
    "confidence_score": 0.9489464163780212,
    "ptm": 0.9673211574554443,
    "iptm": 0.9500371217727661,
    "ligand_iptm": 0.9500371217727661,
    "protein_iptm": 0.0,
    "complex_plddt": 0.9486737251281738,
    "complex_iplddt": 0.9070152640342712,
    "complex_pde": 0.3724784553050995,
    "complex_ipde": 0.7432862520217896,
    "chains_ptm": {
        "0": 0.9684014916419983,
        "1": 0.9514872431755066
    },
    "pair_chains_iptm": {
        "0": {
            "0": 0.9684014916419983,
            "1": 0.5853121280670166
        },
        "1": {
            "0": 0.9500371217727661,
            "1": 0.9514872431755066
        }
    }
}