seed,sample,ranking_score
1,0,0.7051474594983261
1,1,0.6435666708215536
1,2,0.6230243522437415
1,3,0.6784926709480494
1,4,0.6419027928242751
