{
    "confidence_score": 0.9525213241577148,
    "ptm": 0.9672512412071228,
    "iptm": 0.9447741508483887,
    "ligand_iptm": 0.9447741508483887,
    "protein_iptm": 0.0,
    "complex_plddt": 0.9544581770896912,
    "complex_iplddt": 0.9241652488708496,
    "complex_pde": 0.3670365810394287,
    "complex_ipde": 0.7119225859642029,
    "chains_ptm": {
        "0": 0.9685410857200623,
        "1": 0.9217900037765503
    },
    "pair_chains_iptm": {
        "0": {
            "0": 0.9685410857200623,
            "1": 0.4898839294910431
        },
        "1": {
            "0": 0.9447741508483887,
            "1": 0.9217900037765503
        }
    }
}