{
    "confidence_score": 0.9512077569961548,
    "ptm": 0.9437237977981567,
    "iptm": 0.9557378888130188,
    "ligand_iptm": 0.9557378888130188,
    "protein_iptm": 0.0,
    "complex_plddt": 0.9500752091407776,
    "complex_iplddt": 0.9360352158546448,
    "complex_pde": 0.4840258061885834,
    "complex_ipde": 0.7954509258270264,
    "chains_ptm": {
        "0": 0.9431783556938171,
        "1": 0.9628983736038208
    },
    "pair_chains_iptm": {
        "0": {
            "0": 0.9431783556938171,
            "1": 0.611993134021759
        },
        "1": {
            "0": 0.9557378888130188,
            "1": 0.9628983736038208
        }
    }
}