{
    "confidence_score": 0.9560341238975525,
    "ptm": 0.9627265334129333,
    "iptm": 0.9573847651481628,
    "ligand_iptm": 0.9573847651481628,
    "protein_iptm": 0.0,
    "complex_plddt": 0.9556964635848999,
    "complex_iplddt": 0.9366825819015503,
    "complex_pde": 0.37406596541404724,
    "complex_ipde": 0.7576687932014465,
    "chains_ptm": {
        "0": 0.962993860244751,
        "1": 0.9699743390083313
    },
    "pair_chains_iptm": {
        "0": {
            "0": 0.962993860244751,
            "1": 0.5375241041183472
        },
        "1": {
            "0": 0.9573847651481628,
            "1": 0.9699743390083313
        }
    }
}