seed,sample,ranking_score
1,0,0.811091589352787
1,1,0.8142334697391825
1,2,0.8345358081969312
1,3,0.8150924495585588
1,4,0.8297903049532303
