seed,sample,ranking_score
1,0,0.7277308085966119
1,1,0.7461743512124637
1,2,0.7748117001253816
1,3,0.7168055350584472
1,4,0.7559736191995741
