{
    "confidence_score": 0.9469893574714661,
    "ptm": 0.9441091418266296,
    "iptm": 0.9586259722709656,
    "ligand_iptm": 0.9586259722709656,
    "protein_iptm": 0.0,
    "complex_plddt": 0.9440801739692688,
    "complex_iplddt": 0.9214743971824646,
    "complex_pde": 0.4644184410572052,
    "complex_ipde": 0.7506282925605774,
    "chains_ptm": {
        "0": 0.9430766105651855,
        "1": 0.9689597487449646
    },
    "pair_chains_iptm": {
        "0": {
            "0": 0.9430766105651855,
            "1": 0.6804232597351074
        },
        "1": {
            "0": 0.9586259722709656,
            "1": 0.9689597487449646
        }
    }
}