seed,sample,ranking_score
1,0,0.7659002616594988
1,1,0.7546731570497619
1,2,0.4520794990823004
1,3,0.7782821271256497
1,4,0.7562260403631612
