{
    "confidence_score": 0.9367935061454773,
    "ptm": 0.953524649143219,
    "iptm": 0.928475022315979,
    "ligand_iptm": 0.928475022315979,
    "protein_iptm": 0.0,
    "complex_plddt": 0.9388731122016907,
    "complex_iplddt": 0.8839452862739563,
    "complex_pde": 0.45897072553634644,
    "complex_ipde": 0.9175273776054382,
    "chains_ptm": {
        "0": 0.9561482071876526,
        "1": 0.8910772204399109
    },
    "pair_chains_iptm": {
        "0": {
            "0": 0.9561482071876526,
            "1": 0.45506584644317627
        },
        "1": {
            "0": 0.928475022315979,
            "1": 0.8910772204399109
        }
    }
}