{
    "confidence_score": 0.9454004168510437,
    "ptm": 0.9642099738121033,
    "iptm": 0.9792211055755615,
    "ligand_iptm": 0.9792211055755615,
    "protein_iptm": 0.0,
    "complex_plddt": 0.9369453191757202,
    "complex_iplddt": 0.9142195582389832,
    "complex_pde": 0.36511853337287903,
    "complex_ipde": 0.4958769977092743,
    "chains_ptm": {
        "0": 0.9629923105239868,
        "1": 0.9699677228927612
    },
    "pair_chains_iptm": {
        "0": {
            "0": 0.9629923105239868,
            "1": 0.7832834124565125
        },
        "1": {
            "0": 0.9792211055755615,
            "1": 0.9699677228927612
        }
    }
}