seed,sample,ranking_score
1,0,0.8262533040525513
1,1,0.827323216148935
1,2,0.9020616422930048
1,3,0.8715303708503542
1,4,0.9004706678939105
