{
    "confidence_score": 0.9534904360771179,
    "ptm": 0.9532488584518433,
    "iptm": 0.9621402621269226,
    "ligand_iptm": 0.9621402621269226,
    "protein_iptm": 0.0,
    "complex_plddt": 0.9513280391693115,
    "complex_iplddt": 0.9114668369293213,
    "complex_pde": 0.4175368547439575,
    "complex_ipde": 0.6537429690361023,
    "chains_ptm": {
        "0": 0.9529431462287903,
        "1": 0.9696545600891113
    },
    "pair_chains_iptm": {
        "0": {
            "0": 0.9529431462287903,
            "1": 0.5983789563179016
        },
        "1": {
            "0": 0.9621402621269226,
            "1": 0.9696545600891113
        }
    }
}