seed,sample,ranking_score
1,0,0.8687984326556025
1,1,0.8641543221726485
1,2,0.8642426348961697
1,3,0.8698346898271466
1,4,0.8718533697601664
