{
    "confidence_score": 0.9402942657470703,
    "ptm": 0.9621598124504089,
    "iptm": 0.9247254133224487,
    "ligand_iptm": 0.9247254133224487,
    "protein_iptm": 0.0,
    "complex_plddt": 0.9441864490509033,
    "complex_iplddt": 0.8721794486045837,
    "complex_pde": 0.3913116753101349,
    "complex_ipde": 0.8896001577377319,
    "chains_ptm": {
        "0": 0.96415114402771,
        "1": 0.9543669819831848
    },
    "pair_chains_iptm": {
        "0": {
            "0": 0.96415114402771,
            "1": 0.47837454080581665
        },
        "1": {
            "0": 0.9247254133224487,
            "1": 0.9543669819831848
        }
    }
}