{
    "confidence_score": 0.9550372958183289,
    "ptm": 0.9496270418167114,
    "iptm": 0.9518349170684814,
    "ligand_iptm": 0.9518349170684814,
    "protein_iptm": 0.0,
    "complex_plddt": 0.9558379650115967,
    "complex_iplddt": 0.9308052062988281,
    "complex_pde": 0.4471700191497803,
    "complex_ipde": 0.7806490063667297,
    "chains_ptm": {
        "0": 0.9496331810951233,
        "1": 0.8738643527030945
    },
    "pair_chains_iptm": {
        "0": {
            "0": 0.9496331810951233,
            "1": 0.4899406135082245
        },
        "1": {
            "0": 0.9518349170684814,
            "1": 0.8738643527030945
        }
    }
}