seed,sample,ranking_score
44,0,0.9039035261965923
44,1,0.917775096907495
44,2,0.881436730647186
44,3,0.8739007449600147
44,4,0.7780701862634496
9,0,0.8556557694284903
9,1,0.8440669981788015
9,2,0.8892796338779114
9,3,0.8684386428081395
9,4,0.8790073135186995
80,0,0.8842627190149546
80,1,0.8881052066243528
80,2,0.8782037324650064
80,3,0.872394206405494
80,4,0.8810947850959968
