seed,sample,ranking_score
1,0,0.7752588336247517
1,1,0.8158576051160363
1,2,0.8371489991339309
1,3,0.8191922576370463
1,4,0.8280458993021065
