seed,sample,ranking_score
1,0,0.8406245148611097
1,1,0.8265845652022935
1,2,0.863917389446716
1,3,0.8295700190726479
1,4,0.851009425392104
