seed,sample,ranking_score
1,0,0.8389035707314111
1,1,0.8348716515322319
1,2,0.8235882548452785
1,3,0.8231148184984256
1,4,0.803337116114267
