{
    "confidence_score": 0.9314083456993103,
    "ptm": 0.9334713816642761,
    "iptm": 0.869348406791687,
    "ligand_iptm": 0.869348406791687,
    "protein_iptm": 0.0,
    "complex_plddt": 0.9469233155250549,
    "complex_iplddt": 0.893468976020813,
    "complex_pde": 0.5566578507423401,
    "complex_ipde": 1.9029595851898193,
    "chains_ptm": {
        "0": 0.9361695051193237,
        "1": 0.9439953565597534
    },
    "pair_chains_iptm": {
        "0": {
            "0": 0.9361695051193237,
            "1": 0.34653356671333313
        },
        "1": {
            "0": 0.869348406791687,
            "1": 0.9439953565597534
        }
    }
}