seed,sample,ranking_score
1,0,0.9367484387552321
1,1,0.9512559159612124
1,2,0.9499153599615848
1,3,0.9377842310172679
1,4,0.9420981653387027
