{
    "confidence_score": 0.9350252151489258,
    "ptm": 0.954063355922699,
    "iptm": 0.9627707600593567,
    "ligand_iptm": 0.9627707600593567,
    "protein_iptm": 0.0,
    "complex_plddt": 0.9280887842178345,
    "complex_iplddt": 0.870629072189331,
    "complex_pde": 0.4210505485534668,
    "complex_ipde": 0.6513873338699341,
    "chains_ptm": {
        "0": 0.953389048576355,
        "1": 0.9513953328132629
    },
    "pair_chains_iptm": {
        "0": {
            "0": 0.953389048576355,
            "1": 0.6811807751655579
        },
        "1": {
            "0": 0.9627707600593567,
            "1": 0.9513953328132629
        }
    }
}