seed,sample,ranking_score
1,0,0.829630792653846
1,1,0.8398222274906793
1,2,0.8428371740483822
1,3,0.8275642496223163
1,4,0.8205413670497709
