seed,sample,ranking_score
1,0,0.8581775256279689
1,1,0.8726377044377304
1,2,0.8973022448251046
1,3,0.8784992083085296
1,4,0.8873191629626469
