seed,sample,ranking_score
1,0,0.8398983069039799
1,1,0.852665156101817
1,2,0.8607909644530428
1,3,0.8910159563315239
1,4,0.8498229829250751
