{
    "confidence_score": 0.9331144690513611,
    "ptm": 0.9501418471336365,
    "iptm": 0.8842813372612,
    "ligand_iptm": 0.8842813372612,
    "protein_iptm": 0.0,
    "complex_plddt": 0.9453226923942566,
    "complex_iplddt": 0.8886756300926208,
    "complex_pde": 0.45903313159942627,
    "complex_ipde": 1.2136937379837036,
    "chains_ptm": {
        "0": 0.9544620513916016,
        "1": 0.950975775718689
    },
    "pair_chains_iptm": {
        "0": {
            "0": 0.9544620513916016,
            "1": 0.43385496735572815
        },
        "1": {
            "0": 0.8842813372612,
            "1": 0.950975775718689
        }
    }
}