{
    "confidence_score": 0.9573360681533813,
    "ptm": 0.9482845664024353,
    "iptm": 0.9828241467475891,
    "ligand_iptm": 0.9828241467475891,
    "protein_iptm": 0.0,
    "complex_plddt": 0.9509640336036682,
    "complex_iplddt": 0.9507991671562195,
    "complex_pde": 0.44513607025146484,
    "complex_ipde": 0.5464436411857605,
    "chains_ptm": {
        "0": 0.9467689990997314,
        "1": 0.9334626197814941
    },
    "pair_chains_iptm": {
        "0": {
            "0": 0.9467689990997314,
            "1": 0.5943469405174255
        },
        "1": {
            "0": 0.9828241467475891,
            "1": 0.9334626197814941
        }
    }
}