seed,sample,ranking_score
1,0,0.9494624705143059
1,1,0.972584303650842
1,2,0.9708563075050641
1,3,0.9504104667656806
1,4,0.9550768269221006
