seed,sample,ranking_score
1,0,0.8415997476580485
1,1,0.8813434069292504
1,2,0.8899847443752777
1,3,0.8783757971227506
1,4,0.841912100619974
