{
    "confidence_score": 0.9330417513847351,
    "ptm": 0.9604741930961609,
    "iptm": 0.895078718662262,
    "ligand_iptm": 0.895078718662262,
    "protein_iptm": 0.0,
    "complex_plddt": 0.9425325393676758,
    "complex_iplddt": 0.9131950736045837,
    "complex_pde": 0.4279107451438904,
    "complex_ipde": 1.3990036249160767,
    "chains_ptm": {
        "0": 0.9640663266181946,
        "1": 0.9632138609886169
    },
    "pair_chains_iptm": {
        "0": {
            "0": 0.9640663266181946,
            "1": 0.47099944949150085
        },
        "1": {
            "0": 0.895078718662262,
            "1": 0.9632138609886169
        }
    }
}