seed,sample,ranking_score
1,0,0.8701095402151717
1,1,0.8910043951251816
1,2,0.8986430501382909
1,3,0.8847005656608478
1,4,0.8651134967047625
