{
    "confidence_score": 0.9627941250801086,
    "ptm": 0.9631630778312683,
    "iptm": 0.9817763566970825,
    "ligand_iptm": 0.9817763566970825,
    "protein_iptm": 0.0,
    "complex_plddt": 0.9580485820770264,
    "complex_iplddt": 0.9402434229850769,
    "complex_pde": 0.35747504234313965,
    "complex_ipde": 0.5086870193481445,
    "chains_ptm": {
        "0": 0.9625228643417358,
        "1": 0.9757234454154968
    },
    "pair_chains_iptm": {
        "0": {
            "0": 0.9625228643417358,
            "1": 0.7326145768165588
        },
        "1": {
            "0": 0.9817763566970825,
            "1": 0.9757234454154968
        }
    }
}