seed,sample,ranking_score
1,0,0.7123080509193065
1,1,0.7332547296570542
1,2,0.7149352860352998
1,3,0.7157081779761671
1,4,0.7154231124071744
