seed,sample,ranking_score
1,0,0.9045487368840792
1,1,0.8968200718983492
1,2,0.9231188936522858
1,3,0.8841034847633227
1,4,0.9072295557440015
