seed,sample,ranking_score
44,0,0.9771117425427577
44,1,0.9789248348381921
44,2,0.9554250520911317
44,3,0.9618808874156495
44,4,0.9643033457395923
9,0,0.9533088888127573
9,1,0.954348896996012
9,2,0.956012100389476
9,3,0.9547038717137336
9,4,0.9524727817301667
80,0,0.9545725160763489
80,1,0.9600753214538993
80,2,0.9548752780549307
80,3,0.9594042307272025
80,4,0.9548485347403006
