{
    "confidence_score": 0.9480396509170532,
    "ptm": 0.9620373249053955,
    "iptm": 0.9699476361274719,
    "ligand_iptm": 0.9699476361274719,
    "protein_iptm": 0.0,
    "complex_plddt": 0.9425625801086426,
    "complex_iplddt": 0.8779503703117371,
    "complex_pde": 0.3739396631717682,
    "complex_ipde": 0.5762072801589966,
    "chains_ptm": {
        "0": 0.9618237614631653,
        "1": 0.9664177894592285
    },
    "pair_chains_iptm": {
        "0": {
            "0": 0.9618237614631653,
            "1": 0.7148979902267456
        },
        "1": {
            "0": 0.9699476361274719,
            "1": 0.9664177894592285
        }
    }
}