{
    "confidence_score": 0.9528830647468567,
    "ptm": 0.9392046928405762,
    "iptm": 0.9563894271850586,
    "ligand_iptm": 0.9563894271850586,
    "protein_iptm": 0.0,
    "complex_plddt": 0.952006459236145,
    "complex_iplddt": 0.9344874024391174,
    "complex_pde": 0.47857367992401123,
    "complex_ipde": 0.7665185928344727,
    "chains_ptm": {
        "0": 0.9384725093841553,
        "1": 0.9334108233451843
    },
    "pair_chains_iptm": {
        "0": {
            "0": 0.9384725093841553,
            "1": 0.48315346240997314
        },
        "1": {
            "0": 0.9563894271850586,
            "1": 0.9334108233451843
        }
    }
}