seed,sample,ranking_score
1,0,0.9342711745524048
1,1,0.9484852519195216
1,2,0.9455899700998801
1,3,0.9296757856222386
1,4,0.920555305242015
