{
    "confidence_score": 0.9465953707695007,
    "ptm": 0.9606622457504272,
    "iptm": 0.955659806728363,
    "ligand_iptm": 0.955659806728363,
    "protein_iptm": 0.0,
    "complex_plddt": 0.9443292617797852,
    "complex_iplddt": 0.902623176574707,
    "complex_pde": 0.384876012802124,
    "complex_ipde": 0.6879940032958984,
    "chains_ptm": {
        "0": 0.9608721137046814,
        "1": 0.9768363237380981
    },
    "pair_chains_iptm": {
        "0": {
            "0": 0.9608721137046814,
            "1": 0.6142451167106628
        },
        "1": {
            "0": 0.955659806728363,
            "1": 0.9768363237380981
        }
    }
}