{
    "confidence_score": 0.9423528909683228,
    "ptm": 0.9450328946113586,
    "iptm": 0.8777187466621399,
    "ligand_iptm": 0.8777187466621399,
    "protein_iptm": 0.0,
    "complex_plddt": 0.9585113525390625,
    "complex_iplddt": 0.9090450406074524,
    "complex_pde": 0.50437331199646,
    "complex_ipde": 1.7757998704910278,
    "chains_ptm": {
        "0": 0.9477773308753967,
        "1": 0.9452269077301025
    },
    "pair_chains_iptm": {
        "0": {
            "0": 0.9477773308753967,
            "1": 0.3449210822582245
        },
        "1": {
            "0": 0.8777187466621399,
            "1": 0.9452269077301025
        }
    }
}