{
    "confidence_score": 0.9311796426773071,
    "ptm": 0.9475729465484619,
    "iptm": 0.8367893099784851,
    "ligand_iptm": 0.8367893099784851,
    "protein_iptm": 0.0,
    "complex_plddt": 0.9547772407531738,
    "complex_iplddt": 0.91036456823349,
    "complex_pde": 0.5921017527580261,
    "complex_ipde": 2.742783546447754,
    "chains_ptm": {
        "0": 0.9543788433074951,
        "1": 0.8989187479019165
    },
    "pair_chains_iptm": {
        "0": {
            "0": 0.9543788433074951,
            "1": 0.3957086205482483
        },
        "1": {
            "0": 0.8367893099784851,
            "1": 0.8989187479019165
        }
    }
}