seed,sample,ranking_score
1,0,0.8522342046576633
1,1,0.8837683255055561
1,2,0.8952302619457869
1,3,0.890758509997752
1,4,0.8639673099674253
