seed,sample,ranking_score
1,0,0.9498986586304272
1,1,0.9725570600069041
1,2,0.9705674235942146
1,3,0.9517425710375579
1,4,0.9549520391337958
