seed,sample,ranking_score
1,0,0.8214209556428146
1,1,0.8353267255998628
1,2,0.8035723121144065
1,3,0.8151516088489055
1,4,0.8374512733217816
