{
    "confidence_score": 0.946150004863739,
    "ptm": 0.9560412764549255,
    "iptm": 0.9824183583259583,
    "ligand_iptm": 0.9824183583259583,
    "protein_iptm": 0.0,
    "complex_plddt": 0.9370829463005066,
    "complex_iplddt": 0.9213284850120544,
    "complex_pde": 0.392739474773407,
    "complex_ipde": 0.5004674792289734,
    "chains_ptm": {
        "0": 0.9538390636444092,
        "1": 0.9742608070373535
    },
    "pair_chains_iptm": {
        "0": {
            "0": 0.9538390636444092,
            "1": 0.792803168296814
        },
        "1": {
            "0": 0.9824183583259583,
            "1": 0.9742608070373535
        }
    }
}