seed,sample,ranking_score
1,0,0.865188910795527
1,1,0.8644476038682251
1,2,0.8670258803662828
1,3,0.8694683245342127
1,4,0.8766365436242101
