seed,sample,ranking_score
1,0,0.919400141383955
1,1,0.9187233994357737
1,2,0.9359388523483557
1,3,0.9181259256019588
1,4,0.9337550495618665
