seed,sample,ranking_score
1,0,0.5929897267827858
1,1,0.668096415057141
1,2,0.6079197045671433
1,3,0.6309785454334547
1,4,0.5879262817009975
