seed,sample,ranking_score
1,0,0.785962077942085
1,1,0.8260011009363535
1,2,0.7996748139690278
1,3,0.7701384467173228
1,4,0.7992909027227303
