{
    "confidence_score": 0.9341130256652832,
    "ptm": 0.9482100605964661,
    "iptm": 0.9358114004135132,
    "ligand_iptm": 0.9358114004135132,
    "protein_iptm": 0.0,
    "complex_plddt": 0.9336884617805481,
    "complex_iplddt": 0.8696881532669067,
    "complex_pde": 0.462553471326828,
    "complex_ipde": 0.8467229008674622,
    "chains_ptm": {
        "0": 0.9494022727012634,
        "1": 0.9087851047515869
    },
    "pair_chains_iptm": {
        "0": {
            "0": 0.9494022727012634,
            "1": 0.5095160603523254
        },
        "1": {
            "0": 0.9358114004135132,
            "1": 0.9087851047515869
        }
    }
}