seed,sample,ranking_score
1,0,0.8371146035379047
1,1,0.8323385507222734
1,2,0.8306983478489038
1,3,0.8343443914775092
1,4,0.8222036086907517
