{
    "confidence_score": 0.9411622285842896,
    "ptm": 0.9491644501686096,
    "iptm": 0.9645237326622009,
    "ligand_iptm": 0.9645237326622009,
    "protein_iptm": 0.0,
    "complex_plddt": 0.9353218674659729,
    "complex_iplddt": 0.8776805996894836,
    "complex_pde": 0.43585219979286194,
    "complex_ipde": 0.6484974026679993,
    "chains_ptm": {
        "0": 0.9482888579368591,
        "1": 0.9126336574554443
    },
    "pair_chains_iptm": {
        "0": {
            "0": 0.9482888579368591,
            "1": 0.5733358263969421
        },
        "1": {
            "0": 0.9645237326622009,
            "1": 0.9126336574554443
        }
    }
}