{
    "confidence_score": 0.930203378200531,
    "ptm": 0.9554347991943359,
    "iptm": 0.8872753381729126,
    "ligand_iptm": 0.8872753381729126,
    "protein_iptm": 0.0,
    "complex_plddt": 0.9409353733062744,
    "complex_iplddt": 0.8649945855140686,
    "complex_pde": 0.44649866223335266,
    "complex_ipde": 1.302162766456604,
    "chains_ptm": {
        "0": 0.9588322043418884,
        "1": 0.957874596118927
    },
    "pair_chains_iptm": {
        "0": {
            "0": 0.9588322043418884,
            "1": 0.47025245428085327
        },
        "1": {
            "0": 0.8872753381729126,
            "1": 0.957874596118927
        }
    }
}