seed,sample,ranking_score
1,0,0.8276625530921122
1,1,0.8374878814267882
1,2,0.8301354494999753
1,3,0.8345431325475778
1,4,0.8200834216494293
