{
    "confidence_score": 0.953362762928009,
    "ptm": 0.9505512118339539,
    "iptm": 0.9808363318443298,
    "ligand_iptm": 0.9808363318443298,
    "protein_iptm": 0.0,
    "complex_plddt": 0.9464944005012512,
    "complex_iplddt": 0.9492270350456238,
    "complex_pde": 0.429951936006546,
    "complex_ipde": 0.5082355737686157,
    "chains_ptm": {
        "0": 0.9485068321228027,
        "1": 0.9512341022491455
    },
    "pair_chains_iptm": {
        "0": {
            "0": 0.9485068321228027,
            "1": 0.7293254137039185
        },
        "1": {
            "0": 0.9808363318443298,
            "1": 0.9512341022491455
        }
    }
}