seed,sample,ranking_score
1,0,0.8962563393933841
1,1,0.8939344575008398
1,2,0.9142317702353231
1,3,0.8944638954188152
1,4,0.9021012591568346
