seed,sample,ranking_score
1,0,0.8682748370150876
1,1,0.8331249280697702
1,2,0.8892124773887812
1,3,0.8696833510158359
1,4,0.856270572248301
