seed,sample,ranking_score
1,0,0.9131424291316828
1,1,0.9041858628744642
1,2,0.9340063770410848
1,3,0.9067266085482041
1,4,0.9132318292839791
