seed,sample,ranking_score
1,0,0.8505503944850752
1,1,0.8528574774152379
1,2,0.852022961683785
1,3,0.8624528749619698
1,4,0.8729633322741505
