seed,sample,ranking_score
1,0,0.8490686610878253
1,1,0.842904100897049
1,2,0.86378334644197
1,3,0.853629662804408
1,4,0.8508905978898306
