seed,sample,ranking_score
1,0,0.8280139682890612
1,1,0.8357401733204504
1,2,0.8473938555267806
1,3,0.8030520749505359
1,4,0.8422687722554756
