{
    "confidence_score": 0.9539183974266052,
    "ptm": 0.9587281942367554,
    "iptm": 0.9424201846122742,
    "ligand_iptm": 0.9424201846122742,
    "protein_iptm": 0.0,
    "complex_plddt": 0.956792950630188,
    "complex_iplddt": 0.9143340587615967,
    "complex_pde": 0.40323299169540405,
    "complex_ipde": 0.7324642539024353,
    "chains_ptm": {
        "0": 0.9596797227859497,
        "1": 0.9362584948539734
    },
    "pair_chains_iptm": {
        "0": {
            "0": 0.9596797227859497,
            "1": 0.5184327960014343
        },
        "1": {
            "0": 0.9424201846122742,
            "1": 0.9362584948539734
        }
    }
}