{
    "confidence_score": 0.9485220313072205,
    "ptm": 0.9464812278747559,
    "iptm": 0.9684996604919434,
    "ligand_iptm": 0.9684996604919434,
    "protein_iptm": 0.0,
    "complex_plddt": 0.9435276389122009,
    "complex_iplddt": 0.9246322512626648,
    "complex_pde": 0.4475077688694,
    "complex_ipde": 0.6076924800872803,
    "chains_ptm": {
        "0": 0.9448044300079346,
        "1": 0.9509894847869873
    },
    "pair_chains_iptm": {
        "0": {
            "0": 0.9448044300079346,
            "1": 0.6675572991371155
        },
        "1": {
            "0": 0.9684996604919434,
            "1": 0.9509894847869873
        }
    }
}