{
    "confidence_score": 0.9444145560264587,
    "ptm": 0.9525652527809143,
    "iptm": 0.9572194814682007,
    "ligand_iptm": 0.9572194814682007,
    "protein_iptm": 0.0,
    "complex_plddt": 0.9412132501602173,
    "complex_iplddt": 0.9132829904556274,
    "complex_pde": 0.4508381485939026,
    "complex_ipde": 0.7532459497451782,
    "chains_ptm": {
        "0": 0.9522901177406311,
        "1": 0.8570646643638611
    },
    "pair_chains_iptm": {
        "0": {
            "0": 0.9522901177406311,
            "1": 0.5674811005592346
        },
        "1": {
            "0": 0.9572194814682007,
            "1": 0.8570646643638611
        }
    }
}