seed,sample,ranking_score
1,0,0.7774745099806115
1,1,0.8163868379220712
1,2,0.834994043758497
1,3,0.8160234618774767
1,4,0.8321764132685803
