seed,sample,ranking_score
44,0,0.901958079657033
44,1,0.9083221561191772
44,2,0.8837657861120684
44,3,0.8829319218851478
44,4,0.8926718630227537
9,0,0.8780951769270644
9,1,0.8794970643245323
9,2,0.8696482084014013
9,3,0.8760013177821702
9,4,0.8769651988660275
80,0,0.8761303467769335
80,1,0.8726567829297056
80,2,0.8709122866569385
80,3,0.8720535847080415
80,4,0.8687636750467146
