seed,sample,ranking_score
1,0,0.8353879652494275
1,1,0.8497978815566328
1,2,0.8581781338558097
1,3,0.8409041749041681
1,4,0.8449328671587206
