{
    "confidence_score": 0.9537000060081482,
    "ptm": 0.9650663733482361,
    "iptm": 0.9523137807846069,
    "ligand_iptm": 0.9523137807846069,
    "protein_iptm": 0.0,
    "complex_plddt": 0.9540464878082275,
    "complex_iplddt": 0.9191870093345642,
    "complex_pde": 0.3775969445705414,
    "complex_ipde": 0.7500914931297302,
    "chains_ptm": {
        "0": 0.9657875895500183,
        "1": 0.9561135768890381
    },
    "pair_chains_iptm": {
        "0": {
            "0": 0.9657875895500183,
            "1": 0.47339773178100586
        },
        "1": {
            "0": 0.9523137807846069,
            "1": 0.9561135768890381
        }
    }
}