seed,sample,ranking_score
1,0,0.8455395768150856
1,1,0.8254404809256943
1,2,0.8467903097836931
1,3,0.8233774903160292
1,4,0.8572948456660746
