{
    "confidence_score": 0.9614179730415344,
    "ptm": 0.948694109916687,
    "iptm": 0.9695508480072021,
    "ligand_iptm": 0.9695508480072021,
    "protein_iptm": 0.0,
    "complex_plddt": 0.9593847990036011,
    "complex_iplddt": 0.9503434896469116,
    "complex_pde": 0.43420910835266113,
    "complex_ipde": 0.6399681568145752,
    "chains_ptm": {
        "0": 0.94768226146698,
        "1": 0.9555602073669434
    },
    "pair_chains_iptm": {
        "0": {
            "0": 0.94768226146698,
            "1": 0.6767076849937439
        },
        "1": {
            "0": 0.9695508480072021,
            "1": 0.9555602073669434
        }
    }
}