seed,sample,ranking_score
44,0,0.8419073605745828
44,1,0.8359300443987543
44,2,0.8136390362601497
44,3,0.8195617486171003
44,4,0.8241649046299337
9,0,0.8063904190964816
9,1,0.8077764716979788
9,2,0.8062238337001517
9,3,0.8076136602434066
9,4,0.8033775408225232
80,0,0.7923397110652675
80,1,0.8121103040878722
80,2,0.8139617215499386
80,3,0.8142009388111637
80,4,0.7934350246462485
