{
    "confidence_score": 0.9641817212104797,
    "ptm": 0.9498257637023926,
    "iptm": 0.9865039587020874,
    "ligand_iptm": 0.9865039587020874,
    "protein_iptm": 0.0,
    "complex_plddt": 0.9586011171340942,
    "complex_iplddt": 0.9548623561859131,
    "complex_pde": 0.41983240842819214,
    "complex_ipde": 0.49799540638923645,
    "chains_ptm": {
        "0": 0.9484754800796509,
        "1": 0.9858442544937134
    },
    "pair_chains_iptm": {
        "0": {
            "0": 0.9484754800796509,
            "1": 0.7751076221466064
        },
        "1": {
            "0": 0.9865039587020874,
            "1": 0.9858442544937134
        }
    }
}