{
    "confidence_score": 0.9481946229934692,
    "ptm": 0.9523237943649292,
    "iptm": 0.9504839777946472,
    "ligand_iptm": 0.9504839777946472,
    "protein_iptm": 0.0,
    "complex_plddt": 0.9476222991943359,
    "complex_iplddt": 0.9161179065704346,
    "complex_pde": 0.42900416254997253,
    "complex_ipde": 0.728894829750061,
    "chains_ptm": {
        "0": 0.9526240229606628,
        "1": 0.9155674576759338
    },
    "pair_chains_iptm": {
        "0": {
            "0": 0.9526240229606628,
            "1": 0.4705793857574463
        },
        "1": {
            "0": 0.9504839777946472,
            "1": 0.9155674576759338
        }
    }
}