seed,sample,ranking_score
44,0,0.8353356515056709
44,1,0.8275083540154949
44,2,0.8098930453707968
44,3,0.8161170324576297
44,4,0.8340669867806916
9,0,0.750797613404497
9,1,0.8019265845514448
9,2,0.7748326902942672
9,3,0.8051025334861283
9,4,0.7947515038286888
80,0,0.7618561967923676
80,1,0.8176102257785087
80,2,0.8131575283886583
80,3,0.755179203494203
80,4,0.8129649902602188
