{
    "confidence_score": 0.9531640410423279,
    "ptm": 0.9646599292755127,
    "iptm": 0.9637014269828796,
    "ligand_iptm": 0.9637014269828796,
    "protein_iptm": 0.0,
    "complex_plddt": 0.9505296349525452,
    "complex_iplddt": 0.9212173223495483,
    "complex_pde": 0.3689344823360443,
    "complex_ipde": 0.6024425625801086,
    "chains_ptm": {
        "0": 0.9648125171661377,
        "1": 0.9703764319419861
    },
    "pair_chains_iptm": {
        "0": {
            "0": 0.9648125171661377,
            "1": 0.6054869294166565
        },
        "1": {
            "0": 0.9637014269828796,
            "1": 0.9703764319419861
        }
    }
}