seed,sample,ranking_score
1,0,0.8641697877315258
1,1,0.8570493727549923
1,2,0.854396094183177
1,3,0.8675046521694914
1,4,0.8353974298366882
