{
    "confidence_score": 0.9418284296989441,
    "ptm": 0.9662639498710632,
    "iptm": 0.9599381685256958,
    "ligand_iptm": 0.9599381685256958,
    "protein_iptm": 0.0,
    "complex_plddt": 0.9373010396957397,
    "complex_iplddt": 0.8858675956726074,
    "complex_pde": 0.3793446719646454,
    "complex_ipde": 0.6414650082588196,
    "chains_ptm": {
        "0": 0.9668024182319641,
        "1": 0.9278308749198914
    },
    "pair_chains_iptm": {
        "0": {
            "0": 0.9668024182319641,
            "1": 0.6693254113197327
        },
        "1": {
            "0": 0.9599381685256958,
            "1": 0.9278308749198914
        }
    }
}