{
    "confidence_score": 0.9329134225845337,
    "ptm": 0.9600774645805359,
    "iptm": 0.9559609293937683,
    "ligand_iptm": 0.9559609293937683,
    "protein_iptm": 0.0,
    "complex_plddt": 0.9271515011787415,
    "complex_iplddt": 0.8604952692985535,
    "complex_pde": 0.4010584056377411,
    "complex_ipde": 0.6715256571769714,
    "chains_ptm": {
        "0": 0.9606742858886719,
        "1": 0.9404327273368835
    },
    "pair_chains_iptm": {
        "0": {
            "0": 0.9606742858886719,
            "1": 0.6864127516746521
        },
        "1": {
            "0": 0.9559609293937683,
            "1": 0.9404327273368835
        }
    }
}