{
    "confidence_score": 0.9475594758987427,
    "ptm": 0.9448468089103699,
    "iptm": 0.9310871362686157,
    "ligand_iptm": 0.9310871362686157,
    "protein_iptm": 0.0,
    "complex_plddt": 0.9516775012016296,
    "complex_iplddt": 0.9124558568000793,
    "complex_pde": 0.4575003385543823,
    "complex_ipde": 0.9181757569313049,
    "chains_ptm": {
        "0": 0.9456743597984314,
        "1": 0.9320611953735352
    },
    "pair_chains_iptm": {
        "0": {
            "0": 0.9456743597984314,
            "1": 0.43425697088241577
        },
        "1": {
            "0": 0.9310871362686157,
            "1": 0.9320611953735352
        }
    }
}