{
    "confidence_score": 0.9421065449714661,
    "ptm": 0.9619194269180298,
    "iptm": 0.9218282103538513,
    "ligand_iptm": 0.9218282103538513,
    "protein_iptm": 0.0,
    "complex_plddt": 0.9471761584281921,
    "complex_iplddt": 0.8970497846603394,
    "complex_pde": 0.40882688760757446,
    "complex_ipde": 1.0739803314208984,
    "chains_ptm": {
        "0": 0.9637820720672607,
        "1": 0.9271194338798523
    },
    "pair_chains_iptm": {
        "0": {
            "0": 0.9637820720672607,
            "1": 0.49125489592552185
        },
        "1": {
            "0": 0.9218282103538513,
            "1": 0.9271194338798523
        }
    }
}