seed,sample,ranking_score
1,0,0.7492564005416906
1,1,0.721435701458364
1,2,0.783473515331786
1,3,0.7333691717345766
1,4,0.7757386068353347
