seed,sample,ranking_score
1,0,0.9027366374525225
1,1,0.9220833154964436
1,2,0.9234237239228394
1,3,0.8833437443302906
1,4,0.9159502710226332
