seed,sample,ranking_score
1,0,0.6887182949047106
1,1,0.6932555947235414
1,2,0.7034992601517556
1,3,0.6877829794070719
1,4,0.6765423787933462
