seed,sample,ranking_score
1,0,0.8102183348770122
1,1,0.8093863559869078
1,2,0.8370952305129092
1,3,0.8161478663131758
1,4,0.8198528535324441
