seed,sample,ranking_score
1,0,0.5675661985507022
1,1,0.6586002083309662
1,2,0.6681777497696062
1,3,0.6057068505877364
1,4,0.6167402096524837
