seed,sample,ranking_score
1,0,0.9569768697609938
1,1,0.964600912824051
1,2,0.9810819447903559
1,3,0.9644458123024033
1,4,0.9674676747344179
