seed,sample,ranking_score
1,0,0.9244455481168151
1,1,0.8821899926250446
1,2,0.9443213754024693
1,3,0.9206006398259297
1,4,0.9266638082710341
