seed,sample,ranking_score
1,0,0.8655459954130764
1,1,0.9081090892494291
1,2,0.9044743886340121
1,3,0.8639716122971213
1,4,0.8875542763560252
