{
    "confidence_score": 0.9469834566116333,
    "ptm": 0.9404008984565735,
    "iptm": 0.9181509613990784,
    "ligand_iptm": 0.9181509613990784,
    "protein_iptm": 0.0,
    "complex_plddt": 0.9541915059089661,
    "complex_iplddt": 0.8900262117385864,
    "complex_pde": 0.4877091646194458,
    "complex_ipde": 1.2316299676895142,
    "chains_ptm": {
        "0": 0.941286027431488,
        "1": 0.9808149337768555
    },
    "pair_chains_iptm": {
        "0": {
            "0": 0.941286027431488,
            "1": 0.5532141923904419
        },
        "1": {
            "0": 0.9181509613990784,
            "1": 0.9808149337768555
        }
    }
}