{
    "confidence_score": 0.9390712976455688,
    "ptm": 0.9547848701477051,
    "iptm": 0.9605124592781067,
    "ligand_iptm": 0.9605124592781067,
    "protein_iptm": 0.0,
    "complex_plddt": 0.9337109327316284,
    "complex_iplddt": 0.8668723702430725,
    "complex_pde": 0.41375532746315,
    "complex_ipde": 0.652544379234314,
    "chains_ptm": {
        "0": 0.9544517397880554,
        "1": 0.9201152920722961
    },
    "pair_chains_iptm": {
        "0": {
            "0": 0.9544517397880554,
            "1": 0.5727571249008179
        },
        "1": {
            "0": 0.9605124592781067,
            "1": 0.9201152920722961
        }
    }
}