{
    "confidence_score": 0.9401106834411621,
    "ptm": 0.9430398941040039,
    "iptm": 0.9381328225135803,
    "ligand_iptm": 0.9381328225135803,
    "protein_iptm": 0.0,
    "complex_plddt": 0.940605103969574,
    "complex_iplddt": 0.8993046283721924,
    "complex_pde": 0.4830671548843384,
    "complex_ipde": 0.856116533279419,
    "chains_ptm": {
        "0": 0.9434701800346375,
        "1": 0.944644570350647
    },
    "pair_chains_iptm": {
        "0": {
            "0": 0.9434701800346375,
            "1": 0.5344902873039246
        },
        "1": {
            "0": 0.9381328225135803,
            "1": 0.944644570350647
        }
    }
}