{
    "confidence_score": 0.9363183975219727,
    "ptm": 0.9648678302764893,
    "iptm": 0.9323720932006836,
    "ligand_iptm": 0.9323720932006836,
    "protein_iptm": 0.0,
    "complex_plddt": 0.9373050332069397,
    "complex_iplddt": 0.8578420877456665,
    "complex_pde": 0.37773942947387695,
    "complex_ipde": 0.8412511348724365,
    "chains_ptm": {
        "0": 0.9666816592216492,
        "1": 0.9525318741798401
    },
    "pair_chains_iptm": {
        "0": {
            "0": 0.9666816592216492,
            "1": 0.5306087136268616
        },
        "1": {
            "0": 0.9323720932006836,
            "1": 0.9525318741798401
        }
    }
}