seed,sample,ranking_score
1,0,0.8042307084275899
1,1,0.835269098980535
1,2,0.8499264241697377
1,3,0.7909743735857896
1,4,0.8072770067711426
