{
    "confidence_score": 0.9553179740905762,
    "ptm": 0.9438686370849609,
    "iptm": 0.9769881963729858,
    "ligand_iptm": 0.9769881963729858,
    "protein_iptm": 0.0,
    "complex_plddt": 0.9499003887176514,
    "complex_iplddt": 0.9379646182060242,
    "complex_pde": 0.45875948667526245,
    "complex_ipde": 0.6333602070808411,
    "chains_ptm": {
        "0": 0.9426820278167725,
        "1": 0.9730979204177856
    },
    "pair_chains_iptm": {
        "0": {
            "0": 0.9426820278167725,
            "1": 0.7017233967781067
        },
        "1": {
            "0": 0.9769881963729858,
            "1": 0.9730979204177856
        }
    }
}