seed,sample,ranking_score
1,0,0.7250938695111775
1,1,0.7626509616522127
1,2,0.7594293148925387
1,3,0.7413290230362988
1,4,0.7328329944077544
