{
    "confidence_score": 0.9402574896812439,
    "ptm": 0.9636645913124084,
    "iptm": 0.9005727767944336,
    "ligand_iptm": 0.9005727767944336,
    "protein_iptm": 0.0,
    "complex_plddt": 0.9501786231994629,
    "complex_iplddt": 0.914665162563324,
    "complex_pde": 0.41273999214172363,
    "complex_ipde": 1.4871547222137451,
    "chains_ptm": {
        "0": 0.9663116931915283,
        "1": 0.9859946966171265
    },
    "pair_chains_iptm": {
        "0": {
            "0": 0.9663116931915283,
            "1": 0.5321210622787476
        },
        "1": {
            "0": 0.9005727767944336,
            "1": 0.9859946966171265
        }
    }
}