{
    "confidence_score": 0.9584957957267761,
    "ptm": 0.9433445930480957,
    "iptm": 0.9541970491409302,
    "ligand_iptm": 0.9541970491409302,
    "protein_iptm": 0.0,
    "complex_plddt": 0.9595705270767212,
    "complex_iplddt": 0.9500518441200256,
    "complex_pde": 0.46604710817337036,
    "complex_ipde": 0.8668596148490906,
    "chains_ptm": {
        "0": 0.9430738687515259,
        "1": 0.9480792284011841
    },
    "pair_chains_iptm": {
        "0": {
            "0": 0.9430738687515259,
            "1": 0.5341731905937195
        },
        "1": {
            "0": 0.9541970491409302,
            "1": 0.9480792284011841
        }
    }
}