{
    "confidence_score": 0.9356779456138611,
    "ptm": 0.9342456459999084,
    "iptm": 0.9237996935844421,
    "ligand_iptm": 0.9237996935844421,
    "protein_iptm": 0.0,
    "complex_plddt": 0.9386475086212158,
    "complex_iplddt": 0.9163755774497986,
    "complex_pde": 0.5254552960395813,
    "complex_ipde": 1.0344332456588745,
    "chains_ptm": {
        "0": 0.9351742267608643,
        "1": 0.8907694816589355
    },
    "pair_chains_iptm": {
        "0": {
            "0": 0.9351742267608643,
            "1": 0.4773435592651367
        },
        "1": {
            "0": 0.9237996935844421,
            "1": 0.8907694816589355
        }
    }
}