{
    "confidence_score": 0.9417068362236023,
    "ptm": 0.9441516995429993,
    "iptm": 0.9643346071243286,
    "ligand_iptm": 0.9643346071243286,
    "protein_iptm": 0.0,
    "complex_plddt": 0.9360499382019043,
    "complex_iplddt": 0.9220909476280212,
    "complex_pde": 0.46547719836235046,
    "complex_ipde": 0.689947783946991,
    "chains_ptm": {
        "0": 0.9422136545181274,
        "1": 0.9562126398086548
    },
    "pair_chains_iptm": {
        "0": {
            "0": 0.9422136545181274,
            "1": 0.6869221925735474
        },
        "1": {
            "0": 0.9643346071243286,
            "1": 0.9562126398086548
        }
    }
}