{
    "confidence_score": 0.9412716031074524,
    "ptm": 0.9623280763626099,
    "iptm": 0.9546279311180115,
    "ligand_iptm": 0.9546279311180115,
    "protein_iptm": 0.0,
    "complex_plddt": 0.937932550907135,
    "complex_iplddt": 0.8764307498931885,
    "complex_pde": 0.38916003704071045,
    "complex_ipde": 0.6780712008476257,
    "chains_ptm": {
        "0": 0.9632248878479004,
        "1": 0.9557039141654968
    },
    "pair_chains_iptm": {
        "0": {
            "0": 0.9632248878479004,
            "1": 0.6675951480865479
        },
        "1": {
            "0": 0.9546279311180115,
            "1": 0.9557039141654968
        }
    }
}