{
    "confidence_score": 0.9310928583145142,
    "ptm": 0.9424591064453125,
    "iptm": 0.9191825985908508,
    "ligand_iptm": 0.9191825985908508,
    "protein_iptm": 0.0,
    "complex_plddt": 0.934070348739624,
    "complex_iplddt": 0.8615662455558777,
    "complex_pde": 0.5134961605072021,
    "complex_ipde": 0.9888986349105835,
    "chains_ptm": {
        "0": 0.9447949528694153,
        "1": 0.9044853448867798
    },
    "pair_chains_iptm": {
        "0": {
            "0": 0.9447949528694153,
            "1": 0.5469441413879395
        },
        "1": {
            "0": 0.9191825985908508,
            "1": 0.9044853448867798
        }
    }
}