seed,sample,ranking_score
1,0,0.8839841313613893
1,1,0.8938946868428761
1,2,0.9142553700497672
1,3,0.8858642956581552
1,4,0.8940001477349849
