seed,sample,ranking_score
44,0,0.8023802195016084
44,1,0.8330524223370697
44,2,0.8006778081254629
44,3,0.7905198082445719
44,4,0.8167057699724778
9,0,0.8002422667977316
9,1,0.7861358291410813
9,2,0.8051721004931721
9,3,0.7814845747235479
9,4,0.7844585161908627
80,0,0.7837687867201517
80,1,0.8161985646794513
80,2,0.8007567110668381
80,3,0.7995535550404728
80,4,0.7869226360152741
