{
    "confidence_score": 0.9433478713035583,
    "ptm": 0.945462703704834,
    "iptm": 0.9653920531272888,
    "ligand_iptm": 0.9653920531272888,
    "protein_iptm": 0.0,
    "complex_plddt": 0.937836766242981,
    "complex_iplddt": 0.8889081478118896,
    "complex_pde": 0.44402876496315,
    "complex_ipde": 0.6650831699371338,
    "chains_ptm": {
        "0": 0.9438979625701904,
        "1": 0.9539069533348083
    },
    "pair_chains_iptm": {
        "0": {
            "0": 0.9438979625701904,
            "1": 0.6274274587631226
        },
        "1": {
            "0": 0.9653920531272888,
            "1": 0.9539069533348083
        }
    }
}