{
    "confidence_score": 0.941153347492218,
    "ptm": 0.9578325748443604,
    "iptm": 0.9605404138565063,
    "ligand_iptm": 0.9605404138565063,
    "protein_iptm": 0.0,
    "complex_plddt": 0.9363065361976624,
    "complex_iplddt": 0.8984424471855164,
    "complex_pde": 0.40019142627716064,
    "complex_ipde": 0.6485378742218018,
    "chains_ptm": {
        "0": 0.9578571915626526,
        "1": 0.9260036945343018
    },
    "pair_chains_iptm": {
        "0": {
            "0": 0.9578571915626526,
            "1": 0.6231189966201782
        },
        "1": {
            "0": 0.9605404138565063,
            "1": 0.9260036945343018
        }
    }
}