seed,sample,ranking_score
1,0,0.9592126349210142
1,1,0.9698118746027619
1,2,0.9708991564537769
1,3,0.9620334081638793
1,4,0.9552244988377644
