{
    "confidence_score": 0.9518642425537109,
    "ptm": 0.9474433660507202,
    "iptm": 0.9727699160575867,
    "ligand_iptm": 0.9727699160575867,
    "protein_iptm": 0.0,
    "complex_plddt": 0.9466378688812256,
    "complex_iplddt": 0.9274803996086121,
    "complex_pde": 0.4366580843925476,
    "complex_ipde": 0.6096976399421692,
    "chains_ptm": {
        "0": 0.9454666376113892,
        "1": 0.9561923146247864
    },
    "pair_chains_iptm": {
        "0": {
            "0": 0.9454666376113892,
            "1": 0.7123547792434692
        },
        "1": {
            "0": 0.9727699160575867,
            "1": 0.9561923146247864
        }
    }
}