{
    "confidence_score": 0.9498311877250671,
    "ptm": 0.9680067896842957,
    "iptm": 0.9350475072860718,
    "ligand_iptm": 0.9350475072860718,
    "protein_iptm": 0.0,
    "complex_plddt": 0.9535271525382996,
    "complex_iplddt": 0.9164266586303711,
    "complex_pde": 0.3718278110027313,
    "complex_ipde": 0.8414822220802307,
    "chains_ptm": {
        "0": 0.9700352549552917,
        "1": 0.9595106244087219
    },
    "pair_chains_iptm": {
        "0": {
            "0": 0.9700352549552917,
            "1": 0.5135035514831543
        },
        "1": {
            "0": 0.9350475072860718,
            "1": 0.9595106244087219
        }
    }
}