{
    "confidence_score": 0.9563972353935242,
    "ptm": 0.956610381603241,
    "iptm": 0.9649393558502197,
    "ligand_iptm": 0.9649393558502197,
    "protein_iptm": 0.0,
    "complex_plddt": 0.9542617797851562,
    "complex_iplddt": 0.9413166046142578,
    "complex_pde": 0.3969365954399109,
    "complex_ipde": 0.5907131433486938,
    "chains_ptm": {
        "0": 0.9560784101486206,
        "1": 0.9661034941673279
    },
    "pair_chains_iptm": {
        "0": {
            "0": 0.9560784101486206,
            "1": 0.6826730966567993
        },
        "1": {
            "0": 0.9649393558502197,
            "1": 0.9661034941673279
        }
    }
}