{
    "confidence_score": 0.9233621954917908,
    "ptm": 0.9519288539886475,
    "iptm": 0.8172626495361328,
    "ligand_iptm": 0.8172626495361328,
    "protein_iptm": 0.0,
    "complex_plddt": 0.9498870968818665,
    "complex_iplddt": 0.8955514430999756,
    "complex_pde": 0.49957236647605896,
    "complex_ipde": 2.458998918533325,
    "chains_ptm": {
        "0": 0.9567551612854004,
        "1": 0.9380037784576416
    },
    "pair_chains_iptm": {
        "0": {
            "0": 0.9567551612854004,
            "1": 0.30276742577552795
        },
        "1": {
            "0": 0.8172626495361328,
            "1": 0.9380037784576416
        }
    }
}