{
    "confidence_score": 0.9362378120422363,
    "ptm": 0.9650884866714478,
    "iptm": 0.922651469707489,
    "ligand_iptm": 0.922651469707489,
    "protein_iptm": 0.0,
    "complex_plddt": 0.9396344423294067,
    "complex_iplddt": 0.881873607635498,
    "complex_pde": 0.38471686840057373,
    "complex_ipde": 0.8932510614395142,
    "chains_ptm": {
        "0": 0.9673653841018677,
        "1": 0.9473345875740051
    },
    "pair_chains_iptm": {
        "0": {
            "0": 0.9673653841018677,
            "1": 0.5407013297080994
        },
        "1": {
            "0": 0.922651469707489,
            "1": 0.9473345875740051
        }
    }
}