{
    "confidence_score": 0.9595022201538086,
    "ptm": 0.9662068486213684,
    "iptm": 0.9641441702842712,
    "ligand_iptm": 0.9641441702842712,
    "protein_iptm": 0.0,
    "complex_plddt": 0.9583417177200317,
    "complex_iplddt": 0.931309163570404,
    "complex_pde": 0.35310325026512146,
    "complex_ipde": 0.6254119873046875,
    "chains_ptm": {
        "0": 0.9663596153259277,
        "1": 0.989280104637146
    },
    "pair_chains_iptm": {
        "0": {
            "0": 0.9663596153259277,
            "1": 0.6804699897766113
        },
        "1": {
            "0": 0.9641441702842712,
            "1": 0.989280104637146
        }
    }
}