seed,sample,ranking_score
1,0,0.9367123889077383
1,1,0.9411194410011213
1,2,0.9594953527141202
1,3,0.9376896008279609
1,4,0.945397973194445
