seed,sample,ranking_score
1,0,0.7840860125879316
1,1,0.7911266507945462
1,2,0.7841869877775519
1,3,0.7535390202414551
1,4,0.7757142121034574
