{
    "confidence_score": 0.9675461053848267,
    "ptm": 0.9609671235084534,
    "iptm": 0.9861524105072021,
    "ligand_iptm": 0.9861524105072021,
    "protein_iptm": 0.0,
    "complex_plddt": 0.9628944993019104,
    "complex_iplddt": 0.9609441161155701,
    "complex_pde": 0.36112549901008606,
    "complex_ipde": 0.43162813782691956,
    "chains_ptm": {
        "0": 0.9597147107124329,
        "1": 0.9809731245040894
    },
    "pair_chains_iptm": {
        "0": {
            "0": 0.9597147107124329,
            "1": 0.8148539066314697
        },
        "1": {
            "0": 0.9861524105072021,
            "1": 0.9809731245040894
        }
    }
}