{
    "confidence_score": 0.9233506321907043,
    "ptm": 0.9548765420913696,
    "iptm": 0.9091856479644775,
    "ligand_iptm": 0.9091856479644775,
    "protein_iptm": 0.0,
    "complex_plddt": 0.9268918633460999,
    "complex_iplddt": 0.8320506811141968,
    "complex_pde": 0.44646140933036804,
    "complex_ipde": 1.016508936882019,
    "chains_ptm": {
        "0": 0.9581513404846191,
        "1": 0.9025353193283081
    },
    "pair_chains_iptm": {
        "0": {
            "0": 0.9581513404846191,
            "1": 0.4709116518497467
        },
        "1": {
            "0": 0.9091856479644775,
            "1": 0.9025353193283081
        }
    }
}