{
    "confidence_score": 0.9629114270210266,
    "ptm": 0.9707490801811218,
    "iptm": 0.9554975032806396,
    "ligand_iptm": 0.9554975032806396,
    "protein_iptm": 0.0,
    "complex_plddt": 0.9647648930549622,
    "complex_iplddt": 0.9488901495933533,
    "complex_pde": 0.34759950637817383,
    "complex_ipde": 0.6891454458236694,
    "chains_ptm": {
        "0": 0.9715982675552368,
        "1": 0.9475077986717224
    },
    "pair_chains_iptm": {
        "0": {
            "0": 0.9715982675552368,
            "1": 0.580446720123291
        },
        "1": {
            "0": 0.9554975032806396,
            "1": 0.9475077986717224
        }
    }
}