{
    "confidence_score": 0.9326443076133728,
    "ptm": 0.9470116496086121,
    "iptm": 0.9619288444519043,
    "ligand_iptm": 0.9619288444519043,
    "protein_iptm": 0.0,
    "complex_plddt": 0.9253231883049011,
    "complex_iplddt": 0.8545054197311401,
    "complex_pde": 0.4613356292247772,
    "complex_ipde": 0.6940836310386658,
    "chains_ptm": {
        "0": 0.9459267854690552,
        "1": 0.9385858774185181
    },
    "pair_chains_iptm": {
        "0": {
            "0": 0.9459267854690552,
            "1": 0.6142200231552124
        },
        "1": {
            "0": 0.9619288444519043,
            "1": 0.9385858774185181
        }
    }
}