{
    "confidence_score": 0.9390726089477539,
    "ptm": 0.9601200222969055,
    "iptm": 0.9636511206626892,
    "ligand_iptm": 0.9636511206626892,
    "protein_iptm": 0.0,
    "complex_plddt": 0.9329280257225037,
    "complex_iplddt": 0.8912291526794434,
    "complex_pde": 0.3909876048564911,
    "complex_ipde": 0.5964767336845398,
    "chains_ptm": {
        "0": 0.9600299000740051,
        "1": 0.9473288655281067
    },
    "pair_chains_iptm": {
        "0": {
            "0": 0.9600299000740051,
            "1": 0.6923486590385437
        },
        "1": {
            "0": 0.9636511206626892,
            "1": 0.9473288655281067
        }
    }
}