{
    "confidence_score": 0.946197509765625,
    "ptm": 0.9603731036186218,
    "iptm": 0.9085009098052979,
    "ligand_iptm": 0.9085009098052979,
    "protein_iptm": 0.0,
    "complex_plddt": 0.955621600151062,
    "complex_iplddt": 0.9196446537971497,
    "complex_pde": 0.4158954322338104,
    "complex_ipde": 1.3449488878250122,
    "chains_ptm": {
        "0": 0.9625476598739624,
        "1": 0.9859907031059265
    },
    "pair_chains_iptm": {
        "0": {
            "0": 0.9625476598739624,
            "1": 0.5406953692436218
        },
        "1": {
            "0": 0.9085009098052979,
            "1": 0.9859907031059265
        }
    }
}