{
    "confidence_score": 0.9515494704246521,
    "ptm": 0.9575004577636719,
    "iptm": 0.9624082446098328,
    "ligand_iptm": 0.9624082446098328,
    "protein_iptm": 0.0,
    "complex_plddt": 0.9488347768783569,
    "complex_iplddt": 0.9403201341629028,
    "complex_pde": 0.4049457311630249,
    "complex_ipde": 0.6433478593826294,
    "chains_ptm": {
        "0": 0.9571495652198792,
        "1": 0.9480285048484802
    },
    "pair_chains_iptm": {
        "0": {
            "0": 0.9571495652198792,
            "1": 0.6382834911346436
        },
        "1": {
            "0": 0.9624082446098328,
            "1": 0.9480285048484802
        }
    }
}