{
    "confidence_score": 0.9264678955078125,
    "ptm": 0.9449385404586792,
    "iptm": 0.9714944362640381,
    "ligand_iptm": 0.9714944362640381,
    "protein_iptm": 0.0,
    "complex_plddt": 0.9152112603187561,
    "complex_iplddt": 0.8085315227508545,
    "complex_pde": 0.4644536077976227,
    "complex_ipde": 0.6139388084411621,
    "chains_ptm": {
        "0": 0.9426223635673523,
        "1": 0.9433074593544006
    },
    "pair_chains_iptm": {
        "0": {
            "0": 0.9426223635673523,
            "1": 0.6716724038124084
        },
        "1": {
            "0": 0.9714944362640381,
            "1": 0.9433074593544006
        }
    }
}