{
    "confidence_score": 0.9368786811828613,
    "ptm": 0.9630392789840698,
    "iptm": 0.9438757300376892,
    "ligand_iptm": 0.9438757300376892,
    "protein_iptm": 0.0,
    "complex_plddt": 0.9351294636726379,
    "complex_iplddt": 0.8815223574638367,
    "complex_pde": 0.38524091243743896,
    "complex_ipde": 0.8177620768547058,
    "chains_ptm": {
        "0": 0.9642820358276367,
        "1": 0.9596814513206482
    },
    "pair_chains_iptm": {
        "0": {
            "0": 0.9642820358276367,
            "1": 0.5760326385498047
        },
        "1": {
            "0": 0.9438757300376892,
            "1": 0.9596814513206482
        }
    }
}