{
    "confidence_score": 0.9471390843391418,
    "ptm": 0.9491842985153198,
    "iptm": 0.95231032371521,
    "ligand_iptm": 0.95231032371521,
    "protein_iptm": 0.0,
    "complex_plddt": 0.9458462595939636,
    "complex_iplddt": 0.9170351028442383,
    "complex_pde": 0.45616579055786133,
    "complex_ipde": 0.7810946106910706,
    "chains_ptm": {
        "0": 0.9491021037101746,
        "1": 0.9703757762908936
    },
    "pair_chains_iptm": {
        "0": {
            "0": 0.9491021037101746,
            "1": 0.6082454323768616
        },
        "1": {
            "0": 0.95231032371521,
            "1": 0.9703757762908936
        }
    }
}