seed,sample,ranking_score
1,0,0.7491032037220278
1,1,0.7874905339095271
1,2,0.8145546907982597
1,3,0.7838411261805516
1,4,0.7984162469870689
