seed,sample,ranking_score
44,0,0.830403413936313
44,1,0.832867052038022
44,2,0.8085864763636451
44,3,0.826732995385872
44,4,0.8092322824563717
9,0,0.8127616167134615
9,1,0.8220565339924316
9,2,0.8185530789657215
9,3,0.8036933551541533
9,4,0.8185617783812673
80,0,0.7810020451543359
80,1,0.7984663653759987
80,2,0.7920592141950735
80,3,0.7852065795495452
80,4,0.8199735931875435
