seed,sample,ranking_score
1,0,0.9123840384408566
1,1,0.9297509391329788
1,2,0.9289153241768516
1,3,0.9043496943909823
1,4,0.9291050293788666
