{
    "confidence_score": 0.9283704161643982,
    "ptm": 0.9463748931884766,
    "iptm": 0.9502297043800354,
    "ligand_iptm": 0.9502297043800354,
    "protein_iptm": 0.0,
    "complex_plddt": 0.9229055643081665,
    "complex_iplddt": 0.8598377108573914,
    "complex_pde": 0.46603167057037354,
    "complex_ipde": 0.7607548236846924,
    "chains_ptm": {
        "0": 0.9460572004318237,
        "1": 0.935014545917511
    },
    "pair_chains_iptm": {
        "0": {
            "0": 0.9460572004318237,
            "1": 0.6388468742370605
        },
        "1": {
            "0": 0.9502297043800354,
            "1": 0.935014545917511
        }
    }
}