seed,sample,ranking_score
1,0,0.8903927237260392
1,1,0.9075440127115897
1,2,0.8958951792783407
1,3,0.8847848938605058
1,4,0.8874290670794152
