seed,sample,ranking_score
1,0,0.8401108843822794
1,1,0.8216432773665736
1,2,0.853722713922977
1,3,0.8286919284287609
1,4,0.8392519127073138
