{
    "confidence_score": 0.9480294585227966,
    "ptm": 0.9601767659187317,
    "iptm": 0.9492598176002502,
    "ligand_iptm": 0.9492598176002502,
    "protein_iptm": 0.0,
    "complex_plddt": 0.9477217793464661,
    "complex_iplddt": 0.906978189945221,
    "complex_pde": 0.4091787040233612,
    "complex_ipde": 0.7134403586387634,
    "chains_ptm": {
        "0": 0.961353063583374,
        "1": 0.9244980216026306
    },
    "pair_chains_iptm": {
        "0": {
            "0": 0.961353063583374,
            "1": 0.6163432002067566
        },
        "1": {
            "0": 0.9492598176002502,
            "1": 0.9244980216026306
        }
    }
}