{
    "confidence_score": 0.9380879402160645,
    "ptm": 0.9582531452178955,
    "iptm": 0.8619770407676697,
    "ligand_iptm": 0.8619770407676697,
    "protein_iptm": 0.0,
    "complex_plddt": 0.9571157097816467,
    "complex_iplddt": 0.9136218428611755,
    "complex_pde": 0.46460074186325073,
    "complex_ipde": 1.71900475025177,
    "chains_ptm": {
        "0": 0.963876485824585,
        "1": 0.9419426321983337
    },
    "pair_chains_iptm": {
        "0": {
            "0": 0.963876485824585,
            "1": 0.3377644419670105
        },
        "1": {
            "0": 0.8619770407676697,
            "1": 0.9419426321983337
        }
    }
}