seed,sample,ranking_score
44,0,0.8393201320089915
44,1,0.8353582488800728
44,2,0.8177314805108199
44,3,0.8094494732171651
44,4,0.7706676808230342
9,0,0.7767530898745637
9,1,0.8147939107462847
9,2,0.8124741412045309
9,3,0.8072876291041923
9,4,0.7526858595525397
80,0,0.747918898891273
80,1,0.809869657629175
80,2,0.8246339468071628
80,3,0.8233581190762569
80,4,0.8147812822096954
