seed,sample,ranking_score
44,0,0.9026900872988687
44,1,0.9008992241646191
44,2,0.8758320544156386
44,3,0.8900920171768405
44,4,0.8899733571310166
9,0,0.8832978996877199
9,1,0.8750771808076823
9,2,0.8847238811311022
9,3,0.8900258056109951
9,4,0.8733421879196684
80,0,0.7298915357104767
80,1,0.787999498682604
80,2,0.7856010152731492
80,3,0.7311909399491398
80,4,0.7905736647422563
