seed,sample,ranking_score
44,0,0.9767715650524653
44,1,0.9789593727853452
44,2,0.9498616890766826
44,3,0.9581252761601292
44,4,0.9716289026886236
9,0,0.9569501898571242
9,1,0.9508136211830327
9,2,0.9548916704191813
9,3,0.9539559925319626
9,4,0.9527709040752674
80,0,0.9517994689034649
80,1,0.955062102932548
80,2,0.9515682387210639
80,3,0.9542435962345838
80,4,0.9526685861943476
