seed,sample,ranking_score
1,0,0.7851477387052829
1,1,0.7735385262057518
1,2,0.8071652911596982
1,3,0.7824297520861521
1,4,0.798736135444195
