seed,sample,ranking_score
1,0,0.7734557632979527
1,1,0.812710046035381
1,2,0.7991457561451042
1,3,0.7773469963200329
1,4,0.7720686822198031
