seed,sample,ranking_score
1,0,0.8714942152570005
1,1,0.8945462854013206
1,2,0.908769064356098
1,3,0.8671339943434793
1,4,0.8962657914852791
