{
    "confidence_score": 0.9439780116081238,
    "ptm": 0.9471402168273926,
    "iptm": 0.9689565300941467,
    "ligand_iptm": 0.9689565300941467,
    "protein_iptm": 0.0,
    "complex_plddt": 0.9377334117889404,
    "complex_iplddt": 0.9046040177345276,
    "complex_pde": 0.4405289590358734,
    "complex_ipde": 0.6395413279533386,
    "chains_ptm": {
        "0": 0.9454840421676636,
        "1": 0.9720098972320557
    },
    "pair_chains_iptm": {
        "0": {
            "0": 0.9454840421676636,
            "1": 0.7015094757080078
        },
        "1": {
            "0": 0.9689565300941467,
            "1": 0.9720098972320557
        }
    }
}