{
    "confidence_score": 0.9286438226699829,
    "ptm": 0.9598593711853027,
    "iptm": 0.8699061274528503,
    "ligand_iptm": 0.8699061274528503,
    "protein_iptm": 0.0,
    "complex_plddt": 0.9433282613754272,
    "complex_iplddt": 0.8719330430030823,
    "complex_pde": 0.4335307478904724,
    "complex_ipde": 1.4157673120498657,
    "chains_ptm": {
        "0": 0.9643263220787048,
        "1": 0.955392599105835
    },
    "pair_chains_iptm": {
        "0": {
            "0": 0.9643263220787048,
            "1": 0.4201512932777405
        },
        "1": {
            "0": 0.8699061274528503,
            "1": 0.955392599105835
        }
    }
}