seed,sample,ranking_score
1,0,0.8689683524086601
1,1,0.9040254073035121
1,2,0.9012313030790211
1,3,0.8826638132448984
1,4,0.899493284678817
