seed,sample,ranking_score
1,0,0.9359976251874584
1,1,0.9378102499091019
1,2,0.9483080371137718
1,3,0.9278887333678745
1,4,0.9220328327649306
