{
    "confidence_score": 0.9488787651062012,
    "ptm": 0.9448326826095581,
    "iptm": 0.9646915793418884,
    "ligand_iptm": 0.9646915793418884,
    "protein_iptm": 0.0,
    "complex_plddt": 0.9449256062507629,
    "complex_iplddt": 0.9356739521026611,
    "complex_pde": 0.45966798067092896,
    "complex_ipde": 0.6575042009353638,
    "chains_ptm": {
        "0": 0.943292498588562,
        "1": 0.930198073387146
    },
    "pair_chains_iptm": {
        "0": {
            "0": 0.943292498588562,
            "1": 0.6549801230430603
        },
        "1": {
            "0": 0.9646915793418884,
            "1": 0.930198073387146
        }
    }
}