seed,sample,ranking_score
1,0,0.7912558542278751
1,1,0.8111747403939765
1,2,0.8202644697476634
1,3,0.7863642537297251
1,4,0.8034882140263326
