{
    "confidence_score": 0.937981128692627,
    "ptm": 0.9551855325698853,
    "iptm": 0.9575188159942627,
    "ligand_iptm": 0.9575188159942627,
    "protein_iptm": 0.0,
    "complex_plddt": 0.933096706867218,
    "complex_iplddt": 0.8787157535552979,
    "complex_pde": 0.41286322474479675,
    "complex_ipde": 0.6573309302330017,
    "chains_ptm": {
        "0": 0.9552110433578491,
        "1": 0.9461023807525635
    },
    "pair_chains_iptm": {
        "0": {
            "0": 0.9552110433578491,
            "1": 0.6393147110939026
        },
        "1": {
            "0": 0.9575188159942627,
            "1": 0.9461023807525635
        }
    }
}