seed,sample,ranking_score
1,0,0.8814734216859699
1,1,0.8926557291343474
1,2,0.8989591890926935
1,3,0.8820114892431651
1,4,0.888632111636975
