{
    "confidence_score": 0.952100932598114,
    "ptm": 0.9684913158416748,
    "iptm": 0.9441960453987122,
    "ligand_iptm": 0.9441960453987122,
    "protein_iptm": 0.0,
    "complex_plddt": 0.9540771842002869,
    "complex_iplddt": 0.9307523369789124,
    "complex_pde": 0.38051196932792664,
    "complex_ipde": 0.7561792135238647,
    "chains_ptm": {
        "0": 0.9713364839553833,
        "1": 0.9388806819915771
    },
    "pair_chains_iptm": {
        "0": {
            "0": 0.9713364839553833,
            "1": 0.6610618829727173
        },
        "1": {
            "0": 0.9441960453987122,
            "1": 0.9388806819915771
        }
    }
}