seed,sample,ranking_score
1,0,0.8909224812280042
1,1,0.9164484169956137
1,2,0.940838031253439
1,3,0.9145834019130873
1,4,0.9190119879286012
