{
    "confidence_score": 0.9530234336853027,
    "ptm": 0.9662397503852844,
    "iptm": 0.9732213020324707,
    "ligand_iptm": 0.9732213020324707,
    "protein_iptm": 0.0,
    "complex_plddt": 0.9479739665985107,
    "complex_iplddt": 0.9256773591041565,
    "complex_pde": 0.3747234642505646,
    "complex_ipde": 0.5345500111579895,
    "chains_ptm": {
        "0": 0.9657270908355713,
        "1": 0.9195860028266907
    },
    "pair_chains_iptm": {
        "0": {
            "0": 0.9657270908355713,
            "1": 0.7240044474601746
        },
        "1": {
            "0": 0.9732213020324707,
            "1": 0.9195860028266907
        }
    }
}