{
    "confidence_score": 0.9505953788757324,
    "ptm": 0.9534990191459656,
    "iptm": 0.8990498185157776,
    "ligand_iptm": 0.8990498185157776,
    "protein_iptm": 0.0,
    "complex_plddt": 0.9634817242622375,
    "complex_iplddt": 0.9339240193367004,
    "complex_pde": 0.4585895240306854,
    "complex_ipde": 1.5566996335983276,
    "chains_ptm": {
        "0": 0.9558588862419128,
        "1": 0.985992431640625
    },
    "pair_chains_iptm": {
        "0": {
            "0": 0.9558588862419128,
            "1": 0.5171113610267639
        },
        "1": {
            "0": 0.8990498185157776,
            "1": 0.985992431640625
        }
    }
}