seed,sample,ranking_score
1,0,0.9317526942644683
1,1,0.9444049892991568
1,2,0.9467921573142754
1,3,0.935537178740254
1,4,0.9283172722520775
