{
    "confidence_score": 0.9465737342834473,
    "ptm": 0.9457428455352783,
    "iptm": 0.9384825825691223,
    "ligand_iptm": 0.9384825825691223,
    "protein_iptm": 0.0,
    "complex_plddt": 0.9485964775085449,
    "complex_iplddt": 0.9149064421653748,
    "complex_pde": 0.4685996472835541,
    "complex_ipde": 0.886194109916687,
    "chains_ptm": {
        "0": 0.9462940692901611,
        "1": 0.929297685623169
    },
    "pair_chains_iptm": {
        "0": {
            "0": 0.9462940692901611,
            "1": 0.4909244477748871
        },
        "1": {
            "0": 0.9384825825691223,
            "1": 0.929297685623169
        }
    }
}