seed,sample,ranking_score
44,0,0.8055959922460189
44,1,0.8112797281180385
44,2,0.7937541909857295
44,3,0.7999891019862324
44,4,0.7934449124373795
9,0,0.7021189175457121
9,1,0.8046922842830222
9,2,0.7533815105827809
9,3,0.7367797453950807
9,4,0.7359905135965397
80,0,0.7261029001522945
80,1,0.7865423744245776
80,2,0.7206751009599245
80,3,0.6887621124429968
80,4,0.7442716391101939
