seed,sample,ranking_score
1,0,0.7221466190347035
1,1,0.7605612417775971
1,2,0.759064321278788
1,3,0.745757596185213
1,4,0.7334149970495721
