seed,sample,ranking_score
44,0,0.868142719547688
44,1,0.8510945595223887
44,2,0.8102649629831338
44,3,0.8780201442341854
44,4,0.8722227560783916
9,0,0.8785839317949207
9,1,0.8319676707085233
9,2,0.8498134081808076
9,3,0.8573567897783886
9,4,0.8377292455599583
80,0,0.8458759154862368
80,1,0.861024243226136
80,2,0.8356939140095099
80,3,0.8353069481210885
80,4,0.87478848759739
