{
    "confidence_score": 0.9480231404304504,
    "ptm": 0.9650468230247498,
    "iptm": 0.8969472050666809,
    "ligand_iptm": 0.8969472050666809,
    "protein_iptm": 0.0,
    "complex_plddt": 0.960792064666748,
    "complex_iplddt": 0.9333264231681824,
    "complex_pde": 0.40546244382858276,
    "complex_ipde": 1.3566863536834717,
    "chains_ptm": {
        "0": 0.9684573411941528,
        "1": 0.9680017828941345
    },
    "pair_chains_iptm": {
        "0": {
            "0": 0.9684573411941528,
            "1": 0.47642871737480164
        },
        "1": {
            "0": 0.8969472050666809,
            "1": 0.9680017828941345
        }
    }
}