{
    "confidence_score": 0.9602450728416443,
    "ptm": 0.9517108201980591,
    "iptm": 0.9648086428642273,
    "ligand_iptm": 0.9648086428642273,
    "protein_iptm": 0.0,
    "complex_plddt": 0.9591041207313538,
    "complex_iplddt": 0.9429329037666321,
    "complex_pde": 0.4233720302581787,
    "complex_ipde": 0.6330546736717224,
    "chains_ptm": {
        "0": 0.9508991837501526,
        "1": 0.9710919260978699
    },
    "pair_chains_iptm": {
        "0": {
            "0": 0.9508991837501526,
            "1": 0.697675883769989
        },
        "1": {
            "0": 0.9648086428642273,
            "1": 0.9710919260978699
        }
    }
}