seed,sample,ranking_score
1,0,0.8807138212137237
1,1,0.8768623692033558
1,2,0.9101734914421062
1,3,0.884821168584373
1,4,0.8836615854434563
