seed,sample,ranking_score
1,0,0.6811306916902922
1,1,0.6896087516744136
1,2,0.8129886095338086
1,3,0.7078139142872149
1,4,0.6813244641281292
