seed,sample,ranking_score
1,0,0.9556884099427937
1,1,0.9734791080848662
1,2,0.9728970459974734
1,3,0.9559042391674732
1,4,0.9588845989285236
