{
    "confidence_score": 0.9393904805183411,
    "ptm": 0.9573714137077332,
    "iptm": 0.9441607594490051,
    "ligand_iptm": 0.9441607594490051,
    "protein_iptm": 0.0,
    "complex_plddt": 0.9381978511810303,
    "complex_iplddt": 0.8839948773384094,
    "complex_pde": 0.4164605438709259,
    "complex_ipde": 0.7824780941009521,
    "chains_ptm": {
        "0": 0.9585056900978088,
        "1": 0.9454224109649658
    },
    "pair_chains_iptm": {
        "0": {
            "0": 0.9585056900978088,
            "1": 0.633481502532959
        },
        "1": {
            "0": 0.9441607594490051,
            "1": 0.9454224109649658
        }
    }
}