{
    "confidence_score": 0.9533419013023376,
    "ptm": 0.9613308310508728,
    "iptm": 0.9426656365394592,
    "ligand_iptm": 0.9426656365394592,
    "protein_iptm": 0.0,
    "complex_plddt": 0.9560108780860901,
    "complex_iplddt": 0.8980413675308228,
    "complex_pde": 0.38711410760879517,
    "complex_ipde": 0.7657670974731445,
    "chains_ptm": {
        "0": 0.9622862935066223,
        "1": 0.9588996171951294
    },
    "pair_chains_iptm": {
        "0": {
            "0": 0.9622862935066223,
            "1": 0.5366917252540588
        },
        "1": {
            "0": 0.9426656365394592,
            "1": 0.9588996171951294
        }
    }
}