{
    "confidence_score": 0.9336644411087036,
    "ptm": 0.9601995348930359,
    "iptm": 0.9553983807563782,
    "ligand_iptm": 0.9553983807563782,
    "protein_iptm": 0.0,
    "complex_plddt": 0.928230881690979,
    "complex_iplddt": 0.8740992546081543,
    "complex_pde": 0.40479737520217896,
    "complex_ipde": 0.7120358943939209,
    "chains_ptm": {
        "0": 0.960820734500885,
        "1": 0.9306626915931702
    },
    "pair_chains_iptm": {
        "0": {
            "0": 0.960820734500885,
            "1": 0.6214184165000916
        },
        "1": {
            "0": 0.9553983807563782,
            "1": 0.9306626915931702
        }
    }
}