{
    "confidence_score": 0.9550402760505676,
    "ptm": 0.95768803358078,
    "iptm": 0.9676191210746765,
    "ligand_iptm": 0.9676191210746765,
    "protein_iptm": 0.0,
    "complex_plddt": 0.951895534992218,
    "complex_iplddt": 0.9292734265327454,
    "complex_pde": 0.38972753286361694,
    "complex_ipde": 0.5646007657051086,
    "chains_ptm": {
        "0": 0.9570212364196777,
        "1": 0.9209218621253967
    },
    "pair_chains_iptm": {
        "0": {
            "0": 0.9570212364196777,
            "1": 0.5876098275184631
        },
        "1": {
            "0": 0.9676191210746765,
            "1": 0.9209218621253967
        }
    }
}