{
    "confidence_score": 0.9367197155952454,
    "ptm": 0.9377503395080566,
    "iptm": 0.9024702310562134,
    "ligand_iptm": 0.9024702310562134,
    "protein_iptm": 0.0,
    "complex_plddt": 0.9452821016311646,
    "complex_iplddt": 0.9066406488418579,
    "complex_pde": 0.5168519020080566,
    "complex_ipde": 1.1950571537017822,
    "chains_ptm": {
        "0": 0.9399652481079102,
        "1": 0.9465246200561523
    },
    "pair_chains_iptm": {
        "0": {
            "0": 0.9399652481079102,
            "1": 0.5159066319465637
        },
        "1": {
            "0": 0.9024702310562134,
            "1": 0.9465246200561523
        }
    }
}