{
    "confidence_score": 0.9412744641304016,
    "ptm": 0.9578647613525391,
    "iptm": 0.9298372268676758,
    "ligand_iptm": 0.9298372268676758,
    "protein_iptm": 0.0,
    "complex_plddt": 0.9441338181495667,
    "complex_iplddt": 0.9157038927078247,
    "complex_pde": 0.4087858498096466,
    "complex_ipde": 0.8173915147781372,
    "chains_ptm": {
        "0": 0.9594093561172485,
        "1": 0.9144139289855957
    },
    "pair_chains_iptm": {
        "0": {
            "0": 0.9594093561172485,
            "1": 0.5018114447593689
        },
        "1": {
            "0": 0.9298372268676758,
            "1": 0.9144139289855957
        }
    }
}