seed,sample,ranking_score
1,0,0.8347310780290437
1,1,0.819668982556765
1,2,0.8366218553280378
1,3,0.8187703609606768
1,4,0.8154247660187934
