seed,sample,ranking_score
1,0,0.8257790938180867
1,1,0.8257350255273577
1,2,0.842787227467359
1,3,0.8094139445369077
1,4,0.8299078273812383
