{
    "confidence_score": 0.9478861689567566,
    "ptm": 0.9629419445991516,
    "iptm": 0.9724924564361572,
    "ligand_iptm": 0.9724924564361572,
    "protein_iptm": 0.0,
    "complex_plddt": 0.9417346119880676,
    "complex_iplddt": 0.8728039264678955,
    "complex_pde": 0.37593430280685425,
    "complex_ipde": 0.5554674863815308,
    "chains_ptm": {
        "0": 0.9622320532798767,
        "1": 0.9411237239837646
    },
    "pair_chains_iptm": {
        "0": {
            "0": 0.9622320532798767,
            "1": 0.6691323518753052
        },
        "1": {
            "0": 0.9724924564361572,
            "1": 0.9411237239837646
        }
    }
}