{
    "confidence_score": 0.9598857760429382,
    "ptm": 0.950057864189148,
    "iptm": 0.9568478465080261,
    "ligand_iptm": 0.9568478465080261,
    "protein_iptm": 0.0,
    "complex_plddt": 0.960645318031311,
    "complex_iplddt": 0.9310094714164734,
    "complex_pde": 0.42604097723960876,
    "complex_ipde": 0.689944863319397,
    "chains_ptm": {
        "0": 0.9496966004371643,
        "1": 0.9695019721984863
    },
    "pair_chains_iptm": {
        "0": {
            "0": 0.9496966004371643,
            "1": 0.6460525393486023
        },
        "1": {
            "0": 0.9568478465080261,
            "1": 0.9695019721984863
        }
    }
}