{
    "confidence_score": 0.9222584962844849,
    "ptm": 0.9404504895210266,
    "iptm": 0.9051390290260315,
    "ligand_iptm": 0.9051390290260315,
    "protein_iptm": 0.0,
    "complex_plddt": 0.9265382885932922,
    "complex_iplddt": 0.857698380947113,
    "complex_pde": 0.5382444858551025,
    "complex_ipde": 1.1460338830947876,
    "chains_ptm": {
        "0": 0.9440945982933044,
        "1": 0.8778607249259949
    },
    "pair_chains_iptm": {
        "0": {
            "0": 0.9440945982933044,
            "1": 0.4321088492870331
        },
        "1": {
            "0": 0.9051390290260315,
            "1": 0.8778607249259949
        }
    }
}