{
    "confidence_score": 0.9333764910697937,
    "ptm": 0.9591941237449646,
    "iptm": 0.9593052864074707,
    "ligand_iptm": 0.9593052864074707,
    "protein_iptm": 0.0,
    "complex_plddt": 0.9268943071365356,
    "complex_iplddt": 0.8622902035713196,
    "complex_pde": 0.4031912088394165,
    "complex_ipde": 0.6471409797668457,
    "chains_ptm": {
        "0": 0.9593278765678406,
        "1": 0.9455892443656921
    },
    "pair_chains_iptm": {
        "0": {
            "0": 0.9593278765678406,
            "1": 0.6954376697540283
        },
        "1": {
            "0": 0.9593052864074707,
            "1": 0.9455892443656921
        }
    }
}