{
    "confidence_score": 0.9600602984428406,
    "ptm": 0.9508375525474548,
    "iptm": 0.9718032479286194,
    "ligand_iptm": 0.9718032479286194,
    "protein_iptm": 0.0,
    "complex_plddt": 0.9571245908737183,
    "complex_iplddt": 0.9229227900505066,
    "complex_pde": 0.4283539652824402,
    "complex_ipde": 0.6225422024726868,
    "chains_ptm": {
        "0": 0.9496378898620605,
        "1": 0.9727306365966797
    },
    "pair_chains_iptm": {
        "0": {
            "0": 0.9496378898620605,
            "1": 0.7078918814659119
        },
        "1": {
            "0": 0.9718032479286194,
            "1": 0.9727306365966797
        }
    }
}