seed,sample,ranking_score
1,0,0.751035088236965
1,1,0.7431585575887804
1,2,0.7910870858422002
1,3,0.7262115228909095
1,4,0.7534742562328974
