seed,sample,ranking_score
1,0,0.8051266378169416
1,1,0.8342635207013329
1,2,0.849638826549093
1,3,0.7910597156100042
1,4,0.8022575953854411
