seed,sample,ranking_score
1,0,0.7377555316634796
1,1,0.760006088477573
1,2,0.7415709726798349
1,3,0.6956125185620892
1,4,0.6956586714326151
