{
    "confidence_score": 0.9542498588562012,
    "ptm": 0.9457752704620361,
    "iptm": 0.9517689943313599,
    "ligand_iptm": 0.9517689943313599,
    "protein_iptm": 0.0,
    "complex_plddt": 0.9548701047897339,
    "complex_iplddt": 0.9294946193695068,
    "complex_pde": 0.4499158561229706,
    "complex_ipde": 0.8123691082000732,
    "chains_ptm": {
        "0": 0.9456104040145874,
        "1": 0.9822767376899719
    },
    "pair_chains_iptm": {
        "0": {
            "0": 0.9456104040145874,
            "1": 0.6368438601493835
        },
        "1": {
            "0": 0.9517689943313599,
            "1": 0.9822767376899719
        }
    }
}