{
    "confidence_score": 0.9526659250259399,
    "ptm": 0.9533309936523438,
    "iptm": 0.9419525265693665,
    "ligand_iptm": 0.9419525265693665,
    "protein_iptm": 0.0,
    "complex_plddt": 0.9553442597389221,
    "complex_iplddt": 0.9300069808959961,
    "complex_pde": 0.4301247000694275,
    "complex_ipde": 0.7715677618980408,
    "chains_ptm": {
        "0": 0.9539782404899597,
        "1": 0.9164099097251892
    },
    "pair_chains_iptm": {
        "0": {
            "0": 0.9539782404899597,
            "1": 0.45993489027023315
        },
        "1": {
            "0": 0.9419525265693665,
            "1": 0.9164099097251892
        }
    }
}