{
    "confidence_score": 0.9393314719200134,
    "ptm": 0.9582452178001404,
    "iptm": 0.9258528351783752,
    "ligand_iptm": 0.9258528351783752,
    "protein_iptm": 0.0,
    "complex_plddt": 0.9427011013031006,
    "complex_iplddt": 0.8946427702903748,
    "complex_pde": 0.41986554861068726,
    "complex_ipde": 0.906378448009491,
    "chains_ptm": {
        "0": 0.9600623846054077,
        "1": 0.9333876371383667
    },
    "pair_chains_iptm": {
        "0": {
            "0": 0.9600623846054077,
            "1": 0.5031389594078064
        },
        "1": {
            "0": 0.9258528351783752,
            "1": 0.9333876371383667
        }
    }
}