{
    "confidence_score": 0.933825671672821,
    "ptm": 0.9650894403457642,
    "iptm": 0.9657061100006104,
    "ligand_iptm": 0.9657061100006104,
    "protein_iptm": 0.0,
    "complex_plddt": 0.9258556365966797,
    "complex_iplddt": 0.8459873795509338,
    "complex_pde": 0.37970274686813354,
    "complex_ipde": 0.6070815920829773,
    "chains_ptm": {
        "0": 0.9651435017585754,
        "1": 0.9606941938400269
    },
    "pair_chains_iptm": {
        "0": {
            "0": 0.9651435017585754,
            "1": 0.7161122560501099
        },
        "1": {
            "0": 0.9657061100006104,
            "1": 0.9606941938400269
        }
    }
}