seed,sample,ranking_score
1,0,0.9306832661541101
1,1,0.9294278301779362
1,2,0.9534250611554603
1,3,0.9274315179352239
1,4,0.938358814761783
