seed,sample,ranking_score
1,0,0.8066955069617278
1,1,0.8352310329033132
1,2,0.8456084042545947
1,3,0.7834480939070915
1,4,0.7974584574389922
