seed,sample,ranking_score
1,0,0.8785755291966727
1,1,0.8571387481425591
1,2,0.8986493226796199
1,3,0.8784167172274867
1,4,0.8570868426091282
