{
    "confidence_score": 0.9385520219802856,
    "ptm": 0.9532928466796875,
    "iptm": 0.9640356302261353,
    "ligand_iptm": 0.9640356302261353,
    "protein_iptm": 0.0,
    "complex_plddt": 0.9321810603141785,
    "complex_iplddt": 0.919788658618927,
    "complex_pde": 0.42891085147857666,
    "complex_ipde": 0.6354316473007202,
    "chains_ptm": {
        "0": 0.9522650837898254,
        "1": 0.8781358599662781
    },
    "pair_chains_iptm": {
        "0": {
            "0": 0.9522650837898254,
            "1": 0.560217559337616
        },
        "1": {
            "0": 0.9640356302261353,
            "1": 0.8781358599662781
        }
    }
}