seed,sample,ranking_score
1,0,0.8103194825379737
1,1,0.829738189098137
1,2,0.8017219144480945
1,3,0.8039537413629365
1,4,0.8061106761877945
