{
    "confidence_score": 0.9312891960144043,
    "ptm": 0.9421742558479309,
    "iptm": 0.9443053007125854,
    "ligand_iptm": 0.9443053007125854,
    "protein_iptm": 0.0,
    "complex_plddt": 0.9280351400375366,
    "complex_iplddt": 0.8758917450904846,
    "complex_pde": 0.4826917350292206,
    "complex_ipde": 0.8426299095153809,
    "chains_ptm": {
        "0": 0.9420380592346191,
        "1": 0.9384440779685974
    },
    "pair_chains_iptm": {
        "0": {
            "0": 0.9420380592346191,
            "1": 0.614139199256897
        },
        "1": {
            "0": 0.9443053007125854,
            "1": 0.9384440779685974
        }
    }
}