seed,sample,ranking_score
1,0,0.9099257195589017
1,1,0.9228281518572377
1,2,0.9299854175684934
1,3,0.9073815094191127
1,4,0.9119525442733861
