seed,sample,ranking_score
44,0,0.6536878488834753
44,1,0.6961234109448763
44,2,0.6854150281249934
44,3,0.6261212831487997
44,4,0.7130401899283444
9,0,0.676775214480981
9,1,0.69097028513226
9,2,0.7167668676895574
9,3,0.6451698576975214
9,4,0.6416252802450394
80,0,0.6723937466815723
80,1,0.6742872223057259
80,2,0.6851762135959284
80,3,0.6335201310015136
80,4,0.7418964216419457
