{
    "confidence_score": 0.9389979243278503,
    "ptm": 0.9632213115692139,
    "iptm": 0.8777329921722412,
    "ligand_iptm": 0.8777329921722412,
    "protein_iptm": 0.0,
    "complex_plddt": 0.9543141722679138,
    "complex_iplddt": 0.8854883909225464,
    "complex_pde": 0.42263638973236084,
    "complex_ipde": 1.6241792440414429,
    "chains_ptm": {
        "0": 0.9668022990226746,
        "1": 0.9813404083251953
    },
    "pair_chains_iptm": {
        "0": {
            "0": 0.9668022990226746,
            "1": 0.4729479253292084
        },
        "1": {
            "0": 0.8777329921722412,
            "1": 0.9813404083251953
        }
    }
}