{
    "confidence_score": 0.9426107406616211,
    "ptm": 0.9565300941467285,
    "iptm": 0.9698033928871155,
    "ligand_iptm": 0.9698033928871155,
    "protein_iptm": 0.0,
    "complex_plddt": 0.9358125329017639,
    "complex_iplddt": 0.8904702663421631,
    "complex_pde": 0.401635080575943,
    "complex_ipde": 0.6079078316688538,
    "chains_ptm": {
        "0": 0.9554837942123413,
        "1": 0.9652172327041626
    },
    "pair_chains_iptm": {
        "0": {
            "0": 0.9554837942123413,
            "1": 0.7298288941383362
        },
        "1": {
            "0": 0.9698033928871155,
            "1": 0.9652172327041626
        }
    }
}