seed,sample,ranking_score
1,0,0.6075854192908832
1,1,0.6311154697548003
1,2,0.6146113992340575
1,3,0.5868417703557584
1,4,0.6209675416580791
