seed,sample,ranking_score
1,0,0.7964222029866226
1,1,0.7659925431984542
1,2,0.7896079537373631
1,3,0.7906475467849621
1,4,0.7635155155199235
