seed,sample,ranking_score
1,0,0.8392979746185478
1,1,0.8351475287232646
1,2,0.8640964843046529
1,3,0.8513561411106615
1,4,0.8540980464824085
