{
    "confidence_score": 0.9049652218818665,
    "ptm": 0.9528273344039917,
    "iptm": 0.8995057344436646,
    "ligand_iptm": 0.8995057344436646,
    "protein_iptm": 0.0,
    "complex_plddt": 0.9063301086425781,
    "complex_iplddt": 0.7538675665855408,
    "complex_pde": 0.47767409682273865,
    "complex_ipde": 1.0255506038665771,
    "chains_ptm": {
        "0": 0.9582260251045227,
        "1": 0.7918781042098999
    },
    "pair_chains_iptm": {
        "0": {
            "0": 0.9582260251045227,
            "1": 0.3761473298072815
        },
        "1": {
            "0": 0.8995057344436646,
            "1": 0.7918781042098999
        }
    }
}