seed,sample,ranking_score
1,0,0.839653016632902
1,1,0.8277288487054587
1,2,0.8210899536067927
1,3,0.8127035084065181
1,4,0.7966393901759279
