seed,sample,ranking_score
1,0,0.7955171306634347
1,1,0.8034354293043864
1,2,0.8333713789131265
1,3,0.81042936103937
1,4,0.7919754272867955
