{
    "confidence_score": 0.9420739412307739,
    "ptm": 0.9623433947563171,
    "iptm": 0.9356169700622559,
    "ligand_iptm": 0.9356169700622559,
    "protein_iptm": 0.0,
    "complex_plddt": 0.943688154220581,
    "complex_iplddt": 0.8861923813819885,
    "complex_pde": 0.39588499069213867,
    "complex_ipde": 0.8355635404586792,
    "chains_ptm": {
        "0": 0.9639126062393188,
        "1": 0.9535950422286987
    },
    "pair_chains_iptm": {
        "0": {
            "0": 0.9639126062393188,
            "1": 0.5308753252029419
        },
        "1": {
            "0": 0.9356169700622559,
            "1": 0.9535950422286987
        }
    }
}