{
    "confidence_score": 0.9301347136497498,
    "ptm": 0.9381737112998962,
    "iptm": 0.9219945073127747,
    "ligand_iptm": 0.9219945073127747,
    "protein_iptm": 0.0,
    "complex_plddt": 0.9321696758270264,
    "complex_iplddt": 0.8621959090232849,
    "complex_pde": 0.49507057666778564,
    "complex_ipde": 0.9554843902587891,
    "chains_ptm": {
        "0": 0.9396897554397583,
        "1": 0.9254376292228699
    },
    "pair_chains_iptm": {
        "0": {
            "0": 0.9396897554397583,
            "1": 0.5238860845565796
        },
        "1": {
            "0": 0.9219945073127747,
            "1": 0.9254376292228699
        }
    }
}