seed,sample,ranking_score
1,0,0.9255288704019162
1,1,0.9328767939286967
1,2,0.9353508185313968
1,3,0.9175694305442812
1,4,0.9253039677295742
