seed,sample,ranking_score
1,0,0.9204392197338109
1,1,0.9202481014296409
1,2,0.9387825043030887
1,3,0.9193718675374649
1,4,0.9352059158311863
