{
    "confidence_score": 0.953117311000824,
    "ptm": 0.9425009489059448,
    "iptm": 0.9538110494613647,
    "ligand_iptm": 0.9538110494613647,
    "protein_iptm": 0.0,
    "complex_plddt": 0.9529438614845276,
    "complex_iplddt": 0.9368331432342529,
    "complex_pde": 0.47514328360557556,
    "complex_ipde": 0.7687509655952454,
    "chains_ptm": {
        "0": 0.9419049620628357,
        "1": 0.9358411431312561
    },
    "pair_chains_iptm": {
        "0": {
            "0": 0.9419049620628357,
            "1": 0.6081093549728394
        },
        "1": {
            "0": 0.9538110494613647,
            "1": 0.9358411431312561
        }
    }
}