seed,sample,ranking_score
1,0,0.7464756668631836
1,1,0.8024933694871849
1,2,0.7968225865290777
1,3,0.7990823758700406
1,4,0.8116292887420778
