{
    "confidence_score": 0.9360342025756836,
    "ptm": 0.9419770836830139,
    "iptm": 0.9195376634597778,
    "ligand_iptm": 0.9195376634597778,
    "protein_iptm": 0.0,
    "complex_plddt": 0.9401583075523376,
    "complex_iplddt": 0.8855931162834167,
    "complex_pde": 0.49597692489624023,
    "complex_ipde": 1.001949667930603,
    "chains_ptm": {
        "0": 0.9438915848731995,
        "1": 0.877581000328064
    },
    "pair_chains_iptm": {
        "0": {
            "0": 0.9438915848731995,
            "1": 0.46723681688308716
        },
        "1": {
            "0": 0.9195376634597778,
            "1": 0.877581000328064
        }
    }
}