seed,sample,ranking_score
1,0,0.8492253237442992
1,1,0.8468594438963503
1,2,0.8641787718174926
1,3,0.8498143202532921
1,4,0.8425218888897359
