seed,sample,ranking_score
1,0,0.953287399048781
1,1,0.9778717595020574
1,2,0.9755183377340576
1,3,0.9538791774966994
1,4,0.9618937423513668
