seed,sample,ranking_score
1,0,0.794226645132918
1,1,0.8011297014855914
1,2,0.8020811358178875
1,3,0.8720397370680777
1,4,0.7847153970908769
