seed,sample,ranking_score
1,0,0.8298420014618424
1,1,0.8270805703596382
1,2,0.8227987319213828
1,3,0.8113492527995414
1,4,0.8280914393434321
