seed,sample,ranking_score
1,0,0.8483957700887256
1,1,0.8781541907312747
1,2,0.8354662118476989
1,3,0.8621230233215716
1,4,0.8605957260557112
