{
    "confidence_score": 0.9166851043701172,
    "ptm": 0.9393236637115479,
    "iptm": 0.9426180124282837,
    "ligand_iptm": 0.9426180124282837,
    "protein_iptm": 0.0,
    "complex_plddt": 0.910201907157898,
    "complex_iplddt": 0.7934060096740723,
    "complex_pde": 0.5137219429016113,
    "complex_ipde": 0.8601083755493164,
    "chains_ptm": {
        "0": 0.9392174482345581,
        "1": 0.9064382314682007
    },
    "pair_chains_iptm": {
        "0": {
            "0": 0.9392174482345581,
            "1": 0.5314177870750427
        },
        "1": {
            "0": 0.9426180124282837,
            "1": 0.9064382314682007
        }
    }
}