seed,sample,ranking_score
1,0,0.6655299016079795
1,1,0.612482650580064
1,2,0.5627477179163788
1,3,0.5588424085200631
1,4,0.5539862603266799
