{
    "confidence_score": 0.9364572763442993,
    "ptm": 0.9476416707038879,
    "iptm": 0.9392719268798828,
    "ligand_iptm": 0.9392719268798828,
    "protein_iptm": 0.0,
    "complex_plddt": 0.9357535243034363,
    "complex_iplddt": 0.8871398568153381,
    "complex_pde": 0.45225000381469727,
    "complex_ipde": 0.8314601182937622,
    "chains_ptm": {
        "0": 0.9484533071517944,
        "1": 0.8945381045341492
    },
    "pair_chains_iptm": {
        "0": {
            "0": 0.9484533071517944,
            "1": 0.516828179359436
        },
        "1": {
            "0": 0.9392719268798828,
            "1": 0.8945381045341492
        }
    }
}