seed,sample,ranking_score
1,0,0.940458597622984
1,1,0.9623894207433736
1,2,0.9629388128626497
1,3,0.9419945374442132
1,4,0.9521335360771458
