seed,sample,ranking_score
44,0,0.9727205802939165
44,1,0.9711595995343367
44,2,0.9505956498597932
44,3,0.9584378374195998
44,4,0.9596904264891437
9,0,0.9464222875876096
9,1,0.9515936576674412
9,2,0.9517056346684658
9,3,0.9513558503192674
9,4,0.9500684601124855
80,0,0.9487352625583978
80,1,0.9526098273598923
80,2,0.9472920118667945
80,3,0.949844980401436
80,4,0.9488460051067205
