{
    "confidence_score": 0.948106586933136,
    "ptm": 0.9599296450614929,
    "iptm": 0.9414072632789612,
    "ligand_iptm": 0.9414072632789612,
    "protein_iptm": 0.0,
    "complex_plddt": 0.9497813582420349,
    "complex_iplddt": 0.9056233763694763,
    "complex_pde": 0.40354040265083313,
    "complex_ipde": 0.8350601196289062,
    "chains_ptm": {
        "0": 0.9609096646308899,
        "1": 0.9711233973503113
    },
    "pair_chains_iptm": {
        "0": {
            "0": 0.9609096646308899,
            "1": 0.6047070622444153
        },
        "1": {
            "0": 0.9414072632789612,
            "1": 0.9711233973503113
        }
    }
}