{
    "confidence_score": 0.9440996050834656,
    "ptm": 0.9587752819061279,
    "iptm": 0.9543250799179077,
    "ligand_iptm": 0.9543250799179077,
    "protein_iptm": 0.0,
    "complex_plddt": 0.9415432214736938,
    "complex_iplddt": 0.8968083262443542,
    "complex_pde": 0.39635324478149414,
    "complex_ipde": 0.7028357982635498,
    "chains_ptm": {
        "0": 0.9591543674468994,
        "1": 0.9466158747673035
    },
    "pair_chains_iptm": {
        "0": {
            "0": 0.9591543674468994,
            "1": 0.586478054523468
        },
        "1": {
            "0": 0.9543250799179077,
            "1": 0.9466158747673035
        }
    }
}