seed,sample,ranking_score
1,0,0.7433953444820505
1,1,0.6025012880262396
1,2,0.7658959400186505
1,3,0.7672689325401898
1,4,0.7633461614330861
