{
    "confidence_score": 0.9462237358093262,
    "ptm": 0.9535154104232788,
    "iptm": 0.9726055860519409,
    "ligand_iptm": 0.9726055860519409,
    "protein_iptm": 0.0,
    "complex_plddt": 0.9396282434463501,
    "complex_iplddt": 0.8779200911521912,
    "complex_pde": 0.40584516525268555,
    "complex_ipde": 0.5316924452781677,
    "chains_ptm": {
        "0": 0.9522940516471863,
        "1": 0.9408215284347534
    },
    "pair_chains_iptm": {
        "0": {
            "0": 0.9522940516471863,
            "1": 0.6416925191879272
        },
        "1": {
            "0": 0.9726055860519409,
            "1": 0.9408215284347534
        }
    }
}