seed,sample,ranking_score
1,0,0.8514771360147924
1,1,0.8554807367246592
1,2,0.893401183189399
1,3,0.8764954776082781
1,4,0.8868677267229348
