seed,sample,ranking_score
1,0,0.8514227088278244
1,1,0.8522531743877442
1,2,0.8806009184772992
1,3,0.8615478686065928
1,4,0.8644226969709587
