seed,sample,ranking_score
1,0,0.9386905412978308
1,1,0.9394051593056484
1,2,0.9623933701363258
1,3,0.9385865851391959
1,4,0.9384820700828841
