seed,sample,ranking_score
1,0,0.7829286289072104
1,1,0.8140795014888834
1,2,0.7691443733499624
1,3,0.7984224991844457
1,4,0.7978702814820573
