{
    "confidence_score": 0.9443082809448242,
    "ptm": 0.9640354514122009,
    "iptm": 0.949030876159668,
    "ligand_iptm": 0.949030876159668,
    "protein_iptm": 0.0,
    "complex_plddt": 0.9431275725364685,
    "complex_iplddt": 0.9111744165420532,
    "complex_pde": 0.3852820098400116,
    "complex_ipde": 0.7576920390129089,
    "chains_ptm": {
        "0": 0.965049147605896,
        "1": 0.9625490307807922
    },
    "pair_chains_iptm": {
        "0": {
            "0": 0.965049147605896,
            "1": 0.6541857123374939
        },
        "1": {
            "0": 0.949030876159668,
            "1": 0.9625490307807922
        }
    }
}