{
    "confidence_score": 0.944797933101654,
    "ptm": 0.9691094160079956,
    "iptm": 0.9223570227622986,
    "ligand_iptm": 0.9223570227622986,
    "protein_iptm": 0.0,
    "complex_plddt": 0.9504081606864929,
    "complex_iplddt": 0.8996016979217529,
    "complex_pde": 0.37345826625823975,
    "complex_ipde": 0.9995112419128418,
    "chains_ptm": {
        "0": 0.9714698195457458,
        "1": 0.9476227164268494
    },
    "pair_chains_iptm": {
        "0": {
            "0": 0.9714698195457458,
            "1": 0.39807289838790894
        },
        "1": {
            "0": 0.9223570227622986,
            "1": 0.9476227164268494
        }
    }
}