seed,sample,ranking_score
1,0,0.8808734160666694
1,1,0.8665431876062627
1,2,0.895745260767829
1,3,0.85950124091515
1,4,0.8518391980256902
