seed,sample,ranking_score
1,0,0.7770677695408444
1,1,0.787262035773665
1,2,0.7615837875281508
1,3,0.7472932567312445
1,4,0.7883389850184075
