{
    "confidence_score": 0.9353452920913696,
    "ptm": 0.9620349407196045,
    "iptm": 0.9411733150482178,
    "ligand_iptm": 0.9411733150482178,
    "protein_iptm": 0.0,
    "complex_plddt": 0.93388831615448,
    "complex_iplddt": 0.86557537317276,
    "complex_pde": 0.38843122124671936,
    "complex_ipde": 0.7837041616439819,
    "chains_ptm": {
        "0": 0.9633153676986694,
        "1": 0.9504165053367615
    },
    "pair_chains_iptm": {
        "0": {
            "0": 0.9633153676986694,
            "1": 0.5402255654335022
        },
        "1": {
            "0": 0.9411733150482178,
            "1": 0.9504165053367615
        }
    }
}