{
    "confidence_score": 0.9587252736091614,
    "ptm": 0.9520185589790344,
    "iptm": 0.9639285802841187,
    "ligand_iptm": 0.9639285802841187,
    "protein_iptm": 0.0,
    "complex_plddt": 0.9574244618415833,
    "complex_iplddt": 0.9490083456039429,
    "complex_pde": 0.42529296875,
    "complex_ipde": 0.7519975304603577,
    "chains_ptm": {
        "0": 0.9516547322273254,
        "1": 0.9601584076881409
    },
    "pair_chains_iptm": {
        "0": {
            "0": 0.9516547322273254,
            "1": 0.5684255957603455
        },
        "1": {
            "0": 0.9639285802841187,
            "1": 0.9601584076881409
        }
    }
}