{
    "confidence_score": 0.9559654593467712,
    "ptm": 0.9472149014472961,
    "iptm": 0.9700641632080078,
    "ligand_iptm": 0.9700641632080078,
    "protein_iptm": 0.0,
    "complex_plddt": 0.9524406790733337,
    "complex_iplddt": 0.928787112236023,
    "complex_pde": 0.436932235956192,
    "complex_ipde": 0.6228107810020447,
    "chains_ptm": {
        "0": 0.9461864829063416,
        "1": 0.9701710343360901
    },
    "pair_chains_iptm": {
        "0": {
            "0": 0.9461864829063416,
            "1": 0.6035152077674866
        },
        "1": {
            "0": 0.9700641632080078,
            "1": 0.9701710343360901
        }
    }
}