{
    "confidence_score": 0.9167701601982117,
    "ptm": 0.9510301947593689,
    "iptm": 0.7720290422439575,
    "ligand_iptm": 0.7720290422439575,
    "protein_iptm": 0.0,
    "complex_plddt": 0.952955424785614,
    "complex_iplddt": 0.9053193926811218,
    "complex_pde": 0.6481805443763733,
    "complex_ipde": 3.851423978805542,
    "chains_ptm": {
        "0": 0.9622663259506226,
        "1": 0.8935984969139099
    },
    "pair_chains_iptm": {
        "0": {
            "0": 0.9622663259506226,
            "1": 0.35756078362464905
        },
        "1": {
            "0": 0.7720290422439575,
            "1": 0.8935984969139099
        }
    }
}