{
    "confidence_score": 0.9463958144187927,
    "ptm": 0.9639211297035217,
    "iptm": 0.9540780186653137,
    "ligand_iptm": 0.9540780186653137,
    "protein_iptm": 0.0,
    "complex_plddt": 0.9444751739501953,
    "complex_iplddt": 0.917549729347229,
    "complex_pde": 0.39363792538642883,
    "complex_ipde": 0.7184101939201355,
    "chains_ptm": {
        "0": 0.9649049639701843,
        "1": 0.9486100077629089
    },
    "pair_chains_iptm": {
        "0": {
            "0": 0.9649049639701843,
            "1": 0.6675900220870972
        },
        "1": {
            "0": 0.9540780186653137,
            "1": 0.9486100077629089
        }
    }
}