{
    "confidence_score": 0.9275178909301758,
    "ptm": 0.9413496255874634,
    "iptm": 0.9043657779693604,
    "ligand_iptm": 0.9043657779693604,
    "protein_iptm": 0.0,
    "complex_plddt": 0.9333058595657349,
    "complex_iplddt": 0.856585681438446,
    "complex_pde": 0.5010380744934082,
    "complex_ipde": 1.2173395156860352,
    "chains_ptm": {
        "0": 0.9438676834106445,
        "1": 0.9150203466415405
    },
    "pair_chains_iptm": {
        "0": {
            "0": 0.9438676834106445,
            "1": 0.453617125749588
        },
        "1": {
            "0": 0.9043657779693604,
            "1": 0.9150203466415405
        }
    }
}