{
    "confidence_score": 0.9476932883262634,
    "ptm": 0.9730616807937622,
    "iptm": 0.9358323216438293,
    "ligand_iptm": 0.9358323216438293,
    "protein_iptm": 0.0,
    "complex_plddt": 0.9506585001945496,
    "complex_iplddt": 0.9095311760902405,
    "complex_pde": 0.35198405385017395,
    "complex_ipde": 0.9475575089454651,
    "chains_ptm": {
        "0": 0.9746673107147217,
        "1": 0.9333479404449463
    },
    "pair_chains_iptm": {
        "0": {
            "0": 0.9746673107147217,
            "1": 0.44599243998527527
        },
        "1": {
            "0": 0.9358323216438293,
            "1": 0.9333479404449463
        }
    }
}