{
    "confidence_score": 0.9220447540283203,
    "ptm": 0.9324394464492798,
    "iptm": 0.8647444248199463,
    "ligand_iptm": 0.8647444248199463,
    "protein_iptm": 0.0,
    "complex_plddt": 0.936369776725769,
    "complex_iplddt": 0.8544638156890869,
    "complex_pde": 0.5537639260292053,
    "complex_ipde": 1.5239650011062622,
    "chains_ptm": {
        "0": 0.935763955116272,
        "1": 0.9615116119384766
    },
    "pair_chains_iptm": {
        "0": {
            "0": 0.935763955116272,
            "1": 0.44153842329978943
        },
        "1": {
            "0": 0.8647444248199463,
            "1": 0.9615116119384766
        }
    }
}