seed,sample,ranking_score
44,0,0.9290835451310028
44,1,0.9256008556307063
44,2,0.8971056381145646
44,3,0.9108628184890716
44,4,0.892588245496555
9,0,0.8981078035189732
9,1,0.8924507928881151
9,2,0.8920264697726907
9,3,0.8950925158826374
9,4,0.8749511613228315
80,0,0.9005207554045764
80,1,0.9057670703326542
80,2,0.9019934008189526
80,3,0.9025416449265493
80,4,0.8995855959101897
