seed,sample,ranking_score
1,0,0.8576871284879378
1,1,0.8673476567922807
1,2,0.8640223017411662
1,3,0.8654735908130745
1,4,0.8643877934636265
