seed,sample,ranking_score
1,0,0.9229234355624825
1,1,0.9297949016185583
1,2,0.9507698220339375
1,3,0.9219204806482473
1,4,0.9276412900856392
