{
    "confidence_score": 0.9537577629089355,
    "ptm": 0.9664884209632874,
    "iptm": 0.9668970108032227,
    "ligand_iptm": 0.9668970108032227,
    "protein_iptm": 0.0,
    "complex_plddt": 0.9504729509353638,
    "complex_iplddt": 0.9367538094520569,
    "complex_pde": 0.36826762557029724,
    "complex_ipde": 0.5890560150146484,
    "chains_ptm": {
        "0": 0.9666048288345337,
        "1": 0.8931364417076111
    },
    "pair_chains_iptm": {
        "0": {
            "0": 0.9666048288345337,
            "1": 0.583307147026062
        },
        "1": {
            "0": 0.9668970108032227,
            "1": 0.8931364417076111
        }
    }
}