{
    "confidence_score": 0.9470645189285278,
    "ptm": 0.9432584643363953,
    "iptm": 0.912803590297699,
    "ligand_iptm": 0.912803590297699,
    "protein_iptm": 0.0,
    "complex_plddt": 0.9556297063827515,
    "complex_iplddt": 0.9090829491615295,
    "complex_pde": 0.4824279248714447,
    "complex_ipde": 1.2149654626846313,
    "chains_ptm": {
        "0": 0.9447537064552307,
        "1": 0.9265739321708679
    },
    "pair_chains_iptm": {
        "0": {
            "0": 0.9447537064552307,
            "1": 0.4695223271846771
        },
        "1": {
            "0": 0.912803590297699,
            "1": 0.9265739321708679
        }
    }
}