{
    "confidence_score": 0.9370433688163757,
    "ptm": 0.945705771446228,
    "iptm": 0.9176437854766846,
    "ligand_iptm": 0.9176437854766846,
    "protein_iptm": 0.0,
    "complex_plddt": 0.9418933391571045,
    "complex_iplddt": 0.8856566548347473,
    "complex_pde": 0.4817969501018524,
    "complex_ipde": 1.0308934450149536,
    "chains_ptm": {
        "0": 0.9475568532943726,
        "1": 0.9475544095039368
    },
    "pair_chains_iptm": {
        "0": {
            "0": 0.9475568532943726,
            "1": 0.4726327061653137
        },
        "1": {
            "0": 0.9176437854766846,
            "1": 0.9475544095039368
        }
    }
}