{
    "confidence_score": 0.9547687768936157,
    "ptm": 0.9560408592224121,
    "iptm": 0.9803298711776733,
    "ligand_iptm": 0.9803298711776733,
    "protein_iptm": 0.0,
    "complex_plddt": 0.9483784437179565,
    "complex_iplddt": 0.9406342506408691,
    "complex_pde": 0.3910950720310211,
    "complex_ipde": 0.4784049093723297,
    "chains_ptm": {
        "0": 0.9543760418891907,
        "1": 0.9557198286056519
    },
    "pair_chains_iptm": {
        "0": {
            "0": 0.9543760418891907,
            "1": 0.7373567819595337
        },
        "1": {
            "0": 0.9803298711776733,
            "1": 0.9557198286056519
        }
    }
}