{
    "confidence_score": 0.9596878886222839,
    "ptm": 0.9552197456359863,
    "iptm": 0.9512573480606079,
    "ligand_iptm": 0.9512573480606079,
    "protein_iptm": 0.0,
    "complex_plddt": 0.9617955088615417,
    "complex_iplddt": 0.9337611794471741,
    "complex_pde": 0.4192812740802765,
    "complex_ipde": 0.9658772349357605,
    "chains_ptm": {
        "0": 0.9554639458656311,
        "1": 0.9886043667793274
    },
    "pair_chains_iptm": {
        "0": {
            "0": 0.9554639458656311,
            "1": 0.6240900754928589
        },
        "1": {
            "0": 0.9512573480606079,
            "1": 0.9886043667793274
        }
    }
}