seed,sample,ranking_score
44,0,0.7453883078295528
44,1,0.7208771666863035
44,2,0.6928998604676369
44,3,0.7627842606357669
44,4,0.6821390161970922
9,0,0.7139205176139315
9,1,0.7170187435405285
9,2,0.7482453449804316
9,3,0.6780925618456848
9,4,0.6900816662652934
80,0,0.6780765209271293
80,1,0.7014287837631412
80,2,0.7124315903008809
80,3,0.6689489517990841
80,4,0.6699175034738072
