seed,sample,ranking_score
1,0,0.936034231861967
1,1,0.94768099447634
1,2,0.9500100853698893
1,3,0.9379698476061915
1,4,0.9388389787156874
