seed,sample,ranking_score
1,0,0.7844362693552798
1,1,0.7991149229996327
1,2,0.8236519345158113
1,3,0.7810570778920278
1,4,0.7987639975609203
