{
    "confidence_score": 0.9313293695449829,
    "ptm": 0.950325608253479,
    "iptm": 0.8590999245643616,
    "ligand_iptm": 0.8590999245643616,
    "protein_iptm": 0.0,
    "complex_plddt": 0.949386715888977,
    "complex_iplddt": 0.8665655255317688,
    "complex_pde": 0.5002782344818115,
    "complex_ipde": 1.9934114217758179,
    "chains_ptm": {
        "0": 0.9538717865943909,
        "1": 0.9636014103889465
    },
    "pair_chains_iptm": {
        "0": {
            "0": 0.9538717865943909,
            "1": 0.360462486743927
        },
        "1": {
            "0": 0.8590999245643616,
            "1": 0.9636014103889465
        }
    }
}