{
    "confidence_score": 0.9412175416946411,
    "ptm": 0.9578150510787964,
    "iptm": 0.9202761054039001,
    "ligand_iptm": 0.9202761054039001,
    "protein_iptm": 0.0,
    "complex_plddt": 0.9464529156684875,
    "complex_iplddt": 0.9171547889709473,
    "complex_pde": 0.4144282937049866,
    "complex_ipde": 1.082730770111084,
    "chains_ptm": {
        "0": 0.9594992995262146,
        "1": 0.9808033108711243
    },
    "pair_chains_iptm": {
        "0": {
            "0": 0.9594992995262146,
            "1": 0.4774869978427887
        },
        "1": {
            "0": 0.9202761054039001,
            "1": 0.9808033108711243
        }
    }
}