seed,sample,ranking_score
1,0,0.9584587399620482
1,1,0.9788915364245407
1,2,0.9775856909350088
1,3,0.958571005371305
1,4,0.9647932271671208
