{
    "confidence_score": 0.9602237939834595,
    "ptm": 0.9627401232719421,
    "iptm": 0.9790363311767578,
    "ligand_iptm": 0.9790363311767578,
    "protein_iptm": 0.0,
    "complex_plddt": 0.9555206894874573,
    "complex_iplddt": 0.9345760345458984,
    "complex_pde": 0.3568089008331299,
    "complex_ipde": 0.5022090077400208,
    "chains_ptm": {
        "0": 0.9621217250823975,
        "1": 0.9857794046401978
    },
    "pair_chains_iptm": {
        "0": {
            "0": 0.9621217250823975,
            "1": 0.7507590055465698
        },
        "1": {
            "0": 0.9790363311767578,
            "1": 0.9857794046401978
        }
    }
}