{
    "confidence_score": 0.9520211219787598,
    "ptm": 0.946119487285614,
    "iptm": 0.9293678402900696,
    "ligand_iptm": 0.9293678402900696,
    "protein_iptm": 0.0,
    "complex_plddt": 0.9576843976974487,
    "complex_iplddt": 0.9159411787986755,
    "complex_pde": 0.4743376076221466,
    "complex_ipde": 0.9810329675674438,
    "chains_ptm": {
        "0": 0.9474542737007141,
        "1": 0.9232273697853088
    },
    "pair_chains_iptm": {
        "0": {
            "0": 0.9474542737007141,
            "1": 0.4495182931423187
        },
        "1": {
            "0": 0.9293678402900696,
            "1": 0.9232273697853088
        }
    }
}