{
    "confidence_score": 0.9568835496902466,
    "ptm": 0.9513299465179443,
    "iptm": 0.9511319994926453,
    "ligand_iptm": 0.9511319994926453,
    "protein_iptm": 0.0,
    "complex_plddt": 0.9583213925361633,
    "complex_iplddt": 0.9350407719612122,
    "complex_pde": 0.43324247002601624,
    "complex_ipde": 0.8115348815917969,
    "chains_ptm": {
        "0": 0.9514239430427551,
        "1": 0.9347021579742432
    },
    "pair_chains_iptm": {
        "0": {
            "0": 0.9514239430427551,
            "1": 0.4381694197654724
        },
        "1": {
            "0": 0.9511319994926453,
            "1": 0.9347021579742432
        }
    }
}