seed,sample,ranking_score
44,0,0.943470189268318
44,1,0.8757783388201171
44,2,0.9310348157070398
44,3,0.9439207431054117
44,4,0.9329975279567664
9,0,0.9186880663741708
9,1,0.9272111996072667
9,2,0.9290779004879683
9,3,0.9322200256653987
9,4,0.929726100347638
80,0,0.927839321611617
80,1,0.8647831192523976
80,2,0.9251915808547859
80,3,0.9279728005258756
80,4,0.9205619211086795
