{
    "confidence_score": 0.948516309261322,
    "ptm": 0.9672486186027527,
    "iptm": 0.9651831388473511,
    "ligand_iptm": 0.9651831388473511,
    "protein_iptm": 0.0,
    "complex_plddt": 0.9443495869636536,
    "complex_iplddt": 0.9191716909408569,
    "complex_pde": 0.37015295028686523,
    "complex_ipde": 0.5964695811271667,
    "chains_ptm": {
        "0": 0.9675989747047424,
        "1": 0.9484161734580994
    },
    "pair_chains_iptm": {
        "0": {
            "0": 0.9675989747047424,
            "1": 0.6925954818725586
        },
        "1": {
            "0": 0.9651831388473511,
            "1": 0.9484161734580994
        }
    }
}