seed,sample,ranking_score
1,0,0.9097509494274196
1,1,0.9243538648931815
1,2,0.9356568594767953
1,3,0.9166098694742913
1,4,0.9186843312705404
