seed,sample,ranking_score
1,0,0.8205017765433906
1,1,0.8249837509722272
1,2,0.8336315762766956
1,3,0.8250921142011898
1,4,0.8452692607569287
