{
    "confidence_score": 0.937405526638031,
    "ptm": 0.9709484577178955,
    "iptm": 0.8763683438301086,
    "ligand_iptm": 0.8763683438301086,
    "protein_iptm": 0.0,
    "complex_plddt": 0.9526647925376892,
    "complex_iplddt": 0.9181355834007263,
    "complex_pde": 0.3997221887111664,
    "complex_ipde": 1.8125609159469604,
    "chains_ptm": {
        "0": 0.9745951890945435,
        "1": 0.927971363067627
    },
    "pair_chains_iptm": {
        "0": {
            "0": 0.9745951890945435,
            "1": 0.3518007695674896
        },
        "1": {
            "0": 0.8763683438301086,
            "1": 0.927971363067627
        }
    }
}