seed,sample,ranking_score
1,0,0.7360916841980156
1,1,0.7606927182724477
1,2,0.7423812915510717
1,3,0.6922725876269185
1,4,0.6922716205543815
