{
    "confidence_score": 0.9508857131004333,
    "ptm": 0.9453073143959045,
    "iptm": 0.948470950126648,
    "ligand_iptm": 0.948470950126648,
    "protein_iptm": 0.0,
    "complex_plddt": 0.9514893293380737,
    "complex_iplddt": 0.9285879731178284,
    "complex_pde": 0.44758883118629456,
    "complex_ipde": 0.8364028334617615,
    "chains_ptm": {
        "0": 0.945296585559845,
        "1": 0.9892096519470215
    },
    "pair_chains_iptm": {
        "0": {
            "0": 0.945296585559845,
            "1": 0.615263044834137
        },
        "1": {
            "0": 0.948470950126648,
            "1": 0.9892096519470215
        }
    }
}