{
    "confidence_score": 0.9570828676223755,
    "ptm": 0.9636026620864868,
    "iptm": 0.9884523749351501,
    "ligand_iptm": 0.9884523749351501,
    "protein_iptm": 0.0,
    "complex_plddt": 0.949240505695343,
    "complex_iplddt": 0.9476214647293091,
    "complex_pde": 0.36218711733818054,
    "complex_ipde": 0.4093523919582367,
    "chains_ptm": {
        "0": 0.9626762866973877,
        "1": 0.9882484078407288
    },
    "pair_chains_iptm": {
        "0": {
            "0": 0.9626762866973877,
            "1": 0.8011225461959839
        },
        "1": {
            "0": 0.9884523749351501,
            "1": 0.9882484078407288
        }
    }
}