{
    "confidence_score": 0.9485598802566528,
    "ptm": 0.9485846161842346,
    "iptm": 0.9605033993721008,
    "ligand_iptm": 0.9605033993721008,
    "protein_iptm": 0.0,
    "complex_plddt": 0.9455739259719849,
    "complex_iplddt": 0.9146040678024292,
    "complex_pde": 0.4424838423728943,
    "complex_ipde": 0.7249376177787781,
    "chains_ptm": {
        "0": 0.9478320479393005,
        "1": 0.9550492167472839
    },
    "pair_chains_iptm": {
        "0": {
            "0": 0.9478320479393005,
            "1": 0.6620965600013733
        },
        "1": {
            "0": 0.9605033993721008,
            "1": 0.9550492167472839
        }
    }
}