{
    "confidence_score": 0.9399201273918152,
    "ptm": 0.9563060402870178,
    "iptm": 0.9343833327293396,
    "ligand_iptm": 0.9343833327293396,
    "protein_iptm": 0.0,
    "complex_plddt": 0.9413043260574341,
    "complex_iplddt": 0.899802565574646,
    "complex_pde": 0.42299795150756836,
    "complex_ipde": 0.8631488084793091,
    "chains_ptm": {
        "0": 0.95772784948349,
        "1": 0.9394562840461731
    },
    "pair_chains_iptm": {
        "0": {
            "0": 0.95772784948349,
            "1": 0.5505375266075134
        },
        "1": {
            "0": 0.9343833327293396,
            "1": 0.9394562840461731
        }
    }
}