{
    "confidence_score": 0.9410314559936523,
    "ptm": 0.9494196772575378,
    "iptm": 0.9486196637153625,
    "ligand_iptm": 0.9486196637153625,
    "protein_iptm": 0.0,
    "complex_plddt": 0.9391343593597412,
    "complex_iplddt": 0.9168304204940796,
    "complex_pde": 0.4692508280277252,
    "complex_ipde": 0.8455744385719299,
    "chains_ptm": {
        "0": 0.9496573209762573,
        "1": 0.8574731945991516
    },
    "pair_chains_iptm": {
        "0": {
            "0": 0.9496573209762573,
            "1": 0.5657891035079956
        },
        "1": {
            "0": 0.9486196637153625,
            "1": 0.8574731945991516
        }
    }
}