{
    "confidence_score": 0.9482042193412781,
    "ptm": 0.9670731425285339,
    "iptm": 0.9641157388687134,
    "ligand_iptm": 0.9641157388687134,
    "protein_iptm": 0.0,
    "complex_plddt": 0.9442263245582581,
    "complex_iplddt": 0.919732391834259,
    "complex_pde": 0.36742305755615234,
    "complex_ipde": 0.6192126870155334,
    "chains_ptm": {
        "0": 0.9673089981079102,
        "1": 0.9752243757247925
    },
    "pair_chains_iptm": {
        "0": {
            "0": 0.9673089981079102,
            "1": 0.6677154302597046
        },
        "1": {
            "0": 0.9641157388687134,
            "1": 0.9752243757247925
        }
    }
}