{
    "confidence_score": 0.9562336206436157,
    "ptm": 0.9504615068435669,
    "iptm": 0.9182166457176208,
    "ligand_iptm": 0.9182166457176208,
    "protein_iptm": 0.0,
    "complex_plddt": 0.9657378196716309,
    "complex_iplddt": 0.9350283145904541,
    "complex_pde": 0.4520042836666107,
    "complex_ipde": 1.2407771348953247,
    "chains_ptm": {
        "0": 0.9518921375274658,
        "1": 0.959898829460144
    },
    "pair_chains_iptm": {
        "0": {
            "0": 0.9518921375274658,
            "1": 0.42699652910232544
        },
        "1": {
            "0": 0.9182166457176208,
            "1": 0.959898829460144
        }
    }
}