{
    "confidence_score": 0.9313174486160278,
    "ptm": 0.9662962555885315,
    "iptm": 0.9769766926765442,
    "ligand_iptm": 0.9769766926765442,
    "protein_iptm": 0.0,
    "complex_plddt": 0.9199026226997375,
    "complex_iplddt": 0.8407037258148193,
    "complex_pde": 0.3637211322784424,
    "complex_ipde": 0.5017250180244446,
    "chains_ptm": {
        "0": 0.9655749201774597,
        "1": 0.9622305631637573
    },
    "pair_chains_iptm": {
        "0": {
            "0": 0.9655749201774597,
            "1": 0.725183367729187
        },
        "1": {
            "0": 0.9769766926765442,
            "1": 0.9622305631637573
        }
    }
}