{
    "confidence_score": 0.9509178400039673,
    "ptm": 0.9554929137229919,
    "iptm": 0.9811733365058899,
    "ligand_iptm": 0.9811733365058899,
    "protein_iptm": 0.0,
    "complex_plddt": 0.9433538913726807,
    "complex_iplddt": 0.9304128885269165,
    "complex_pde": 0.39866626262664795,
    "complex_ipde": 0.5048567652702332,
    "chains_ptm": {
        "0": 0.9533482193946838,
        "1": 0.9725050926208496
    },
    "pair_chains_iptm": {
        "0": {
            "0": 0.9533482193946838,
            "1": 0.7846038341522217
        },
        "1": {
            "0": 0.9811733365058899,
            "1": 0.9725050926208496
        }
    }
}