seed,sample,ranking_score
1,0,0.818616079314293
1,1,0.8264237905198865
1,2,0.8435989933653388
1,3,0.812687911113835
1,4,0.8254303839062007
