{
    "confidence_score": 0.929140567779541,
    "ptm": 0.9451475739479065,
    "iptm": 0.9571693539619446,
    "ligand_iptm": 0.9571693539619446,
    "protein_iptm": 0.0,
    "complex_plddt": 0.9221333265304565,
    "complex_iplddt": 0.8092913031578064,
    "complex_pde": 0.44901952147483826,
    "complex_ipde": 0.7095015048980713,
    "chains_ptm": {
        "0": 0.9447047710418701,
        "1": 0.9097030758857727
    },
    "pair_chains_iptm": {
        "0": {
            "0": 0.9447047710418701,
            "1": 0.609970211982727
        },
        "1": {
            "0": 0.9571693539619446,
            "1": 0.9097030758857727
        }
    }
}