seed,sample,ranking_score
1,0,0.9066154210664498
1,1,0.901967634805522
1,2,0.9247496207655399
1,3,0.8793122067677468
1,4,0.9054587985698431
