seed,sample,ranking_score
44,0,0.8385386917383763
44,1,0.8285172668412181
44,2,0.841423194045614
44,3,0.8375751619431966
44,4,0.8325676035481038
9,0,0.7911415558681688
9,1,0.8084799377932654
9,2,0.823540161411048
9,3,0.8453641208376669
9,4,0.831442578937142
80,0,0.8111129755808282
80,1,0.8417434729525868
80,2,0.8196944870238166
80,3,0.8425677072726995
80,4,0.8566263850822388
