{
    "confidence_score": 0.9401678442955017,
    "ptm": 0.9366111159324646,
    "iptm": 0.9509840607643127,
    "ligand_iptm": 0.9509840607643127,
    "protein_iptm": 0.0,
    "complex_plddt": 0.9374637007713318,
    "complex_iplddt": 0.8883076906204224,
    "complex_pde": 0.4958755075931549,
    "complex_ipde": 0.8191539645195007,
    "chains_ptm": {
        "0": 0.9355781078338623,
        "1": 0.929466187953949
    },
    "pair_chains_iptm": {
        "0": {
            "0": 0.9355781078338623,
            "1": 0.6621599197387695
        },
        "1": {
            "0": 0.9509840607643127,
            "1": 0.929466187953949
        }
    }
}