seed,sample,ranking_score
1,0,0.7870547299226099
1,1,0.8046150334739325
1,2,0.8175322656995299
1,3,0.7825971162509249
1,4,0.8056773603229286
