{
    "confidence_score": 0.9539891481399536,
    "ptm": 0.9697960019111633,
    "iptm": 0.9620802998542786,
    "ligand_iptm": 0.9620802998542786,
    "protein_iptm": 0.0,
    "complex_plddt": 0.9519663453102112,
    "complex_iplddt": 0.9223308563232422,
    "complex_pde": 0.352827787399292,
    "complex_ipde": 0.6642215251922607,
    "chains_ptm": {
        "0": 0.9702123403549194,
        "1": 0.9661728739738464
    },
    "pair_chains_iptm": {
        "0": {
            "0": 0.9702123403549194,
            "1": 0.5658515691757202
        },
        "1": {
            "0": 0.9620802998542786,
            "1": 0.9661728739738464
        }
    }
}