{
    "confidence_score": 0.9455595016479492,
    "ptm": 0.9527299404144287,
    "iptm": 0.9468589425086975,
    "ligand_iptm": 0.9468589425086975,
    "protein_iptm": 0.0,
    "complex_plddt": 0.9452346563339233,
    "complex_iplddt": 0.894166111946106,
    "complex_pde": 0.42196735739707947,
    "complex_ipde": 0.7267450094223022,
    "chains_ptm": {
        "0": 0.9530506134033203,
        "1": 0.9473554491996765
    },
    "pair_chains_iptm": {
        "0": {
            "0": 0.9530506134033203,
            "1": 0.5581122636795044
        },
        "1": {
            "0": 0.9468589425086975,
            "1": 0.9473554491996765
        }
    }
}