seed,sample,ranking_score
44,0,0.9485028865812004
44,1,0.9473072299533123
44,2,0.9225513983224592
44,3,0.933937628843975
44,4,0.938092115240106
9,0,0.923826635452301
9,1,0.9309143220950715
9,2,0.9298888120330301
9,3,0.9306787040302399
9,4,0.926381098536343
80,0,0.9227678315300912
80,1,0.9331792626268348
80,2,0.9214978396486521
80,3,0.9234309042134767
80,4,0.9240733683938115
