{
    "confidence_score": 0.9570810198783875,
    "ptm": 0.9578613638877869,
    "iptm": 0.9585861563682556,
    "ligand_iptm": 0.9585861563682556,
    "protein_iptm": 0.0,
    "complex_plddt": 0.9567047357559204,
    "complex_iplddt": 0.9268270134925842,
    "complex_pde": 0.4118014872074127,
    "complex_ipde": 0.6935120224952698,
    "chains_ptm": {
        "0": 0.9579428434371948,
        "1": 0.9652314782142639
    },
    "pair_chains_iptm": {
        "0": {
            "0": 0.9579428434371948,
            "1": 0.642056941986084
        },
        "1": {
            "0": 0.9585861563682556,
            "1": 0.9652314782142639
        }
    }
}