seed,sample,ranking_score
1,0,0.8919559693935203
1,1,0.8905072395159291
1,2,0.9147830559214596
1,3,0.8939666840362519
1,4,0.8903080331759441
