seed,sample,ranking_score
1,0,0.6532604831657062
1,1,0.6846335413887589
1,2,0.6737446163734019
1,3,0.6743294369204773
1,4,0.6655323388919524
