seed,sample,ranking_score
1,0,0.935054815806321
1,1,0.9464297597599788
1,2,0.9482734147425651
1,3,0.9342097367191813
1,4,0.9381577833605188
