{
    "confidence_score": 0.9445087313652039,
    "ptm": 0.9319910407066345,
    "iptm": 0.9227226376533508,
    "ligand_iptm": 0.9227226376533508,
    "protein_iptm": 0.0,
    "complex_plddt": 0.9499552249908447,
    "complex_iplddt": 0.8881224393844604,
    "complex_pde": 0.5187138319015503,
    "complex_ipde": 1.022026777267456,
    "chains_ptm": {
        "0": 0.932744026184082,
        "1": 0.9454386830329895
    },
    "pair_chains_iptm": {
        "0": {
            "0": 0.932744026184082,
            "1": 0.46087777614593506
        },
        "1": {
            "0": 0.9227226376533508,
            "1": 0.9454386830329895
        }
    }
}