{
    "confidence_score": 0.9468065500259399,
    "ptm": 0.944412350654602,
    "iptm": 0.9332651495933533,
    "ligand_iptm": 0.9332651495933533,
    "protein_iptm": 0.0,
    "complex_plddt": 0.950191855430603,
    "complex_iplddt": 0.9104263782501221,
    "complex_pde": 0.471184104681015,
    "complex_ipde": 0.846217691898346,
    "chains_ptm": {
        "0": 0.9451450109481812,
        "1": 0.9374306201934814
    },
    "pair_chains_iptm": {
        "0": {
            "0": 0.9451450109481812,
            "1": 0.5324605107307434
        },
        "1": {
            "0": 0.9332651495933533,
            "1": 0.9374306201934814
        }
    }
}