{
    "confidence_score": 0.9410625696182251,
    "ptm": 0.960452675819397,
    "iptm": 0.9714829325675964,
    "ligand_iptm": 0.9714829325675964,
    "protein_iptm": 0.0,
    "complex_plddt": 0.9334574937820435,
    "complex_iplddt": 0.8932331800460815,
    "complex_pde": 0.3819127082824707,
    "complex_ipde": 0.5464400053024292,
    "chains_ptm": {
        "0": 0.9595522284507751,
        "1": 0.9554104208946228
    },
    "pair_chains_iptm": {
        "0": {
            "0": 0.9595522284507751,
            "1": 0.6915687918663025
        },
        "1": {
            "0": 0.9714829325675964,
            "1": 0.9554104208946228
        }
    }
}