seed,sample,ranking_score
1,0,0.7962172636958245
1,1,0.8526570046890324
1,2,0.8479154757109059
1,3,0.8333052816253685
1,4,0.815775749133594
