seed,sample,ranking_score
44,0,0.8075587456581895
44,1,0.8175774323877701
44,2,0.7830666072048065
44,3,0.805913534376631
44,4,0.7911938758955467
9,0,0.7853314112974923
9,1,0.7825848221156995
9,2,0.7976382080268565
9,3,0.7739732515194212
9,4,0.7749261539831022
80,0,0.7789819986377766
80,1,0.7936200919373587
80,2,0.7844120489331986
80,3,0.7939434017763328
80,4,0.7951706597389758
