seed,sample,ranking_score
1,0,0.8489765262181379
1,1,0.8652659589139949
1,2,0.8691087705110687
1,3,0.8657788694417483
1,4,0.8610330803341935
