seed,sample,ranking_score
44,0,0.8659234668594136
44,1,0.8672335230739416
44,2,0.8378046448806179
44,3,0.8716803454776982
44,4,0.8637680580335005
9,0,0.8437051167842372
9,1,0.8504978575692453
9,2,0.8516542553676376
9,3,0.8459551469219411
9,4,0.8488576414172299
80,0,0.8566982342554212
80,1,0.8674180883616819
80,2,0.8496968522773654
80,3,0.8254927415086221
80,4,0.8374867359648741
