{
    "confidence_score": 0.9320792555809021,
    "ptm": 0.963550329208374,
    "iptm": 0.9469739198684692,
    "ligand_iptm": 0.9469739198684692,
    "protein_iptm": 0.0,
    "complex_plddt": 0.9283555746078491,
    "complex_iplddt": 0.8494223952293396,
    "complex_pde": 0.39358261227607727,
    "complex_ipde": 0.7232592701911926,
    "chains_ptm": {
        "0": 0.9648621082305908,
        "1": 0.8939425945281982
    },
    "pair_chains_iptm": {
        "0": {
            "0": 0.9648621082305908,
            "1": 0.6040766835212708
        },
        "1": {
            "0": 0.9469739198684692,
            "1": 0.8939425945281982
        }
    }
}