seed,sample,ranking_score
1,0,0.6802685716621091
1,1,0.6898420574725738
1,2,0.7143443624624009
1,3,0.6856078758266749
1,4,0.6776411736608938
