{
    "confidence_score": 0.9204959273338318,
    "ptm": 0.9646610617637634,
    "iptm": 0.9323738813400269,
    "ligand_iptm": 0.9323738813400269,
    "protein_iptm": 0.0,
    "complex_plddt": 0.917526364326477,
    "complex_iplddt": 0.7859042882919312,
    "complex_pde": 0.3931395411491394,
    "complex_ipde": 0.8269167542457581,
    "chains_ptm": {
        "0": 0.9671122431755066,
        "1": 0.9200149178504944
    },
    "pair_chains_iptm": {
        "0": {
            "0": 0.9671122431755066,
            "1": 0.5396726727485657
        },
        "1": {
            "0": 0.9323738813400269,
            "1": 0.9200149178504944
        }
    }
}