{
    "confidence_score": 0.947113037109375,
    "ptm": 0.947486400604248,
    "iptm": 0.9553107619285583,
    "ligand_iptm": 0.9553107619285583,
    "protein_iptm": 0.0,
    "complex_plddt": 0.9450636506080627,
    "complex_iplddt": 0.9083514213562012,
    "complex_pde": 0.4495104253292084,
    "complex_ipde": 0.7480760812759399,
    "chains_ptm": {
        "0": 0.9471551179885864,
        "1": 0.9481329917907715
    },
    "pair_chains_iptm": {
        "0": {
            "0": 0.9471551179885864,
            "1": 0.6268109679222107
        },
        "1": {
            "0": 0.9553107619285583,
            "1": 0.9481329917907715
        }
    }
}