seed,sample,ranking_score
44,0,0.9015757531701978
44,1,0.9034885574110328
44,2,0.8889919717324509
44,3,0.886211519406287
44,4,0.886123293023596
9,0,0.8614868053270291
9,1,0.8759663097167644
9,2,0.8656470788722467
9,3,0.8563020332668849
9,4,0.8834640504885863
80,0,0.88493516457603
80,1,0.8882620807731214
80,2,0.875057961087142
80,3,0.8863728577011116
80,4,0.8795275718409209
