seed,sample,ranking_score
1,0,0.7912825377129895
1,1,0.8311627203805433
1,2,0.8557196635895454
1,3,0.7952711730958801
1,4,0.8403519077666682
