{
    "confidence_score": 0.9401805996894836,
    "ptm": 0.9544516205787659,
    "iptm": 0.9221355319023132,
    "ligand_iptm": 0.9221355319023132,
    "protein_iptm": 0.0,
    "complex_plddt": 0.9446918964385986,
    "complex_iplddt": 0.9174129962921143,
    "complex_pde": 0.42273473739624023,
    "complex_ipde": 1.08549165725708,
    "chains_ptm": {
        "0": 0.9559862613677979,
        "1": 0.9822538495063782
    },
    "pair_chains_iptm": {
        "0": {
            "0": 0.9559862613677979,
            "1": 0.4966960847377777
        },
        "1": {
            "0": 0.9221355319023132,
            "1": 0.9822538495063782
        }
    }
}