{
    "confidence_score": 0.9477561116218567,
    "ptm": 0.9594635963439941,
    "iptm": 0.9595307111740112,
    "ligand_iptm": 0.9595307111740112,
    "protein_iptm": 0.0,
    "complex_plddt": 0.9448124766349792,
    "complex_iplddt": 0.9137153029441833,
    "complex_pde": 0.39506667852401733,
    "complex_ipde": 0.6566837430000305,
    "chains_ptm": {
        "0": 0.959459662437439,
        "1": 0.9376342296600342
    },
    "pair_chains_iptm": {
        "0": {
            "0": 0.959459662437439,
            "1": 0.5748066902160645
        },
        "1": {
            "0": 0.9595307111740112,
            "1": 0.9376342296600342
        }
    }
}