{
    "confidence_score": 0.940717875957489,
    "ptm": 0.9563079476356506,
    "iptm": 0.9641103148460388,
    "ligand_iptm": 0.9641103148460388,
    "protein_iptm": 0.0,
    "complex_plddt": 0.9348697662353516,
    "complex_iplddt": 0.9038105607032776,
    "complex_pde": 0.41970640420913696,
    "complex_ipde": 0.6361324787139893,
    "chains_ptm": {
        "0": 0.955644428730011,
        "1": 0.8721998333930969
    },
    "pair_chains_iptm": {
        "0": {
            "0": 0.955644428730011,
            "1": 0.6055024266242981
        },
        "1": {
            "0": 0.9641103148460388,
            "1": 0.8721998333930969
        }
    }
}