{
    "confidence_score": 0.925414502620697,
    "ptm": 0.9624770879745483,
    "iptm": 0.9372941255569458,
    "ligand_iptm": 0.9372941255569458,
    "protein_iptm": 0.0,
    "complex_plddt": 0.9224445223808289,
    "complex_iplddt": 0.8283606171607971,
    "complex_pde": 0.40152525901794434,
    "complex_ipde": 0.7873345017433167,
    "chains_ptm": {
        "0": 0.9645544290542603,
        "1": 0.9023764133453369
    },
    "pair_chains_iptm": {
        "0": {
            "0": 0.9645544290542603,
            "1": 0.5808659791946411
        },
        "1": {
            "0": 0.9372941255569458,
            "1": 0.9023764133453369
        }
    }
}