seed,sample,ranking_score
1,0,0.9649740383044183
1,1,0.9657280413876052
1,2,0.988441668245628
1,3,0.9682062810063333
1,4,0.971788030318017
