seed,sample,ranking_score
44,0,0.9081017107068854
44,1,0.9313944096849782
44,2,0.9028601874842839
44,3,0.917229312876624
44,4,0.9054022009217383
9,0,0.8827573259095027
9,1,0.9025716153930823
9,2,0.907361549156134
9,3,0.9048869817411689
9,4,0.9090707326680504
80,0,0.9012209214206758
80,1,0.9046176532485611
80,2,0.8973470377538988
80,3,0.8627875857912098
80,4,0.9018617216581687
