seed,sample,ranking_score
1,0,0.7938712821348202
1,1,0.7977552659700251
1,2,0.7846371638591224
1,3,0.7817292858469969
1,4,0.8027518001155215
