seed,sample,ranking_score
1,0,0.8703648447201033
1,1,0.8889951074361255
1,2,0.9116995655389225
1,3,0.8750301578074451
1,4,0.8905967591259208
