seed,sample,ranking_score
1,0,0.7849637455265001
1,1,0.8821382379425735
1,2,0.8462328987921374
1,3,0.8651781170803865
1,4,0.8634937181396841
