seed,sample,ranking_score
1,0,0.8002558283131868
1,1,0.8269767057533425
1,2,0.8540553290202979
1,3,0.798212462056871
1,4,0.8503356225693264
