{
    "confidence_score": 0.9465305209159851,
    "ptm": 0.9473480582237244,
    "iptm": 0.9250375628471375,
    "ligand_iptm": 0.9250375628471375,
    "protein_iptm": 0.0,
    "complex_plddt": 0.9519038200378418,
    "complex_iplddt": 0.9353921413421631,
    "complex_pde": 0.45797228813171387,
    "complex_ipde": 1.006813883781433,
    "chains_ptm": {
        "0": 0.9488454461097717,
        "1": 0.9305211305618286
    },
    "pair_chains_iptm": {
        "0": {
            "0": 0.9488454461097717,
            "1": 0.43393415212631226
        },
        "1": {
            "0": 0.9250375628471375,
            "1": 0.9305211305618286
        }
    }
}