{
    "confidence_score": 0.9377790689468384,
    "ptm": 0.9681122303009033,
    "iptm": 0.9032867550849915,
    "ligand_iptm": 0.9032867550849915,
    "protein_iptm": 0.0,
    "complex_plddt": 0.9464020729064941,
    "complex_iplddt": 0.8974748849868774,
    "complex_pde": 0.39487144351005554,
    "complex_ipde": 1.2668911218643188,
    "chains_ptm": {
        "0": 0.9720209240913391,
        "1": 0.9668064117431641
    },
    "pair_chains_iptm": {
        "0": {
            "0": 0.9720209240913391,
            "1": 0.4984323978424072
        },
        "1": {
            "0": 0.9032867550849915,
            "1": 0.9668064117431641
        }
    }
}