seed,sample,ranking_score
1,0,0.8324530511075574
1,1,0.84299094555573
1,2,0.8575635385765931
1,3,0.8370342876062203
1,4,0.8524628136569926
