{
    "confidence_score": 0.933798611164093,
    "ptm": 0.9530311822891235,
    "iptm": 0.9073297381401062,
    "ligand_iptm": 0.9073297381401062,
    "protein_iptm": 0.0,
    "complex_plddt": 0.9404157996177673,
    "complex_iplddt": 0.8887090682983398,
    "complex_pde": 0.45025599002838135,
    "complex_ipde": 1.0713216066360474,
    "chains_ptm": {
        "0": 0.9557123184204102,
        "1": 0.9382498264312744
    },
    "pair_chains_iptm": {
        "0": {
            "0": 0.9557123184204102,
            "1": 0.4982689321041107
        },
        "1": {
            "0": 0.9073297381401062,
            "1": 0.9382498264312744
        }
    }
}