seed,sample,ranking_score
1,0,0.9400047393403398
1,1,0.9576422671438027
1,2,0.9577530651879704
1,3,0.9389127375279028
1,4,0.9383556348308572
