seed,sample,ranking_score
1,0,0.9599826380382884
1,1,0.9719328507184414
1,2,0.9690214146574786
1,3,0.9600024482119247
1,4,0.9412910719407851
