seed,sample,ranking_score
1,0,0.8822863934309115
1,1,0.8926560799998874
1,2,0.9134094977048697
1,3,0.8843110327156285
1,4,0.8932645088627905
