seed,sample,ranking_score
44,0,0.8330774779004032
44,1,0.8178710967785487
44,2,0.8057742708926876
44,3,0.8404958636553888
44,4,0.8044038010767983
9,0,0.8056798714922445
9,1,0.800049485293668
9,2,0.8188116009608876
9,3,0.7840661814325846
9,4,0.7822433984261304
80,0,0.7954253703152674
80,1,0.8402936003374432
80,2,0.7826690537575413
80,3,0.8237512171265556
80,4,0.8291899390337933
