{
    "confidence_score": 0.9558705687522888,
    "ptm": 0.9588931798934937,
    "iptm": 0.9752864241600037,
    "ligand_iptm": 0.9752864241600037,
    "protein_iptm": 0.0,
    "complex_plddt": 0.9510166049003601,
    "complex_iplddt": 0.9318694472312927,
    "complex_pde": 0.38757121562957764,
    "complex_ipde": 0.5067792534828186,
    "chains_ptm": {
        "0": 0.9575662016868591,
        "1": 0.9568071961402893
    },
    "pair_chains_iptm": {
        "0": {
            "0": 0.9575662016868591,
            "1": 0.70294189453125
        },
        "1": {
            "0": 0.9752864241600037,
            "1": 0.9568071961402893
        }
    }
}