seed,sample,ranking_score
44,0,0.9295969443562997
44,1,0.941790294917758
44,2,0.9110433263985223
44,3,0.9250489865162407
44,4,0.9259165169229063
9,0,0.9150628366523219
9,1,0.9177547725163212
9,2,0.8972913351535102
9,3,0.9070618731581979
9,4,0.9225632886243537
80,0,0.920043356264491
80,1,0.9239024568120577
80,2,0.9000991984300519
80,3,0.9145861141798407
80,4,0.9118824319636523
