seed,sample,ranking_score
1,0,0.8493356549407285
1,1,0.8426461059535105
1,2,0.8639563599774299
1,3,0.8540341436912321
1,4,0.8501480762666868
