{
    "confidence_score": 0.9496898055076599,
    "ptm": 0.9600304961204529,
    "iptm": 0.963370144367218,
    "ligand_iptm": 0.963370144367218,
    "protein_iptm": 0.0,
    "complex_plddt": 0.946269690990448,
    "complex_iplddt": 0.9073890447616577,
    "complex_pde": 0.389832079410553,
    "complex_ipde": 0.6089349389076233,
    "chains_ptm": {
        "0": 0.9598305225372314,
        "1": 0.9518910646438599
    },
    "pair_chains_iptm": {
        "0": {
            "0": 0.9598305225372314,
            "1": 0.6551187038421631
        },
        "1": {
            "0": 0.963370144367218,
            "1": 0.9518910646438599
        }
    }
}