seed,sample,ranking_score
1,0,0.740041787210266
1,1,0.5980561674420334
1,2,0.7622319729520153
1,3,0.7652078303556478
1,4,0.7604483815086922
