{
    "confidence_score": 0.9369375109672546,
    "ptm": 0.960677981376648,
    "iptm": 0.9608478546142578,
    "ligand_iptm": 0.9608478546142578,
    "protein_iptm": 0.0,
    "complex_plddt": 0.9309599995613098,
    "complex_iplddt": 0.8696907758712769,
    "complex_pde": 0.39770928025245667,
    "complex_ipde": 0.6574341058731079,
    "chains_ptm": {
        "0": 0.960724413394928,
        "1": 0.9457005858421326
    },
    "pair_chains_iptm": {
        "0": {
            "0": 0.960724413394928,
            "1": 0.5870620608329773
        },
        "1": {
            "0": 0.9608478546142578,
            "1": 0.9457005858421326
        }
    }
}