{
    "confidence_score": 0.9515547752380371,
    "ptm": 0.9594876170158386,
    "iptm": 0.9727332592010498,
    "ligand_iptm": 0.9727332592010498,
    "protein_iptm": 0.0,
    "complex_plddt": 0.9462601542472839,
    "complex_iplddt": 0.9322963356971741,
    "complex_pde": 0.39689069986343384,
    "complex_ipde": 0.5741360187530518,
    "chains_ptm": {
        "0": 0.9583103060722351,
        "1": 0.9604544043540955
    },
    "pair_chains_iptm": {
        "0": {
            "0": 0.9583103060722351,
            "1": 0.7954058051109314
        },
        "1": {
            "0": 0.9727332592010498,
            "1": 0.9604544043540955
        }
    }
}