{
    "confidence_score": 0.9463033676147461,
    "ptm": 0.9562796354293823,
    "iptm": 0.9624601602554321,
    "ligand_iptm": 0.9624601602554321,
    "protein_iptm": 0.0,
    "complex_plddt": 0.942264199256897,
    "complex_iplddt": 0.8947875499725342,
    "complex_pde": 0.4002376198768616,
    "complex_ipde": 0.6126714944839478,
    "chains_ptm": {
        "0": 0.9560611248016357,
        "1": 0.9145912528038025
    },
    "pair_chains_iptm": {
        "0": {
            "0": 0.9560611248016357,
            "1": 0.4931494891643524
        },
        "1": {
            "0": 0.9624601602554321,
            "1": 0.9145912528038025
        }
    }
}