{
    "confidence_score": 0.9594549536705017,
    "ptm": 0.9497071504592896,
    "iptm": 0.9880704283714294,
    "ligand_iptm": 0.9880704283714294,
    "protein_iptm": 0.0,
    "complex_plddt": 0.952301025390625,
    "complex_iplddt": 0.9467057585716248,
    "complex_pde": 0.41724729537963867,
    "complex_ipde": 0.44587913155555725,
    "chains_ptm": {
        "0": 0.9482759237289429,
        "1": 0.9876327514648438
    },
    "pair_chains_iptm": {
        "0": {
            "0": 0.9482759237289429,
            "1": 0.7943932414054871
        },
        "1": {
            "0": 0.9880704283714294,
            "1": 0.9876327514648438
        }
    }
}