seed,sample,ranking_score
1,0,0.7875892765143331
1,1,0.8069552983213424
1,2,0.8196898112423777
1,3,0.7783595520010649
1,4,0.8096323066744615
