seed,sample,ranking_score
1,0,0.7733327684226019
1,1,0.791239687053458
1,2,0.8070160392046897
1,3,0.7873602615296
1,4,0.7856424574220463
