seed,sample,ranking_score
1,0,0.8810876319847953
1,1,0.8946122470800867
1,2,0.8847969564668255
1,3,0.8718100269255826
1,4,0.8668096391369886
