{
    "confidence_score": 0.9498730897903442,
    "ptm": 0.9429981112480164,
    "iptm": 0.9381403923034668,
    "ligand_iptm": 0.9381403923034668,
    "protein_iptm": 0.0,
    "complex_plddt": 0.9528062343597412,
    "complex_iplddt": 0.9287337064743042,
    "complex_pde": 0.4729921221733093,
    "complex_ipde": 0.8275333642959595,
    "chains_ptm": {
        "0": 0.94330894947052,
        "1": 0.9143840670585632
    },
    "pair_chains_iptm": {
        "0": {
            "0": 0.94330894947052,
            "1": 0.45265650749206543
        },
        "1": {
            "0": 0.9381403923034668,
            "1": 0.9143840670585632
        }
    }
}