seed,sample,ranking_score
1,0,0.8367182171950226
1,1,0.8318055556067797
1,2,0.8298973725099834
1,3,0.8363678322782677
1,4,0.8214730781594465
