{
    "confidence_score": 0.9430182576179504,
    "ptm": 0.9661733508110046,
    "iptm": 0.9640016555786133,
    "ligand_iptm": 0.9640016555786133,
    "protein_iptm": 0.0,
    "complex_plddt": 0.9377723932266235,
    "complex_iplddt": 0.905044436454773,
    "complex_pde": 0.3773398697376251,
    "complex_ipde": 0.601901650428772,
    "chains_ptm": {
        "0": 0.9665120244026184,
        "1": 0.9394243955612183
    },
    "pair_chains_iptm": {
        "0": {
            "0": 0.9665120244026184,
            "1": 0.6293848752975464
        },
        "1": {
            "0": 0.9640016555786133,
            "1": 0.9394243955612183
        }
    }
}