{
    "confidence_score": 0.937335193157196,
    "ptm": 0.9495161175727844,
    "iptm": 0.9297033548355103,
    "ligand_iptm": 0.9297033548355103,
    "protein_iptm": 0.0,
    "complex_plddt": 0.9392431378364563,
    "complex_iplddt": 0.8891698122024536,
    "complex_pde": 0.46938931941986084,
    "complex_ipde": 0.9275494813919067,
    "chains_ptm": {
        "0": 0.951787531375885,
        "1": 0.890668511390686
    },
    "pair_chains_iptm": {
        "0": {
            "0": 0.951787531375885,
            "1": 0.45000648498535156
        },
        "1": {
            "0": 0.9297033548355103,
            "1": 0.890668511390686
        }
    }
}