{
    "confidence_score": 0.946225643157959,
    "ptm": 0.9485229849815369,
    "iptm": 0.9688979387283325,
    "ligand_iptm": 0.9688979387283325,
    "protein_iptm": 0.0,
    "complex_plddt": 0.940557599067688,
    "complex_iplddt": 0.9188788533210754,
    "complex_pde": 0.43961602449417114,
    "complex_ipde": 0.6358201503753662,
    "chains_ptm": {
        "0": 0.9467846155166626,
        "1": 0.9592593312263489
    },
    "pair_chains_iptm": {
        "0": {
            "0": 0.9467846155166626,
            "1": 0.7199940085411072
        },
        "1": {
            "0": 0.9688979387283325,
            "1": 0.9592593312263489
        }
    }
}