{
    "confidence_score": 0.9575127959251404,
    "ptm": 0.9482119679450989,
    "iptm": 0.9441561698913574,
    "ligand_iptm": 0.9441561698913574,
    "protein_iptm": 0.0,
    "complex_plddt": 0.9608519077301025,
    "complex_iplddt": 0.9346610903739929,
    "complex_pde": 0.437470942735672,
    "complex_ipde": 0.7755261659622192,
    "chains_ptm": {
        "0": 0.9484748840332031,
        "1": 0.9196945428848267
    },
    "pair_chains_iptm": {
        "0": {
            "0": 0.9484748840332031,
            "1": 0.4770033359527588
        },
        "1": {
            "0": 0.9441561698913574,
            "1": 0.9196945428848267
        }
    }
}