{
    "confidence_score": 0.9464240074157715,
    "ptm": 0.9511633515357971,
    "iptm": 0.9596574306488037,
    "ligand_iptm": 0.9596574306488037,
    "protein_iptm": 0.0,
    "complex_plddt": 0.9431156516075134,
    "complex_iplddt": 0.9200416803359985,
    "complex_pde": 0.44482460618019104,
    "complex_ipde": 0.6913787126541138,
    "chains_ptm": {
        "0": 0.9505835175514221,
        "1": 0.9533257484436035
    },
    "pair_chains_iptm": {
        "0": {
            "0": 0.9505835175514221,
            "1": 0.6614456176757812
        },
        "1": {
            "0": 0.9596574306488037,
            "1": 0.9533257484436035
        }
    }
}