seed,sample,ranking_score
1,0,0.8352913508492525
1,1,0.8230392055945682
1,2,0.8347251264040378
1,3,0.8289704111581255
1,4,0.8463600835480831
