{
    "confidence_score": 0.9576093554496765,
    "ptm": 0.9632236957550049,
    "iptm": 0.9876683950424194,
    "ligand_iptm": 0.9876683950424194,
    "protein_iptm": 0.0,
    "complex_plddt": 0.9500945806503296,
    "complex_iplddt": 0.949364960193634,
    "complex_pde": 0.37143751978874207,
    "complex_ipde": 0.4222094416618347,
    "chains_ptm": {
        "0": 0.9621621370315552,
        "1": 0.9343950152397156
    },
    "pair_chains_iptm": {
        "0": {
            "0": 0.9621621370315552,
            "1": 0.6161924004554749
        },
        "1": {
            "0": 0.9876683950424194,
            "1": 0.9343950152397156
        }
    }
}