seed,sample,ranking_score
1,0,0.842938208141513
1,1,0.88278401836816
1,2,0.8917379467041175
1,3,0.8776577116050392
1,4,0.8411653728789934
