{
    "confidence_score": 0.9330965876579285,
    "ptm": 0.9619453549385071,
    "iptm": 0.9146334528923035,
    "ligand_iptm": 0.9146334528923035,
    "protein_iptm": 0.0,
    "complex_plddt": 0.9377123713493347,
    "complex_iplddt": 0.8759326934814453,
    "complex_pde": 0.41015785932540894,
    "complex_ipde": 0.9994781017303467,
    "chains_ptm": {
        "0": 0.9650132060050964,
        "1": 0.958873987197876
    },
    "pair_chains_iptm": {
        "0": {
            "0": 0.9650132060050964,
            "1": 0.5075170397758484
        },
        "1": {
            "0": 0.9146334528923035,
            "1": 0.958873987197876
        }
    }
}