{
    "confidence_score": 0.9564288258552551,
    "ptm": 0.9616682529449463,
    "iptm": 0.9641749858856201,
    "ligand_iptm": 0.9641749858856201,
    "protein_iptm": 0.0,
    "complex_plddt": 0.9544922709465027,
    "complex_iplddt": 0.9434492588043213,
    "complex_pde": 0.3885290026664734,
    "complex_ipde": 0.625572681427002,
    "chains_ptm": {
        "0": 0.9615099430084229,
        "1": 0.9510321021080017
    },
    "pair_chains_iptm": {
        "0": {
            "0": 0.9615099430084229,
            "1": 0.6428003311157227
        },
        "1": {
            "0": 0.9641749858856201,
            "1": 0.9510321021080017
        }
    }
}