seed,sample,ranking_score
1,0,0.9334468931368773
1,1,0.9473410484849479
1,2,0.9543157391720314
1,3,0.9315081150551444
1,4,0.9442742137151356
