seed,sample,ranking_score
1,0,0.8363029267805706
1,1,0.8504215123584375
1,2,0.857617672646627
1,3,0.8408444003956685
1,4,0.8503016847564449
