{
    "confidence_score": 0.9422091841697693,
    "ptm": 0.9676348567008972,
    "iptm": 0.9366013407707214,
    "ligand_iptm": 0.9366013407707214,
    "protein_iptm": 0.0,
    "complex_plddt": 0.9436111450195312,
    "complex_iplddt": 0.8912506103515625,
    "complex_pde": 0.37414973974227905,
    "complex_ipde": 0.7838075757026672,
    "chains_ptm": {
        "0": 0.969541609287262,
        "1": 0.9326111674308777
    },
    "pair_chains_iptm": {
        "0": {
            "0": 0.969541609287262,
            "1": 0.4643710255622864
        },
        "1": {
            "0": 0.9366013407707214,
            "1": 0.9326111674308777
        }
    }
}