seed,sample,ranking_score
1,0,0.8205634656389118
1,1,0.827049363617468
1,2,0.7999842700967581
1,3,0.8202310979357434
1,4,0.8353583266455258
