seed,sample,ranking_score
1,0,0.8223116247818142
1,1,0.8269415732157861
1,2,0.82903819326793
1,3,0.8302515714959191
1,4,0.8402240992314408
