seed,sample,ranking_score
1,0,0.9515347832300227
1,1,0.9390962112154206
1,2,0.9723574740781812
1,3,0.9502585348300926
1,4,0.9653075668602247
