seed,sample,ranking_score
1,0,0.9097393377341355
1,1,0.9051972175417056
1,2,0.9361920895633907
1,3,0.91643479548593
1,4,0.9187392958613341
