{
    "confidence_score": 0.959505558013916,
    "ptm": 0.965286135673523,
    "iptm": 0.9443244338035583,
    "ligand_iptm": 0.9443244338035583,
    "protein_iptm": 0.0,
    "complex_plddt": 0.9633008241653442,
    "complex_iplddt": 0.9379778504371643,
    "complex_pde": 0.3776969313621521,
    "complex_ipde": 0.7529005408287048,
    "chains_ptm": {
        "0": 0.9666454195976257,
        "1": 0.9626744985580444
    },
    "pair_chains_iptm": {
        "0": {
            "0": 0.9666454195976257,
            "1": 0.6475307941436768
        },
        "1": {
            "0": 0.9443244338035583,
            "1": 0.9626744985580444
        }
    }
}