{
    "confidence_score": 0.9465184211730957,
    "ptm": 0.9544265866279602,
    "iptm": 0.9326117634773254,
    "ligand_iptm": 0.9326117634773254,
    "protein_iptm": 0.0,
    "complex_plddt": 0.9499950408935547,
    "complex_iplddt": 0.8933556079864502,
    "complex_pde": 0.43954211473464966,
    "complex_ipde": 1.11211359500885,
    "chains_ptm": {
        "0": 0.9553257822990417,
        "1": 0.9801331758499146
    },
    "pair_chains_iptm": {
        "0": {
            "0": 0.9553257822990417,
            "1": 0.5825561285018921
        },
        "1": {
            "0": 0.9326117634773254,
            "1": 0.9801331758499146
        }
    }
}