{
    "confidence_score": 0.9560056924819946,
    "ptm": 0.962211012840271,
    "iptm": 0.9751687049865723,
    "ligand_iptm": 0.9751687049865723,
    "protein_iptm": 0.0,
    "complex_plddt": 0.9512148499488831,
    "complex_iplddt": 0.9347051978111267,
    "complex_pde": 0.37936335802078247,
    "complex_ipde": 0.5082456469535828,
    "chains_ptm": {
        "0": 0.9611694812774658,
        "1": 0.9599378108978271
    },
    "pair_chains_iptm": {
        "0": {
            "0": 0.9611694812774658,
            "1": 0.7263972163200378
        },
        "1": {
            "0": 0.9751687049865723,
            "1": 0.9599378108978271
        }
    }
}