{
    "confidence_score": 0.9530378580093384,
    "ptm": 0.9563265442848206,
    "iptm": 0.9489263296127319,
    "ligand_iptm": 0.9489263296127319,
    "protein_iptm": 0.0,
    "complex_plddt": 0.9540656805038452,
    "complex_iplddt": 0.9204199314117432,
    "complex_pde": 0.41023921966552734,
    "complex_ipde": 0.6960257291793823,
    "chains_ptm": {
        "0": 0.956758439540863,
        "1": 0.9261398911476135
    },
    "pair_chains_iptm": {
        "0": {
            "0": 0.956758439540863,
            "1": 0.5015783905982971
        },
        "1": {
            "0": 0.9489263296127319,
            "1": 0.9261398911476135
        }
    }
}