seed,sample,ranking_score
44,0,0.8769035378227652
44,1,0.8668854037373755
44,2,0.8695352299400149
44,3,0.8777284673379481
44,4,0.8695756531069897
9,0,0.8564628820653397
9,1,0.8471141238563766
9,2,0.8424186014234554
9,3,0.8541777313885268
9,4,0.8618912019332546
80,0,0.8541602999252965
80,1,0.8650238667440493
80,2,0.8502570096998922
80,3,0.8410906946224251
80,4,0.860390070361118
