seed,sample,ranking_score
1,0,0.8849582728480891
1,1,0.8689922111080958
1,2,0.8961229376396683
1,3,0.8824134100715226
1,4,0.8771743794230645
