{
    "confidence_score": 0.9325041174888611,
    "ptm": 0.9608670473098755,
    "iptm": 0.9324959516525269,
    "ligand_iptm": 0.9324959516525269,
    "protein_iptm": 0.0,
    "complex_plddt": 0.9325061440467834,
    "complex_iplddt": 0.8470749855041504,
    "complex_pde": 0.40544477105140686,
    "complex_ipde": 0.890343427658081,
    "chains_ptm": {
        "0": 0.9627069234848022,
        "1": 0.9195717573165894
    },
    "pair_chains_iptm": {
        "0": {
            "0": 0.9627069234848022,
            "1": 0.5237340331077576
        },
        "1": {
            "0": 0.9324959516525269,
            "1": 0.9195717573165894
        }
    }
}