seed,sample,ranking_score
44,0,0.8502462990563285
44,1,0.8556975622117572
44,2,0.8319443992122745
44,3,0.8484731212767915
44,4,0.8404836302906493
9,0,0.7791119497458554
9,1,0.7919073086233925
9,2,0.7814225945783521
9,3,0.7747200801425693
9,4,0.7764856463027651
80,0,0.8345839927985504
80,1,0.8523568706585519
80,2,0.8187337558227573
80,3,0.8218356426741261
80,4,0.8293781715928149
