{
    "confidence_score": 0.9511356353759766,
    "ptm": 0.9653399586677551,
    "iptm": 0.9519376158714294,
    "ligand_iptm": 0.9519376158714294,
    "protein_iptm": 0.0,
    "complex_plddt": 0.9509351849555969,
    "complex_iplddt": 0.911713719367981,
    "complex_pde": 0.3792022168636322,
    "complex_ipde": 0.7215242385864258,
    "chains_ptm": {
        "0": 0.9661867022514343,
        "1": 0.9536809921264648
    },
    "pair_chains_iptm": {
        "0": {
            "0": 0.9661867022514343,
            "1": 0.5926200151443481
        },
        "1": {
            "0": 0.9519376158714294,
            "1": 0.9536809921264648
        }
    }
}