seed,sample,ranking_score
1,0,0.8639564359967516
1,1,0.85830022186601
1,2,0.8699090643897549
1,3,0.8236842920944659
1,4,0.8388073444647745
