{
    "confidence_score": 0.949840247631073,
    "ptm": 0.948347270488739,
    "iptm": 0.9519186615943909,
    "ligand_iptm": 0.9519186615943909,
    "protein_iptm": 0.0,
    "complex_plddt": 0.9493206739425659,
    "complex_iplddt": 0.9187706112861633,
    "complex_pde": 0.4585241675376892,
    "complex_ipde": 0.7930637001991272,
    "chains_ptm": {
        "0": 0.9482113718986511,
        "1": 0.9464632868766785
    },
    "pair_chains_iptm": {
        "0": {
            "0": 0.9482113718986511,
            "1": 0.5825222134590149
        },
        "1": {
            "0": 0.9519186615943909,
            "1": 0.9464632868766785
        }
    }
}