seed,sample,ranking_score
1,0,0.8458391644359788
1,1,0.8318085396356683
1,2,0.8676114990450967
1,3,0.8278680984823834
1,4,0.8527820785324044
