seed,sample,ranking_score
1,0,0.8262842848007278
1,1,0.8555850487847031
1,2,0.8522562368767472
1,3,0.8384079717429058
1,4,0.8317619607066785
