seed,sample,ranking_score
1,0,0.8526057222080199
1,1,0.8826209521880137
1,2,0.8713450129499051
1,3,0.8695217390781237
1,4,0.8571934705820076
