seed,sample,ranking_score
1,0,0.8055400466913749
1,1,0.8318569831891651
1,2,0.839647643912831
1,3,0.8327920178334184
1,4,0.8295159679348639
