{
    "confidence_score": 0.9566696286201477,
    "ptm": 0.9671959280967712,
    "iptm": 0.9501338601112366,
    "ligand_iptm": 0.9501338601112366,
    "protein_iptm": 0.0,
    "complex_plddt": 0.9583035707473755,
    "complex_iplddt": 0.9173767566680908,
    "complex_pde": 0.3663794994354248,
    "complex_ipde": 0.8128901124000549,
    "chains_ptm": {
        "0": 0.9680392146110535,
        "1": 0.9336734414100647
    },
    "pair_chains_iptm": {
        "0": {
            "0": 0.9680392146110535,
            "1": 0.48474323749542236
        },
        "1": {
            "0": 0.9501338601112366,
            "1": 0.9336734414100647
        }
    }
}