seed,sample,ranking_score
1,0,0.8427625013008136
1,1,0.8720796481893246
1,2,0.8842461174986969
1,3,0.8780104816311216
1,4,0.8500337573993562
