{
    "confidence_score": 0.9604896903038025,
    "ptm": 0.9595094919204712,
    "iptm": 0.9884390234947205,
    "ligand_iptm": 0.9884390234947205,
    "protein_iptm": 0.0,
    "complex_plddt": 0.953502357006073,
    "complex_iplddt": 0.9555054903030396,
    "complex_pde": 0.3671634793281555,
    "complex_ipde": 0.4169132113456726,
    "chains_ptm": {
        "0": 0.9584484696388245,
        "1": 0.9761266112327576
    },
    "pair_chains_iptm": {
        "0": {
            "0": 0.9584484696388245,
            "1": 0.7957626581192017
        },
        "1": {
            "0": 0.9884390234947205,
            "1": 0.9761266112327576
        }
    }
}