{
    "confidence_score": 0.9440037608146667,
    "ptm": 0.964272677898407,
    "iptm": 0.9019498229026794,
    "ligand_iptm": 0.9019498229026794,
    "protein_iptm": 0.0,
    "complex_plddt": 0.9545172452926636,
    "complex_iplddt": 0.9250794053077698,
    "complex_pde": 0.4157871603965759,
    "complex_ipde": 1.3366327285766602,
    "chains_ptm": {
        "0": 0.9673155546188354,
        "1": 0.9672183990478516
    },
    "pair_chains_iptm": {
        "0": {
            "0": 0.9673155546188354,
            "1": 0.46935492753982544
        },
        "1": {
            "0": 0.9019498229026794,
            "1": 0.9672183990478516
        }
    }
}