seed,sample,ranking_score
1,0,0.9009722090197487
1,1,0.8977178559692383
1,2,0.9174106519678505
1,3,0.9012798377290065
1,4,0.9166656311804524
