{
    "confidence_score": 0.9306818842887878,
    "ptm": 0.9591444730758667,
    "iptm": 0.9083943367004395,
    "ligand_iptm": 0.9083943367004395,
    "protein_iptm": 0.0,
    "complex_plddt": 0.9362537860870361,
    "complex_iplddt": 0.8514618277549744,
    "complex_pde": 0.4200519323348999,
    "complex_ipde": 1.108359932899475,
    "chains_ptm": {
        "0": 0.9625574350357056,
        "1": 0.9240656495094299
    },
    "pair_chains_iptm": {
        "0": {
            "0": 0.9625574350357056,
            "1": 0.48066800832748413
        },
        "1": {
            "0": 0.9083943367004395,
            "1": 0.9240656495094299
        }
    }
}