{
    "confidence_score": 0.9415650367736816,
    "ptm": 0.9637606143951416,
    "iptm": 0.9180619120597839,
    "ligand_iptm": 0.9180619120597839,
    "protein_iptm": 0.0,
    "complex_plddt": 0.9474408030509949,
    "complex_iplddt": 0.8908227682113647,
    "complex_pde": 0.3976632356643677,
    "complex_ipde": 1.048439621925354,
    "chains_ptm": {
        "0": 0.9663668274879456,
        "1": 0.9439352750778198
    },
    "pair_chains_iptm": {
        "0": {
            "0": 0.9663668274879456,
            "1": 0.47588813304901123
        },
        "1": {
            "0": 0.9180619120597839,
            "1": 0.9439352750778198
        }
    }
}