{
    "confidence_score": 0.9445465207099915,
    "ptm": 0.9559358358383179,
    "iptm": 0.9743862152099609,
    "ligand_iptm": 0.9743862152099609,
    "protein_iptm": 0.0,
    "complex_plddt": 0.9370865821838379,
    "complex_iplddt": 0.9230983257293701,
    "complex_pde": 0.3953835368156433,
    "complex_ipde": 0.5479056239128113,
    "chains_ptm": {
        "0": 0.9541986584663391,
        "1": 0.9655709862709045
    },
    "pair_chains_iptm": {
        "0": {
            "0": 0.9541986584663391,
            "1": 0.747410774230957
        },
        "1": {
            "0": 0.9743862152099609,
            "1": 0.9655709862709045
        }
    }
}