{
    "confidence_score": 0.951836884021759,
    "ptm": 0.9576137065887451,
    "iptm": 0.9704902768135071,
    "ligand_iptm": 0.9704902768135071,
    "protein_iptm": 0.0,
    "complex_plddt": 0.9471734762191772,
    "complex_iplddt": 0.9315856099128723,
    "complex_pde": 0.3974500894546509,
    "complex_ipde": 0.5635070204734802,
    "chains_ptm": {
        "0": 0.9566685557365417,
        "1": 0.9606297612190247
    },
    "pair_chains_iptm": {
        "0": {
            "0": 0.9566685557365417,
            "1": 0.7079507112503052
        },
        "1": {
            "0": 0.9704902768135071,
            "1": 0.9606297612190247
        }
    }
}