{
    "confidence_score": 0.9600206613540649,
    "ptm": 0.9582598805427551,
    "iptm": 0.9651314616203308,
    "ligand_iptm": 0.9651314616203308,
    "protein_iptm": 0.0,
    "complex_plddt": 0.9587429165840149,
    "complex_iplddt": 0.9390449523925781,
    "complex_pde": 0.38853922486305237,
    "complex_ipde": 0.5772859454154968,
    "chains_ptm": {
        "0": 0.9579593539237976,
        "1": 0.9682046175003052
    },
    "pair_chains_iptm": {
        "0": {
            "0": 0.9579593539237976,
            "1": 0.6519996523857117
        },
        "1": {
            "0": 0.9651314616203308,
            "1": 0.9682046175003052
        }
    }
}