seed,sample,ranking_score
44,0,0.7784836795590464
44,1,0.8029926509149498
44,2,0.7089450328778906
44,3,0.7537806431523344
44,4,0.7369468653826745
9,0,0.7438600041172644
9,1,0.7527539192363305
9,2,0.8199805272588798
9,3,0.7464114619487653
9,4,0.7514103202854431
80,0,0.7474203032403668
80,1,0.7546107422282887
80,2,0.7717994726223931
80,3,0.7421199053510811
80,4,0.772134520064964
