{
    "confidence_score": 0.9538077712059021,
    "ptm": 0.9400519132614136,
    "iptm": 0.9694167375564575,
    "ligand_iptm": 0.9694167375564575,
    "protein_iptm": 0.0,
    "complex_plddt": 0.949905514717102,
    "complex_iplddt": 0.9366162419319153,
    "complex_pde": 0.4657458961009979,
    "complex_ipde": 0.6679000854492188,
    "chains_ptm": {
        "0": 0.9376591444015503,
        "1": 0.9613613486289978
    },
    "pair_chains_iptm": {
        "0": {
            "0": 0.9376591444015503,
            "1": 0.7106350064277649
        },
        "1": {
            "0": 0.9694167375564575,
            "1": 0.9613613486289978
        }
    }
}