seed,sample,ranking_score
1,0,0.9330687667017377
1,1,0.9412307514297991
1,2,0.9537566736904112
1,3,0.9344767349863893
1,4,0.9454237178077437
