{
    "confidence_score": 0.9543358087539673,
    "ptm": 0.9636058211326599,
    "iptm": 0.9631705284118652,
    "ligand_iptm": 0.9631705284118652,
    "protein_iptm": 0.0,
    "complex_plddt": 0.9521270394325256,
    "complex_iplddt": 0.9157458543777466,
    "complex_pde": 0.37137070298194885,
    "complex_ipde": 0.6212067604064941,
    "chains_ptm": {
        "0": 0.9637411832809448,
        "1": 0.9328747391700745
    },
    "pair_chains_iptm": {
        "0": {
            "0": 0.9637411832809448,
            "1": 0.6352003216743469
        },
        "1": {
            "0": 0.9631705284118652,
            "1": 0.9328747391700745
        }
    }
}