seed,sample,ranking_score
1,0,0.7651491486554504
1,1,0.7548115246900513
1,2,0.44947218692685265
1,3,0.7784258375144434
1,4,0.7556842736282611
