{
    "confidence_score": 0.9508697390556335,
    "ptm": 0.960313618183136,
    "iptm": 0.9734670519828796,
    "ligand_iptm": 0.9734670519828796,
    "protein_iptm": 0.0,
    "complex_plddt": 0.9452204704284668,
    "complex_iplddt": 0.9219314455986023,
    "complex_pde": 0.3940621316432953,
    "complex_ipde": 0.5658332109451294,
    "chains_ptm": {
        "0": 0.9592146873474121,
        "1": 0.9526509642601013
    },
    "pair_chains_iptm": {
        "0": {
            "0": 0.9592146873474121,
            "1": 0.7460383176803589
        },
        "1": {
            "0": 0.9734670519828796,
            "1": 0.9526509642601013
        }
    }
}