{
    "confidence_score": 0.9574331641197205,
    "ptm": 0.9512820839881897,
    "iptm": 0.9473843574523926,
    "ligand_iptm": 0.9473843574523926,
    "protein_iptm": 0.0,
    "complex_plddt": 0.9599452614784241,
    "complex_iplddt": 0.9247048497200012,
    "complex_pde": 0.4360722303390503,
    "complex_ipde": 0.8733860850334167,
    "chains_ptm": {
        "0": 0.9515003561973572,
        "1": 0.9839666485786438
    },
    "pair_chains_iptm": {
        "0": {
            "0": 0.9515003561973572,
            "1": 0.6238052845001221
        },
        "1": {
            "0": 0.9473843574523926,
            "1": 0.9839666485786438
        }
    }
}