seed,sample,ranking_score
44,0,0.9317637021272122
44,1,0.9249647323628946
44,2,0.9120649644840373
44,3,0.927987670579655
44,4,0.915996008760083
9,0,0.907128240329162
9,1,0.9118254191704274
9,2,0.9163194780329542
9,3,0.8314823305658073
9,4,0.9105092846726618
80,0,0.9034008853617572
80,1,0.880257833845954
80,2,0.9099579900050201
80,3,0.903935169012878
80,4,0.9210950050304836
