seed,sample,ranking_score
1,0,0.8254355164755147
1,1,0.8252000053541786
1,2,0.836730636327948
1,3,0.830933239300764
1,4,0.8335495980244355
