seed,sample,ranking_score
44,0,0.9623409332849093
44,1,0.8671483702312525
44,2,0.9385598322817421
44,3,0.9628780492794073
44,4,0.9621776960656956
9,0,0.9613480376538267
9,1,0.944394392492973
9,2,0.9438030979010484
9,3,0.9497793276298503
9,4,0.9438337190313142
80,0,0.9409036549686264
80,1,0.9461327052558995
80,2,0.9380498641057242
80,3,0.9421027950926335
80,4,0.9615728817431669
