seed,sample,ranking_score
1,0,0.8257059459061427
1,1,0.8351991897412764
1,2,0.8454048660740485
1,3,0.8266237245162017
1,4,0.8420646891504687
