seed,sample,ranking_score
1,0,0.8111275642608552
1,1,0.8092695740121671
1,2,0.8087963832806319
1,3,0.7971136681130907
1,4,0.7930255855179937
