seed,sample,ranking_score
1,0,0.8016745664558868
1,1,0.8263703618079573
1,2,0.8539372704812977
1,3,0.7970431950102094
1,4,0.8487074538964222
