seed,sample,ranking_score
1,0,0.9396785619211128
1,1,0.9611855904989293
1,2,0.961066894864189
1,3,0.9590929019073349
1,4,0.9530965506115798
