{
    "confidence_score": 0.945499837398529,
    "ptm": 0.9575963020324707,
    "iptm": 0.9672008156776428,
    "ligand_iptm": 0.9672008156776428,
    "protein_iptm": 0.0,
    "complex_plddt": 0.9400745630264282,
    "complex_iplddt": 0.8861054182052612,
    "complex_pde": 0.40082481503486633,
    "complex_ipde": 0.6077502965927124,
    "chains_ptm": {
        "0": 0.957103431224823,
        "1": 0.9057164192199707
    },
    "pair_chains_iptm": {
        "0": {
            "0": 0.957103431224823,
            "1": 0.5679538249969482
        },
        "1": {
            "0": 0.9672008156776428,
            "1": 0.9057164192199707
        }
    }
}