{
    "confidence_score": 0.9193696975708008,
    "ptm": 0.9447433948516846,
    "iptm": 0.91697758436203,
    "ligand_iptm": 0.91697758436203,
    "protein_iptm": 0.0,
    "complex_plddt": 0.919967770576477,
    "complex_iplddt": 0.818328320980072,
    "complex_pde": 0.488439679145813,
    "complex_ipde": 0.9802933931350708,
    "chains_ptm": {
        "0": 0.9473916292190552,
        "1": 0.9094804525375366
    },
    "pair_chains_iptm": {
        "0": {
            "0": 0.9473916292190552,
            "1": 0.45653969049453735
        },
        "1": {
            "0": 0.91697758436203,
            "1": 0.9094804525375366
        }
    }
}