{
    "confidence_score": 0.9303580522537231,
    "ptm": 0.9667264819145203,
    "iptm": 0.8387223482131958,
    "ligand_iptm": 0.8387223482131958,
    "protein_iptm": 0.0,
    "complex_plddt": 0.9532669186592102,
    "complex_iplddt": 0.8880684971809387,
    "complex_pde": 0.4436713755130768,
    "complex_ipde": 2.266953706741333,
    "chains_ptm": {
        "0": 0.9719104170799255,
        "1": 0.9629483819007874
    },
    "pair_chains_iptm": {
        "0": {
            "0": 0.9719104170799255,
            "1": 0.36089301109313965
        },
        "1": {
            "0": 0.8387223482131958,
            "1": 0.9629483819007874
        }
    }
}