{
    "confidence_score": 0.9454525113105774,
    "ptm": 0.9633546471595764,
    "iptm": 0.972182035446167,
    "ligand_iptm": 0.972182035446167,
    "protein_iptm": 0.0,
    "complex_plddt": 0.9387701749801636,
    "complex_iplddt": 0.8983753323554993,
    "complex_pde": 0.37394818663597107,
    "complex_ipde": 0.5387946367263794,
    "chains_ptm": {
        "0": 0.96269690990448,
        "1": 0.9242457747459412
    },
    "pair_chains_iptm": {
        "0": {
            "0": 0.96269690990448,
            "1": 0.6641609072685242
        },
        "1": {
            "0": 0.972182035446167,
            "1": 0.9242457747459412
        }
    }
}