{
    "confidence_score": 0.9369392395019531,
    "ptm": 0.9482242465019226,
    "iptm": 0.9332969188690186,
    "ligand_iptm": 0.9332969188690186,
    "protein_iptm": 0.0,
    "complex_plddt": 0.9378498792648315,
    "complex_iplddt": 0.8885831832885742,
    "complex_pde": 0.48028552532196045,
    "complex_ipde": 0.888052225112915,
    "chains_ptm": {
        "0": 0.949454128742218,
        "1": 0.9006279110908508
    },
    "pair_chains_iptm": {
        "0": {
            "0": 0.949454128742218,
            "1": 0.5655439496040344
        },
        "1": {
            "0": 0.9332969188690186,
            "1": 0.9006279110908508
        }
    }
}