{
    "confidence_score": 0.9539036750793457,
    "ptm": 0.9660634994506836,
    "iptm": 0.9770182967185974,
    "ligand_iptm": 0.9770182967185974,
    "protein_iptm": 0.0,
    "complex_plddt": 0.9481250643730164,
    "complex_iplddt": 0.9384264349937439,
    "complex_pde": 0.3593141436576843,
    "complex_ipde": 0.5236830711364746,
    "chains_ptm": {
        "0": 0.9652014374732971,
        "1": 0.9316105246543884
    },
    "pair_chains_iptm": {
        "0": {
            "0": 0.9652014374732971,
            "1": 0.6732909679412842
        },
        "1": {
            "0": 0.9770182967185974,
            "1": 0.9316105246543884
        }
    }
}