{
    "confidence_score": 0.9449631571769714,
    "ptm": 0.9629058241844177,
    "iptm": 0.9736262559890747,
    "ligand_iptm": 0.9736262559890747,
    "protein_iptm": 0.0,
    "complex_plddt": 0.9377973675727844,
    "complex_iplddt": 0.9164659976959229,
    "complex_pde": 0.3777655065059662,
    "complex_ipde": 0.523239016532898,
    "chains_ptm": {
        "0": 0.9622154831886292,
        "1": 0.9359757900238037
    },
    "pair_chains_iptm": {
        "0": {
            "0": 0.9622154831886292,
            "1": 0.6774649024009705
        },
        "1": {
            "0": 0.9736262559890747,
            "1": 0.9359757900238037
        }
    }
}