seed,sample,ranking_score
1,0,0.7656685477602176
1,1,0.825574549323415
1,2,0.8310075567523565
1,3,0.8137952169220234
1,4,0.81316625519094
