{
    "confidence_score": 0.9452416300773621,
    "ptm": 0.9610179662704468,
    "iptm": 0.9390698075294495,
    "ligand_iptm": 0.9390698075294495,
    "protein_iptm": 0.0,
    "complex_plddt": 0.9467845559120178,
    "complex_iplddt": 0.8980474472045898,
    "complex_pde": 0.3872569501399994,
    "complex_ipde": 0.8003383874893188,
    "chains_ptm": {
        "0": 0.9621906876564026,
        "1": 0.9538790583610535
    },
    "pair_chains_iptm": {
        "0": {
            "0": 0.9621906876564026,
            "1": 0.4928945004940033
        },
        "1": {
            "0": 0.9390698075294495,
            "1": 0.9538790583610535
        }
    }
}