seed,sample,ranking_score
1,0,0.8474302974395167
1,1,0.8489329765736953
1,2,0.8628075789219102
1,3,0.8440958456228598
1,4,0.8439816532067635
