{
    "confidence_score": 0.945051372051239,
    "ptm": 0.9601802825927734,
    "iptm": 0.9582200050354004,
    "ligand_iptm": 0.9582200050354004,
    "protein_iptm": 0.0,
    "complex_plddt": 0.9417592883110046,
    "complex_iplddt": 0.9105969667434692,
    "complex_pde": 0.39206066727638245,
    "complex_ipde": 0.6574819684028625,
    "chains_ptm": {
        "0": 0.960318386554718,
        "1": 0.9383829236030579
    },
    "pair_chains_iptm": {
        "0": {
            "0": 0.960318386554718,
            "1": 0.5725818872451782
        },
        "1": {
            "0": 0.9582200050354004,
            "1": 0.9383829236030579
        }
    }
}