seed,sample,ranking_score
44,0,0.819117928042295
44,1,0.8472100702929101
44,2,0.8261628579293988
44,3,0.8186577615620805
44,4,0.8388773488541077
9,0,0.7831531883833466
9,1,0.8212512042143052
9,2,0.8139315513108005
9,3,0.8235676465165355
9,4,0.8052736635337282
80,0,0.825538797662571
80,1,0.7639575656958306
80,2,0.8140187284868351
80,3,0.8206571498943203
80,4,0.8057375132547834
