{
    "confidence_score": 0.9545564651489258,
    "ptm": 0.9470071196556091,
    "iptm": 0.9441365599632263,
    "ligand_iptm": 0.9441365599632263,
    "protein_iptm": 0.0,
    "complex_plddt": 0.9571614861488342,
    "complex_iplddt": 0.9233159422874451,
    "complex_pde": 0.4507827162742615,
    "complex_ipde": 0.8956573009490967,
    "chains_ptm": {
        "0": 0.9471344947814941,
        "1": 0.9576481580734253
    },
    "pair_chains_iptm": {
        "0": {
            "0": 0.9471344947814941,
            "1": 0.484360933303833
        },
        "1": {
            "0": 0.9441365599632263,
            "1": 0.9576481580734253
        }
    }
}