seed,sample,ranking_score
1,0,0.864823186907451
1,1,0.8583927655656916
1,2,0.8375259359856888
1,3,0.8119542464673315
1,4,0.8137733140097531
