{
    "confidence_score": 0.9507619142532349,
    "ptm": 0.9600622653961182,
    "iptm": 0.968288242816925,
    "ligand_iptm": 0.968288242816925,
    "protein_iptm": 0.0,
    "complex_plddt": 0.9463803172111511,
    "complex_iplddt": 0.9244648814201355,
    "complex_pde": 0.39647457003593445,
    "complex_ipde": 0.6187593936920166,
    "chains_ptm": {
        "0": 0.9597212672233582,
        "1": 0.9338026642799377
    },
    "pair_chains_iptm": {
        "0": {
            "0": 0.9597212672233582,
            "1": 0.6401028037071228
        },
        "1": {
            "0": 0.968288242816925,
            "1": 0.9338026642799377
        }
    }
}