{
    "confidence_score": 0.9448513984680176,
    "ptm": 0.9517116546630859,
    "iptm": 0.9268771409988403,
    "ligand_iptm": 0.9268771409988403,
    "protein_iptm": 0.0,
    "complex_plddt": 0.9493449926376343,
    "complex_iplddt": 0.8957945108413696,
    "complex_pde": 0.43676498532295227,
    "complex_ipde": 0.9439917802810669,
    "chains_ptm": {
        "0": 0.95322585105896,
        "1": 0.9471604824066162
    },
    "pair_chains_iptm": {
        "0": {
            "0": 0.95322585105896,
            "1": 0.5431665182113647
        },
        "1": {
            "0": 0.9268771409988403,
            "1": 0.9471604824066162
        }
    }
}