{
    "confidence_score": 0.9553796052932739,
    "ptm": 0.9640579223632812,
    "iptm": 0.9882749915122986,
    "ligand_iptm": 0.9882749915122986,
    "protein_iptm": 0.0,
    "complex_plddt": 0.947155773639679,
    "complex_iplddt": 0.9440310597419739,
    "complex_pde": 0.3605092465877533,
    "complex_ipde": 0.4108792841434479,
    "chains_ptm": {
        "0": 0.9631535410881042,
        "1": 0.9879593253135681
    },
    "pair_chains_iptm": {
        "0": {
            "0": 0.9631535410881042,
            "1": 0.8011652827262878
        },
        "1": {
            "0": 0.9882749915122986,
            "1": 0.9879593253135681
        }
    }
}