{
    "confidence_score": 0.942480742931366,
    "ptm": 0.9534813165664673,
    "iptm": 0.9412490129470825,
    "ligand_iptm": 0.9412490129470825,
    "protein_iptm": 0.0,
    "complex_plddt": 0.9427887201309204,
    "complex_iplddt": 0.888430118560791,
    "complex_pde": 0.4293847978115082,
    "complex_ipde": 0.7835038304328918,
    "chains_ptm": {
        "0": 0.9542877674102783,
        "1": 0.9591271877288818
    },
    "pair_chains_iptm": {
        "0": {
            "0": 0.9542877674102783,
            "1": 0.5707149505615234
        },
        "1": {
            "0": 0.9412490129470825,
            "1": 0.9591271877288818
        }
    }
}