{
    "confidence_score": 0.934760570526123,
    "ptm": 0.9587604403495789,
    "iptm": 0.9273014664649963,
    "ligand_iptm": 0.9273014664649963,
    "protein_iptm": 0.0,
    "complex_plddt": 0.9366253018379211,
    "complex_iplddt": 0.8725683689117432,
    "complex_pde": 0.41930344700813293,
    "complex_ipde": 0.8674189448356628,
    "chains_ptm": {
        "0": 0.9616087675094604,
        "1": 0.9375367760658264
    },
    "pair_chains_iptm": {
        "0": {
            "0": 0.9616087675094604,
            "1": 0.5631779432296753
        },
        "1": {
            "0": 0.9273014664649963,
            "1": 0.9375367760658264
        }
    }
}