{
    "confidence_score": 0.9560314416885376,
    "ptm": 0.9477717280387878,
    "iptm": 0.9678577780723572,
    "ligand_iptm": 0.9678577780723572,
    "protein_iptm": 0.0,
    "complex_plddt": 0.9530748128890991,
    "complex_iplddt": 0.9407965540885925,
    "complex_pde": 0.4436315894126892,
    "complex_ipde": 0.6676056981086731,
    "chains_ptm": {
        "0": 0.9468843936920166,
        "1": 0.953533411026001
    },
    "pair_chains_iptm": {
        "0": {
            "0": 0.9468843936920166,
            "1": 0.6116470694541931
        },
        "1": {
            "0": 0.9678577780723572,
            "1": 0.953533411026001
        }
    }
}