{
    "confidence_score": 0.9384404420852661,
    "ptm": 0.9412177801132202,
    "iptm": 0.9486076831817627,
    "ligand_iptm": 0.9486076831817627,
    "protein_iptm": 0.0,
    "complex_plddt": 0.9358986020088196,
    "complex_iplddt": 0.8954081535339355,
    "complex_pde": 0.4993009567260742,
    "complex_ipde": 0.7587255239486694,
    "chains_ptm": {
        "0": 0.9406406283378601,
        "1": 0.8710861206054688
    },
    "pair_chains_iptm": {
        "0": {
            "0": 0.9406406283378601,
            "1": 0.61366206407547
        },
        "1": {
            "0": 0.9486076831817627,
            "1": 0.8710861206054688
        }
    }
}